backend,bug,seed,violations,invariant,message,faults,crash_points,converge_ms,events,ticks,workloads,wall_s
kube-fake,no_epoch_check,1,0,,,"{""preempt"": 1, ""race_cancel"": 1, ""store_tx_fail"": 1}",{},41938,188,186,32,0.5606
kube-fake,no_epoch_check,2,0,,,"{""job_pending"": 1, ""policy_fault"": 2, ""zombie"": 1}",{},88182,138,140,29,0.3798
kube-fake,no_epoch_check,3,0,,,"{""node_down"": 1, ""observe_stale"": 1, ""store_outage"": 1, ""zombie"": 2}",{},175553,244,224,47,0.8614
kube-fake,no_epoch_check,4,0,,,"{""job_pending"": 1, ""pod_evicted"": 1}",{},120675,174,201,35,0.5799
kube-fake,no_epoch_check,5,0,,,"{""api_errors"": 1, ""crash"": 1}","{""submit.after_commit"": 1}",192541,106,127,23,0.2784
kube-fake,no_epoch_check,6,0,,,"{""cap_change"": 1, ""policy_fault"": 2, ""race_cancel"": 1}",{},161723,94,113,20,0.1927
kube-fake,no_epoch_check,7,0,,,"{""race_cancel"": 1}",{},116102,121,146,24,0.3425
kube-fake,no_epoch_check,8,0,,,"{""crash"": 3, ""observe_down"": 1, ""store_outage"": 1}","{""requeue.before_commit"": 1, ""stop.before_call"": 1, ""submit.after_commit"": 1}",116491,130,154,26,0.3212
kube-fake,no_epoch_check,9,0,,,"{""cap_change"": 1, ""observe_down"": 1, ""observe_stale"": 1, ""race_cancel"": 1, ""store_outage"": 1}",{},43957,109,134,21,0.267
kube-fake,no_epoch_check,10,0,,,"{""crash"": 1, ""policy_fault"": 1, ""zombie"": 1}","{""start.after_commit"": 1}",8147,120,140,27,0.3538
kube-fake,no_epoch_check,11,0,,,"{""cap_change"": 1, ""node_down"": 1, ""pod_evicted"": 1, ""race_cancel"": 1}",{},54289,146,172,31,0.4081
kube-fake,no_epoch_check,12,0,,,"{""api_errors"": 1}",{},104150,196,210,40,0.6432
kube-fake,no_epoch_check,13,0,,,"{""crash"": 1, ""pod_evicted"": 1, ""race_cancel"": 1}","{""ended.before_forget"": 1}",313702,198,221,37,0.5738
kube-fake,no_epoch_check,14,0,,,"{""observe_stale"": 1, ""policy_fault"": 1}",{},47028,148,173,28,0.3717
kube-fake,no_epoch_check,15,0,,,"{""api_errors"": 1, ""job_pending"": 1}",{},89817,172,204,38,0.549
kube-fake,no_epoch_check,16,0,,,"{""race_cancel"": 1}",{},93717,92,102,23,0.181
kube-fake,no_epoch_check,17,0,,,"{""cap_change"": 1, ""store_tx_fail"": 1, ""zombie"": 2}",{},81070,158,150,34,0.4289
kube-fake,no_epoch_check,18,0,,,"{""observe_down"": 1, ""zombie"": 3}",{},61050,150,144,35,0.3996
kube-fake,no_epoch_check,19,0,,,"{""api_errors"": 1}",{},76050,96,112,20,0.2159
kube-fake,no_epoch_check,20,0,,,"{""crash"": 1, ""store_outage"": 1}","{""ended.before_forget"": 1}",71070,126,145,21,0.2753
kube-fake,no_epoch_check,21,0,,,"{""api_errors"": 1, ""node_down"": 1, ""observe_stale"": 1}",{},183204,203,239,39,0.6036
kube-fake,no_epoch_check,22,0,,,"{""api_errors"": 1, ""observe_stale"": 1, ""policy_fault"": 1}",{},119835,140,162,28,0.3813
kube-fake,no_epoch_check,23,0,,,"{""crash"": 1, ""policy_fault"": 1, ""race_cancel"": 1}","{""ended.before_forget"": 1}",956,142,158,27,0.3568
kube-fake,no_epoch_check,24,0,,,"{""observe_stale"": 1, ""race_cancel"": 1}",{},158587,206,227,40,0.7182
kube-fake,no_epoch_check,25,0,,,"{""pod_evicted"": 1, ""store_outage"": 1, ""zombie"": 1}",{},21611,204,195,36,0.6555
kube-fake,no_epoch_check,26,0,,,"{""observe_down"": 1}",{},144119,188,205,33,0.5999
kube-fake,no_epoch_check,27,0,,,"{""store_tx_fail"": 1}",{},141146,182,210,36,0.6414
kube-fake,no_epoch_check,28,0,,,"{""api_errors"": 1}",{},35051,136,150,27,0.3774
kube-fake,no_epoch_check,29,0,,,"{""race_cancel"": 1}",{},112635,136,147,26,0.3543
kube-fake,no_epoch_check,30,0,,,"{""observe_stale"": 2, ""race_cancel"": 1}",{},94405,128,140,26,0.359
kube-fake,no_epoch_check,31,0,,,"{""pod_evicted"": 1, ""store_outage"": 1, ""store_tx_fail"": 1}",{},72058,108,140,22,0.2546
kube-fake,no_epoch_check,32,0,,,"{""job_pending"": 1, ""node_down"": 1, ""race_cancel"": 2, ""zombie"": 1}",{},163679,220,234,40,0.7272
kube-fake,no_epoch_check,33,0,,,"{""observe_down"": 1, ""policy_fault"": 1, ""preempt"": 1, ""race_cancel"": 1, ""store_tx_fail"": 1}",{},155761,138,159,25,0.3308
kube-fake,no_epoch_check,34,0,,,"{""crash"": 1, ""observe_down"": 1, ""observe_stale"": 1, ""zombie"": 1}","{""requeue.before_commit"": 1}",113978,122,12938,26,17.1646
kube-fake,no_epoch_check,35,0,,,"{""store_tx_fail"": 1, ""zombie"": 1}",{},151146,241,237,39,0.7851
kube-fake,no_epoch_check,36,0,,,"{""cap_change"": 1, ""job_pending"": 1, ""observe_stale"": 2, ""store_outage"": 1, ""zombie"": 1}",{},76515,112,142,24,0.2746
kube-fake,no_epoch_check,37,0,,,"{""policy_fault"": 3, ""preempt"": 1, ""zombie"": 1}",{},69589,198,203,35,0.5656
kube-fake,no_epoch_check,38,0,,,"{""crash"": 1, ""race_cancel"": 1, ""store_outage"": 1}","{""submit.after_commit"": 1}",111532,112,141,25,0.2275
kube-fake,no_epoch_check,39,0,,,"{""node_down"": 1, ""observe_down"": 1, ""observe_stale"": 2, ""race_cancel"": 1, ""zombie"": 1}",{},117256,249,244,40,0.8261
kube-fake,no_epoch_check,40,0,,,"{""job_pending"": 1}",{},154849,116,123,24,0.2566
kube-fake,no_epoch_check,41,0,,,"{""store_tx_fail"": 1}",{},188873,152,174,33,0.3916
kube-fake,no_epoch_check,42,0,,,"{""cap_change"": 1, ""observe_stale"": 2, ""pod_evicted"": 1, ""preempt"": 1, ""race_cancel"": 1}",{},0,140,169,30,0.3029
kube-fake,no_epoch_check,43,0,,,"{""api_errors"": 1, ""crash"": 1, ""job_pending"": 1, ""observe_down"": 1, ""zombie"": 1}","{""start.after_commit"": 1}",57723,158,166,32,0.3946
kube-fake,no_epoch_check,44,0,,,"{""job_pending"": 1, ""observe_stale"": 1, ""pod_evicted"": 1, ""store_outage"": 1, ""store_tx_fail"": 1}",{},74175,194,237,37,0.5304
kube-fake,no_epoch_check,45,0,,,"{""cap_change"": 1, ""crash"": 1}","{""ended.before_forget"": 1}",142298,174,156,38,0.3799
kube-fake,no_epoch_check,46,0,,,"{""node_down"": 1, ""store_tx_fail"": 1}",{},0,107,135,21,0.2222
kube-fake,no_epoch_check,47,0,,,"{""crash"": 1, ""node_down"": 1}","{""start.after_commit"": 1}",190101,119,137,24,0.308
kube-fake,no_epoch_check,48,0,,,"{""observe_down"": 1, ""observe_stale"": 1, ""preempt"": 1}",{},120109,188,219,35,0.5797
kube-fake,no_epoch_check,49,0,,,"{""crash"": 1, ""node_down"": 1, ""pod_evicted"": 1}","{""start.after_commit"": 1}",139840,119,149,20,0.2572
kube-fake,no_epoch_check,50,0,,,"{""cap_change"": 1, ""crash"": 1, ""pod_evicted"": 1, ""store_tx_fail"": 1}","{""submit.after_commit"": 1}",70053,136,158,26,0.2937
kube-fake,no_epoch_check,51,0,,,"{""preempt"": 1}",{},121736,204,207,33,0.508
kube-fake,no_epoch_check,52,0,,,"{""pod_evicted"": 1}",{},127718,220,226,40,0.533
kube-fake,no_epoch_check,53,0,,,"{""api_errors"": 1, ""observe_stale"": 1}",{},73806,183,196,34,0.4173
kube-fake,no_epoch_check,54,0,,,"{""node_down"": 2, ""race_cancel"": 3, ""store_outage"": 1}",{},71637,113,147,23,0.2804
kube-fake,no_epoch_check,55,0,,,"{""node_down"": 1, ""race_cancel"": 1}",{},137041,97,126,22,0.2075
kube-fake,no_epoch_check,56,0,,,"{""api_errors"": 1, ""job_pending"": 1, ""pod_evicted"": 1}",{},169226,188,210,38,0.5485
kube-fake,no_epoch_check,57,0,,,"{""observe_stale"": 1, ""pod_evicted"": 1, ""store_outage"": 1}",{},166793,208,256,38,0.5755
kube-fake,no_epoch_check,58,0,,,"{""node_down"": 1}",{},116493,179,203,35,0.4621
kube-fake,no_epoch_check,59,0,,,"{""crash"": 1, ""job_pending"": 1}","{""requeue.before_commit"": 1}",180262,148,174,27,0.367
kube-fake,no_epoch_check,60,0,,,"{""api_errors"": 1, ""crash"": 1, ""race_cancel"": 1}","{""start.after_call"": 1}",118629,123,145,28,0.3067
kube-fake,no_epoch_check,61,0,,,"{""race_cancel"": 1}",{},134432,178,209,34,0.4356
kube-fake,no_epoch_check,62,0,,,"{""crash"": 1, ""observe_down"": 1, ""store_outage"": 1}","{""submit.after_commit"": 1}",194626,140,169,27,0.3579
kube-fake,no_epoch_check,63,0,,,"{""node_down"": 1}",{},81731,116,130,24,0.2021
kube-fake,no_epoch_check,64,0,,,"{""observe_stale"": 1, ""preempt"": 1}",{},141446,198,216,32,0.4167
kube-fake,no_epoch_check,65,0,,,"{""zombie"": 1}",{},135875,142,155,30,0.3233
kube-fake,no_epoch_check,66,0,,,{},{},66117,174,192,33,0.3949
kube-fake,no_epoch_check,67,0,,,"{""crash"": 2, ""node_down"": 2, ""pod_evicted"": 1}","{""ended.before_forget"": 1, ""start.after_call"": 1}",11573,128,156,26,0.252
kube-fake,no_epoch_check,68,0,,,"{""node_down"": 1, ""pod_evicted"": 1, ""race_cancel"": 1}",{},313462,182,197,36,0.4949
kube-fake,no_epoch_check,69,0,,,"{""node_down"": 1, ""observe_stale"": 1}",{},202472,157,180,29,0.331
kube-fake,no_epoch_check,70,0,,,"{""node_down"": 1}",{},151312,200,214,34,0.5523
kube-fake,no_epoch_check,71,0,,,"{""api_errors"": 1, ""job_pending"": 1, ""store_outage"": 1, ""store_tx_fail"": 1}",{},179340,196,233,37,0.509
kube-fake,no_epoch_check,72,0,,,"{""node_down"": 1}",{},153129,106,123,24,0.2355
kube-fake,no_epoch_check,73,0,,,"{""observe_down"": 1, ""race_cancel"": 1, ""zombie"": 1}",{},117414,125,141,28,0.2699
kube-fake,no_epoch_check,74,0,,,"{""race_cancel"": 1}",{},160238,162,178,36,0.3932
kube-fake,no_epoch_check,75,0,,,"{""observe_stale"": 1}",{},168375,92,109,20,0.1682
kube-fake,no_epoch_check,76,0,,,"{""job_pending"": 1, ""observe_stale"": 1, ""zombie"": 3}",{},46814,132,108,27,0.2959
kube-fake,no_epoch_check,77,0,,,"{""api_errors"": 1, ""crash"": 2, ""pod_evicted"": 1, ""preempt"": 1, ""store_outage"": 1}","{""ended.before_forget"": 2}",157618,122,151,24,0.2446
kube-fake,no_epoch_check,78,0,,,"{""crash"": 2, ""job_pending"": 1, ""node_down"": 1, ""preempt"": 1}","{""requeue.before_commit"": 1, ""start.after_commit"": 1}",179072,163,173,23,0.3516
kube-fake,no_epoch_check,79,0,,,"{""job_pending"": 1, ""policy_fault"": 1}",{},129423,106,124,21,0.1914
kube-fake,no_epoch_check,80,0,,,"{""observe_down"": 1, ""race_cancel"": 3, ""store_outage"": 1}",{},89388,158,193,32,0.3786
kube-fake,no_epoch_check,81,0,,,"{""pod_evicted"": 1, ""store_tx_fail"": 1}",{},151785,202,222,34,0.4395
kube-fake,no_epoch_check,82,0,,,"{""crash"": 1, ""pod_evicted"": 1, ""store_outage"": 2}","{""submit.after_commit"": 1}",260330,124,153,25,0.2458
kube-fake,no_epoch_check,83,0,,,"{""pod_evicted"": 1, ""race_cancel"": 1}",{},146480,188,215,38,0.4869
kube-fake,no_epoch_check,84,0,,,"{""crash"": 1, ""preempt"": 1, ""race_cancel"": 1}","{""submit.after_commit"": 1}",134770,154,167,32,0.3463
kube-fake,no_epoch_check,85,0,,,"{""observe_stale"": 1, ""pod_evicted"": 1, ""store_tx_fail"": 1}",{},106782,99,120,21,0.171
kube-fake,no_epoch_check,86,0,,,"{""crash"": 1, ""race_cancel"": 1, ""store_outage"": 1, ""store_tx_fail"": 1, ""zombie"": 1}","{""requeue.before_commit"": 1}",162440,229,245,44,0.6519
kube-fake,no_epoch_check,87,0,,,"{""pod_evicted"": 1}",{},133056,114,125,22,0.2005
kube-fake,no_epoch_check,88,0,,,"{""api_errors"": 1, ""job_pending"": 2, ""race_cancel"": 2}",{},87085,196,205,37,0.4899
kube-fake,no_epoch_check,89,0,,,"{""crash"": 2, ""observe_stale"": 1, ""pod_evicted"": 1, ""race_cancel"": 1}","{""start.after_commit"": 1, ""stop.before_call"": 1}",125533,186,210,36,0.5527
kube-fake,no_epoch_check,90,0,,,"{""observe_stale"": 1, ""policy_fault"": 1, ""preempt"": 1}",{},123174,170,194,34,0.4461
kube-fake,no_epoch_check,91,0,,,"{""cap_change"": 1}",{},50109,172,175,35,0.3971
kube-fake,no_epoch_check,92,0,,,"{""crash"": 2, ""preempt"": 1, ""race_cancel"": 1, ""zombie"": 1}","{""ended.before_forget"": 2}",239560,207,184,43,0.5369
kube-fake,no_epoch_check,93,0,,,"{""crash"": 2, ""race_cancel"": 2, ""store_outage"": 1}","{""ended.before_forget"": 2}",6721,140,166,30,0.3178
kube-fake,no_epoch_check,94,0,,,"{""crash"": 1, ""job_pending"": 1, ""observe_stale"": 1, ""pod_evicted"": 1, ""race_cancel"": 1}","{""stopped.before_commit"": 1}",32938,173,203,31,0.5128
kube-fake,no_epoch_check,95,0,,,"{""job_pending"": 1, ""observe_stale"": 1, ""pod_evicted"": 1, ""policy_fault"": 1, ""store_tx_fail"": 1}",{},185110,168,225,34,0.6383
kube-fake,no_epoch_check,96,0,,,"{""job_pending"": 1, ""zombie"": 2}",{},91335,168,177,33,0.5598
kube-fake,no_epoch_check,97,0,,,"{""zombie"": 1}",{},116179,150,166,28,0.4092
kube-fake,no_epoch_check,98,0,,,"{""crash"": 1, ""pod_evicted"": 1, ""store_outage"": 1, ""zombie"": 2}","{""ended.before_forget"": 1}",53797,124,114,26,0.3571
kube-fake,no_epoch_check,99,0,,,"{""crash"": 2}","{""start.after_commit"": 1, ""stop.before_call"": 1}",163478,224,237,37,0.8081
kube-fake,no_epoch_check,100,0,,,"{""api_errors"": 1, ""cap_change"": 1, ""observe_stale"": 1, ""race_cancel"": 1}",{},67827,135,162,26,0.3494
kube-fake,no_epoch_check,101,0,,,"{""node_down"": 1, ""race_cancel"": 1}",{},113933,179,199,40,0.6091
kube-fake,no_epoch_check,102,0,,,"{""observe_stale"": 1, ""race_cancel"": 1, ""zombie"": 1}",{},66361,131,133,29,0.3765
kube-fake,no_epoch_check,103,0,,,"{""api_errors"": 1, ""zombie"": 1}",{},320745,184,172,38,0.6279
kube-fake,no_epoch_check,104,0,,,"{""api_errors"": 1, ""observe_down"": 1, ""policy_fault"": 1, ""race_cancel"": 1, ""store_tx_fail"": 1}",{},68105,117,136,25,0.2899
kube-fake,no_epoch_check,105,0,,,"{""pod_evicted"": 1}",{},156160,154,178,33,0.4934
kube-fake,no_epoch_check,106,0,,,"{""crash"": 1, ""preempt"": 1, ""race_cancel"": 1, ""store_tx_fail"": 1}","{""stop.before_call"": 1}",34134,206,237,39,0.7482
kube-fake,no_epoch_check,107,0,,,"{""store_tx_fail"": 1}",{},68735,138,169,29,0.4008
kube-fake,no_epoch_check,108,0,,,"{""observe_stale"": 2}",{},137227,191,218,34,0.6376
kube-fake,no_epoch_check,109,0,,,"{""policy_fault"": 1}",{},159745,150,176,29,0.4507
kube-fake,no_epoch_check,110,0,,,"{""observe_stale"": 1, ""race_cancel"": 1, ""zombie"": 1}",{},95537,134,145,24,0.3912
kube-fake,no_epoch_check,111,0,,,"{""job_pending"": 1, ""observe_down"": 1, ""observe_stale"": 1, ""pod_evicted"": 1, ""preempt"": 1, ""store_outage"": 1}",{},62416,128,134,27,0.3907
kube-fake,no_epoch_check,112,0,,,"{""store_tx_fail"": 2}",{},136570,110,122,21,0.225
kube-fake,no_epoch_check,113,0,,,"{""crash"": 1, ""job_pending"": 1, ""race_cancel"": 2}","{""ended.before_forget"": 1}",30534,128,146,25,0.4089
kube-fake,no_epoch_check,114,0,,,"{""zombie"": 1}",{},157646,152,151,34,0.5349
kube-fake,no_epoch_check,115,0,,,"{""crash"": 1, ""job_pending"": 1}","{""requeue.before_commit"": 1}",142837,156,180,32,0.4449
kube-fake,no_epoch_check,116,0,,,"{""observe_stale"": 1, ""store_outage"": 1}",{},17033,206,233,38,0.683
kube-fake,no_epoch_check,117,0,,,"{""observe_down"": 1, ""observe_stale"": 1, ""preempt"": 1, ""store_outage"": 1, ""store_tx_fail"": 1, ""zombie"": 1}",{},174012,140,172,28,0.431
kube-fake,no_epoch_check,118,0,,,"{""crash"": 1, ""observe_stale"": 1}","{""stop.before_call"": 1}",152532,122,140,23,0.3008
kube-fake,no_epoch_check,119,0,,,"{""job_pending"": 1, ""pod_evicted"": 1, ""preempt"": 1, ""race_cancel"": 1}",{},8541,128,158,30,0.3584
kube-fake,no_epoch_check,120,0,,,"{""job_pending"": 2}",{},76655,186,208,35,0.6203
kube-fake,no_epoch_check,121,0,,,"{""preempt"": 1}",{},108146,148,161,31,0.3804
kube-fake,no_epoch_check,122,0,,,"{""crash"": 2, ""node_down"": 1}","{""requeue.before_commit"": 1, ""start.after_commit"": 1}",107785,131,137,27,0.3326
kube-fake,no_epoch_check,123,0,,,"{""job_pending"": 1, ""observe_down"": 1, ""preempt"": 1, ""zombie"": 1}",{},164473,144,139,30,0.3037
kube-fake,no_epoch_check,124,0,,,"{""cap_change"": 1, ""store_outage"": 1}",{},49018,128,137,24,0.3095
kube-fake,no_epoch_check,125,0,,,"{""cap_change"": 1, ""crash"": 1, ""policy_fault"": 1}","{""stop.before_call"": 1}",76465,136,152,30,0.3611
kube-fake,no_epoch_check,126,1,I5,seq 18: written under lease epoch 1 after epoch 2 (a controller that lost the lease wrote),"{""zombie"": 1}",{},,18,6,7,0.0159
kube-fake,no_epoch_check,127,0,,,"{""crash"": 1, ""observe_stale"": 3, ""preempt"": 1, ""zombie"": 1}","{""start.after_call"": 1}",135913,194,191,35,0.5476
kube-fake,no_epoch_check,128,0,,,"{""observe_down"": 1}",{},117487,146,165,32,0.4319
kube-fake,no_epoch_check,129,0,,,"{""crash"": 1, ""pod_evicted"": 1, ""store_tx_fail"": 1, ""zombie"": 1}","{""start.after_call"": 1}",40131,120,107,24,0.2401
kube-fake,no_epoch_check,130,0,,,"{""race_cancel"": 1, ""store_outage"": 1, ""store_tx_fail"": 1, ""zombie"": 1}",{},139686,202,198,38,0.5783
kube-fake,no_epoch_check,131,0,,,"{""api_errors"": 1, ""crash"": 1}","{""start.after_commit"": 1}",137966,142,165,26,0.3716
kube-fake,no_epoch_check,132,0,,,"{""node_down"": 1, ""observe_down"": 1, ""race_cancel"": 1, ""store_outage"": 1, ""zombie"": 1}",{},147569,221,234,45,0.797
kube-fake,no_epoch_check,133,0,,,"{""crash"": 1, ""observe_stale"": 1, ""race_cancel"": 1}","{""submit.after_commit"": 1}",34899,132,154,29,0.3282
kube-fake,no_epoch_check,134,0,,,"{""pod_evicted"": 1, ""race_cancel"": 1}",{},135396,143,166,26,0.3451
kube-fake,no_epoch_check,135,0,,,"{""api_errors"": 2, ""cap_change"": 1, ""observe_stale"": 1}",{},0,152,181,31,0.4557
kube-fake,no_epoch_check,136,0,,,"{""store_outage"": 1, ""zombie"": 1}",{},259160,204,183,39,0.529
kube-fake,no_epoch_check,137,0,,,"{""crash"": 1, ""pod_evicted"": 1, ""store_tx_fail"": 1, ""zombie"": 1}","{""submit.after_commit"": 1}",116150,190,205,38,0.6122
kube-fake,no_epoch_check,138,0,,,"{""observe_stale"": 2}",{},56899,196,214,35,0.6887
kube-fake,no_epoch_check,139,0,,,"{""observe_stale"": 1}",{},34740,203,220,36,0.6208
kube-fake,no_epoch_check,140,0,,,"{""observe_stale"": 1, ""policy_fault"": 1, ""race_cancel"": 2}",{},66423,112,141,27,0.3082
kube-fake,no_epoch_check,141,0,,,"{""crash"": 1}","{""start.after_commit"": 1}",89619,122,141,29,0.3079
kube-fake,no_epoch_check,142,0,,,"{""store_outage"": 1}",{},131067,202,225,38,0.6171
kube-fake,no_epoch_check,143,0,,,"{""api_errors"": 1, ""node_down"": 1}",{},41092,128,144,23,0.3174
kube-fake,no_epoch_check,144,0,,,"{""crash"": 1, ""job_pending"": 1, ""node_down"": 2, ""observe_stale"": 1, ""zombie"": 1}","{""requeue.before_commit"": 1}",53607,148,150,28,0.3634
kube-fake,no_epoch_check,145,0,,,"{""cap_change"": 1, ""policy_fault"": 1, ""race_cancel"": 1, ""store_tx_fail"": 1, ""zombie"": 1}",{},136849,107,109,22,0.2312
kube-fake,no_epoch_check,146,0,,,"{""observe_down"": 1, ""preempt"": 1, ""zombie"": 1}",{},127101,192,194,45,0.6016
kube-fake,no_epoch_check,147,0,,,"{""store_tx_fail"": 1}",{},165965,132,157,26,0.3518
kube-fake,no_epoch_check,148,0,,,"{""observe_down"": 1, ""store_tx_fail"": 1}",{},110735,180,189,37,0.5555
kube-fake,no_epoch_check,149,0,,,"{""job_pending"": 1, ""observe_stale"": 1, ""policy_fault"": 2, ""zombie"": 1}",{},60200,184,189,34,0.5038
kube-fake,no_epoch_check,150,0,,,"{""crash"": 1, ""node_down"": 1}","{""ended.before_forget"": 1}",179585,181,216,35,0.6474
kube-fake,no_epoch_check,151,0,,,"{""observe_stale"": 1, ""policy_fault"": 1, ""store_tx_fail"": 1, ""zombie"": 1}",{},152111,198,230,38,0.7077
kube-fake,no_epoch_check,152,0,,,"{""crash"": 1, ""job_pending"": 1, ""observe_down"": 1, ""preempt"": 1}","{""start.after_call"": 1}",117703,154,175,28,0.4276
kube-fake,no_epoch_check,153,0,,,"{""policy_fault"": 1}",{},139875,201,209,39,0.6795
kube-fake,no_epoch_check,154,0,,,"{""api_errors"": 1, ""cap_change"": 1, ""crash"": 1, ""race_cancel"": 1, ""zombie"": 1}","{""requeue.before_commit"": 1}",150573,144,124,35,0.3755
kube-fake,no_epoch_check,155,0,,,"{""race_cancel"": 1, ""zombie"": 1}",{},88917,140,137,31,0.3751
kube-fake,no_epoch_check,156,0,,,"{""cap_change"": 1, ""observe_stale"": 1, ""race_cancel"": 1, ""zombie"": 1}",{},147483,202,217,39,0.6506
kube-fake,no_epoch_check,157,0,,,"{""crash"": 1, ""node_down"": 1, ""observe_stale"": 1, ""policy_fault"": 1, ""preempt"": 1, ""store_outage"": 1}","{""start.after_commit"": 1}",79216,164,197,25,0.4491
kube-fake,no_epoch_check,158,0,,,"{""api_errors"": 1, ""observe_down"": 1, ""preempt"": 1, ""race_cancel"": 1}",{},76401,143,161,27,0.3746
kube-fake,no_epoch_check,159,0,,,"{""job_pending"": 1, ""policy_fault"": 1, ""store_tx_fail"": 1}",{},4019,136,154,25,0.356
kube-fake,no_epoch_check,160,0,,,"{""crash"": 1, ""node_down"": 1}","{""ended.before_forget"": 1}",158914,192,210,34,0.5029
kube-fake,no_epoch_check,161,0,,,"{""observe_stale"": 2, ""zombie"": 1}",{},153130,200,185,40,0.516
kube-fake,no_epoch_check,162,0,,,"{""job_pending"": 2, ""observe_down"": 1, ""pod_evicted"": 1, ""race_cancel"": 1, ""store_outage"": 1}",{},63227,206,219,35,0.5452
kube-fake,no_epoch_check,163,0,,,"{""job_pending"": 1, ""store_tx_fail"": 1}",{},60229,178,214,38,0.5372
kube-fake,no_epoch_check,164,0,,,"{""observe_stale"": 1, ""policy_fault"": 2, ""store_outage"": 1, ""zombie"": 1}",{},124462,193,179,33,0.4584
kube-fake,no_epoch_check,165,0,,,"{""cap_change"": 2, ""crash"": 1, ""observe_down"": 1, ""policy_fault"": 1, ""store_outage"": 1}","{""submit.after_commit"": 1}",90548,140,171,29,0.3817
kube-fake,no_epoch_check,166,0,,,"{""observe_down"": 1, ""zombie"": 1}",{},9212,152,156,32,0.4239
kube-fake,no_epoch_check,167,0,,,"{""cap_change"": 1, ""job_pending"": 1, ""observe_stale"": 1, ""race_cancel"": 1}",{},78107,149,199,28,0.3829
kube-fake,no_epoch_check,168,0,,,"{""observe_down"": 1, ""policy_fault"": 1, ""race_cancel"": 1, ""store_outage"": 1, ""zombie"": 1}",{},149480,159,185,30,0.4099
kube-fake,no_epoch_check,169,0,,,"{""api_errors"": 1, ""observe_stale"": 1, ""policy_fault"": 1, ""race_cancel"": 1, ""store_outage"": 1, ""zombie"": 1}",{},172981,175,160,36,0.4387
kube-fake,no_epoch_check,170,0,,,"{""cap_change"": 1}",{},130933,168,165,33,0.432
kube-fake,no_epoch_check,171,0,,,"{""crash"": 1, ""observe_stale"": 1, ""pod_evicted"": 1}","{""start.after_commit"": 1}",116679,136,161,26,0.4088
kube-fake,no_epoch_check,172,0,,,"{""cap_change"": 1, ""crash"": 2, ""preempt"": 1, ""store_tx_fail"": 1}","{""start.after_call"": 2}",94229,162,193,34,0.4802
kube-fake,no_epoch_check,173,0,,,"{""race_cancel"": 1}",{},80526,117,136,24,0.2777
kube-fake,no_epoch_check,174,0,,,"{""zombie"": 2}",{},94599,148,122,30,0.3265
kube-fake,no_epoch_check,175,0,,,"{""job_pending"": 1}",{},61928,140,164,28,0.3633
kube-fake,no_epoch_check,176,0,,,"{""crash"": 1, ""job_pending"": 1, ""preempt"": 1, ""zombie"": 2}","{""ended.before_forget"": 1}",51516,225,206,36,0.6259
kube-fake,no_epoch_check,177,0,,,"{""job_pending"": 1}",{},174245,116,134,28,0.2784
kube-fake,no_epoch_check,178,0,,,"{""api_errors"": 1, ""store_outage"": 2}",{},126843,128,162,29,0.3282
kube-fake,no_epoch_check,179,0,,,"{""api_errors"": 1, ""pod_evicted"": 1, ""preempt"": 1, ""store_outage"": 2}",{},215767,140,166,26,0.3696
kube-fake,no_epoch_check,180,0,,,"{""crash"": 1, ""observe_stale"": 2}","{""stop.before_call"": 1}",50043,140,174,31,0.3723
kube-fake,no_epoch_check,181,0,,,"{""api_errors"": 1, ""crash"": 1, ""node_down"": 1, ""pod_evicted"": 1, ""store_tx_fail"": 1}","{""start.after_call"": 1}",121863,155,178,30,0.3974
kube-fake,no_epoch_check,182,0,,,"{""pod_evicted"": 1, ""policy_fault"": 1, ""race_cancel"": 1, ""store_outage"": 1, ""zombie"": 2}",{},163949,188,187,37,0.5245
kube-fake,no_epoch_check,183,0,,,"{""cap_change"": 1, ""observe_down"": 1, ""preempt"": 2, ""race_cancel"": 1}",{},32307,102,121,21,0.2535
kube-fake,no_epoch_check,184,0,,,"{""api_errors"": 1, ""race_cancel"": 1, ""store_outage"": 2, ""zombie"": 1}",{},154334,178,199,36,0.5525
kube-fake,no_epoch_check,185,0,,,"{""node_down"": 1, ""pod_evicted"": 1, ""policy_fault"": 2, ""zombie"": 1}",{},41674,135,149,25,0.3693
kube-fake,no_epoch_check,186,0,,,"{""api_errors"": 1, ""crash"": 2, ""observe_stale"": 1, ""race_cancel"": 1}","{""requeue.before_commit"": 1, ""start.after_commit"": 1}",155896,118,140,24,0.2968
kube-fake,no_epoch_check,187,0,,,"{""pod_evicted"": 1, ""race_cancel"": 1, ""zombie"": 1}",{},90207,129,121,31,0.3343
kube-fake,no_epoch_check,188,0,,,"{""api_errors"": 1, ""node_down"": 1, ""pod_evicted"": 2, ""race_cancel"": 1, ""zombie"": 1}",{},74201,207,187,36,0.6299
kube-fake,no_epoch_check,189,0,,,"{""observe_stale"": 1}",{},80972,128,137,21,0.3372
kube-fake,no_epoch_check,190,0,,,"{""job_pending"": 2, ""observe_down"": 1, ""policy_fault"": 1, ""preempt"": 1, ""race_cancel"": 1}",{},85203,136,175,25,0.3967
kube-fake,no_epoch_check,191,0,,,"{""node_down"": 1, ""observe_stale"": 1, ""pod_evicted"": 1, ""zombie"": 1}",{},121376,163,181,35,0.4601
kube-fake,no_epoch_check,192,0,,,"{""node_down"": 1, ""observe_stale"": 1, ""race_cancel"": 2}",{},108675,104,126,21,0.2444
kube-fake,no_epoch_check,193,0,,,"{""cap_change"": 1, ""observe_stale"": 2, ""policy_fault"": 1, ""race_cancel"": 1, ""store_tx_fail"": 1}",{},176012,210,237,39,0.7157
kube-fake,no_epoch_check,194,0,,,"{""crash"": 2, ""policy_fault"": 1, ""store_tx_fail"": 1}","{""ended.before_forget"": 1, ""start.after_call"": 1}",74581,164,194,30,0.5066
kube-fake,no_epoch_check,195,0,,,"{""crash"": 2, ""job_pending"": 1, ""store_outage"": 2, ""store_tx_fail"": 1}","{""ended.before_forget"": 1, ""stopped.before_commit"": 1}",158460,144,187,26,0.385
kube-fake,no_epoch_check,196,0,,,"{""api_errors"": 1}",{},149574,166,184,26,0.4526
kube-fake,no_epoch_check,197,0,,,"{""race_cancel"": 1, ""zombie"": 1}",{},151025,218,213,44,0.7219
kube-fake,no_epoch_check,198,0,,,"{""crash"": 2, ""zombie"": 1}","{""start.after_commit"": 1, ""stop.before_call"": 1}",79763,150,147,33,0.4239
kube-fake,no_epoch_check,199,0,,,"{""job_pending"": 1, ""policy_fault"": 2, ""zombie"": 1}",{},168504,156,163,34,0.4264
kube-fake,no_epoch_check,200,0,,,"{""cap_change"": 1, ""crash"": 1, ""node_down"": 1, ""race_cancel"": 1, ""zombie"": 1}","{""submit.after_commit"": 1}",69816,313,268,39,0.9088
kube-fake,no_lost_grace,1,0,,,"{""preempt"": 1, ""race_cancel"": 1, ""store_tx_fail"": 1}",{},41938,188,186,32,0.4971
kube-fake,no_lost_grace,2,0,,,"{""job_pending"": 1, ""policy_fault"": 2, ""zombie"": 1}",{},88182,138,140,29,0.3573
kube-fake,no_lost_grace,3,0,,,"{""node_down"": 1, ""observe_stale"": 1, ""store_outage"": 1, ""zombie"": 2}",{},175553,244,224,47,0.6652
kube-fake,no_lost_grace,4,0,,,"{""job_pending"": 1, ""pod_evicted"": 1}",{},120675,174,201,35,0.4608
kube-fake,no_lost_grace,5,0,,,"{""api_errors"": 1, ""crash"": 1}","{""submit.after_commit"": 1}",192541,106,127,23,0.1856
kube-fake,no_lost_grace,6,0,,,"{""cap_change"": 1, ""policy_fault"": 2, ""race_cancel"": 1}",{},161723,94,113,20,0.1395
kube-fake,no_lost_grace,7,0,,,"{""race_cancel"": 1}",{},116102,121,146,24,0.2584
kube-fake,no_lost_grace,8,0,,,"{""crash"": 3, ""observe_down"": 1, ""store_outage"": 1}","{""requeue.before_commit"": 1, ""stop.before_call"": 1, ""submit.after_commit"": 1}",116491,130,154,26,0.2919
kube-fake,no_lost_grace,9,0,,,"{""cap_change"": 1, ""observe_down"": 1, ""observe_stale"": 1, ""race_cancel"": 1, ""store_outage"": 1}",{},43957,109,134,21,0.1929
kube-fake,no_lost_grace,10,0,,,"{""crash"": 1, ""policy_fault"": 1, ""zombie"": 1}","{""start.after_commit"": 1}",8147,120,140,27,0.2635
kube-fake,no_lost_grace,11,0,,,"{""cap_change"": 1, ""node_down"": 1, ""pod_evicted"": 1, ""race_cancel"": 1}",{},54289,146,172,31,0.3348
kube-fake,no_lost_grace,12,0,,,"{""api_errors"": 1}",{},104150,196,210,40,0.541
kube-fake,no_lost_grace,13,0,,,"{""crash"": 1, ""pod_evicted"": 1, ""race_cancel"": 1}","{""ended.before_forget"": 1}",313702,198,221,37,0.4833
kube-fake,no_lost_grace,14,0,,,"{""observe_stale"": 1, ""policy_fault"": 1}",{},47028,148,173,28,0.3177
kube-fake,no_lost_grace,15,0,,,"{""api_errors"": 1, ""job_pending"": 1}",{},89817,172,204,38,0.447
kube-fake,no_lost_grace,16,0,,,"{""race_cancel"": 1}",{},93717,92,102,23,0.1965
kube-fake,no_lost_grace,17,0,,,"{""cap_change"": 1, ""store_tx_fail"": 1, ""zombie"": 2}",{},81070,158,151,34,0.3674
kube-fake,no_lost_grace,18,0,,,"{""observe_down"": 1, ""zombie"": 3}",{},61050,150,144,35,0.3153
kube-fake,no_lost_grace,19,0,,,"{""api_errors"": 1}",{},76050,96,112,20,0.223
kube-fake,no_lost_grace,20,0,,,"{""crash"": 1, ""store_outage"": 1}","{""ended.before_forget"": 1}",71070,126,145,21,0.2521
kube-fake,no_lost_grace,21,0,,,"{""api_errors"": 1, ""node_down"": 1, ""observe_stale"": 1}",{},183204,203,239,39,0.5664
kube-fake,no_lost_grace,22,0,,,"{""api_errors"": 1, ""observe_stale"": 1, ""policy_fault"": 1}",{},119835,140,162,28,0.3352
kube-fake,no_lost_grace,23,0,,,"{""crash"": 1, ""policy_fault"": 1, ""race_cancel"": 1}","{""ended.before_forget"": 1}",956,142,158,27,0.306
kube-fake,no_lost_grace,24,0,,,"{""observe_stale"": 1, ""race_cancel"": 1}",{},158587,206,227,40,0.5933
kube-fake,no_lost_grace,25,0,,,"{""pod_evicted"": 1, ""store_outage"": 1, ""zombie"": 1}",{},21611,204,195,36,0.53
kube-fake,no_lost_grace,26,0,,,"{""observe_down"": 1}",{},144119,188,205,33,0.4811
kube-fake,no_lost_grace,27,0,,,"{""store_tx_fail"": 1}",{},141146,182,210,36,0.5279
kube-fake,no_lost_grace,28,0,,,"{""api_errors"": 1}",{},35051,136,150,27,0.2693
kube-fake,no_lost_grace,29,0,,,"{""race_cancel"": 1}",{},112635,136,147,26,0.3076
kube-fake,no_lost_grace,30,1,I3,"the backend still runs w4-a1, which the store has ENDED (its resources were freed)","{""observe_stale"": 1}",{},,14,15,4,0.0197
kube-fake,no_lost_grace,31,0,,,"{""pod_evicted"": 1, ""store_outage"": 1, ""store_tx_fail"": 1}",{},72058,108,140,22,0.2012
kube-fake,no_lost_grace,32,0,,,"{""job_pending"": 1, ""node_down"": 1, ""race_cancel"": 2, ""zombie"": 1}",{},163679,220,234,40,0.5614
kube-fake,no_lost_grace,33,0,,,"{""observe_down"": 1, ""policy_fault"": 1, ""preempt"": 1, ""race_cancel"": 1, ""store_tx_fail"": 1}",{},155761,138,159,25,0.2882
kube-fake,no_lost_grace,34,0,,,"{""crash"": 1, ""observe_down"": 1, ""observe_stale"": 1, ""zombie"": 1}","{""requeue.before_commit"": 1}",113978,122,12938,26,15.3993
kube-fake,no_lost_grace,35,0,,,"{""store_tx_fail"": 1, ""zombie"": 1}",{},151146,241,237,39,0.7745
kube-fake,no_lost_grace,36,0,,,"{""cap_change"": 1, ""job_pending"": 1, ""observe_stale"": 2, ""store_outage"": 1, ""zombie"": 1}",{},76515,112,142,24,0.2655
kube-fake,no_lost_grace,37,0,,,"{""policy_fault"": 3, ""preempt"": 1, ""zombie"": 1}",{},69589,198,203,35,0.5724
kube-fake,no_lost_grace,38,0,,,"{""crash"": 1, ""race_cancel"": 1, ""store_outage"": 1}","{""submit.after_commit"": 1}",111532,112,141,25,0.2281
kube-fake,no_lost_grace,39,0,,,"{""node_down"": 1, ""observe_down"": 1, ""observe_stale"": 2, ""race_cancel"": 1, ""zombie"": 1}",{},117256,249,244,40,0.766
kube-fake,no_lost_grace,40,0,,,"{""job_pending"": 1}",{},154849,116,123,24,0.2503
kube-fake,no_lost_grace,41,0,,,"{""store_tx_fail"": 1}",{},188873,152,174,33,0.3686
kube-fake,no_lost_grace,42,0,,,"{""cap_change"": 1, ""observe_stale"": 2, ""pod_evicted"": 1, ""preempt"": 1, ""race_cancel"": 1}",{},0,140,169,30,0.3611
kube-fake,no_lost_grace,43,0,,,"{""api_errors"": 1, ""crash"": 1, ""job_pending"": 1, ""observe_down"": 1, ""zombie"": 1}","{""start.after_commit"": 1}",57723,158,166,32,0.4203
kube-fake,no_lost_grace,44,0,,,"{""job_pending"": 1, ""observe_stale"": 1, ""pod_evicted"": 1, ""store_outage"": 1, ""store_tx_fail"": 1}",{},74175,194,237,37,0.5765
kube-fake,no_lost_grace,45,0,,,"{""cap_change"": 1, ""crash"": 1}","{""ended.before_forget"": 1}",142298,174,156,38,0.3991
kube-fake,no_lost_grace,46,0,,,"{""node_down"": 1, ""store_tx_fail"": 1}",{},0,107,135,21,0.2142
kube-fake,no_lost_grace,47,0,,,"{""crash"": 1, ""node_down"": 1}","{""start.after_commit"": 1}",190101,119,137,24,0.3453
kube-fake,no_lost_grace,48,0,,,"{""observe_down"": 1, ""observe_stale"": 1, ""preempt"": 1}",{},120109,188,219,35,0.672
kube-fake,no_lost_grace,49,0,,,"{""crash"": 1, ""node_down"": 1, ""pod_evicted"": 1}","{""start.after_commit"": 1}",139840,119,149,20,0.2732
kube-fake,no_lost_grace,50,0,,,"{""cap_change"": 1, ""crash"": 1, ""pod_evicted"": 1, ""store_tx_fail"": 1}","{""submit.after_commit"": 1}",70053,136,158,26,0.3704
kube-fake,no_lost_grace,51,0,,,"{""preempt"": 1}",{},121736,204,207,33,0.5632
kube-fake,no_lost_grace,52,0,,,"{""pod_evicted"": 1}",{},127718,220,226,40,0.5546
kube-fake,no_lost_grace,53,0,,,"{""api_errors"": 1, ""observe_stale"": 1}",{},73806,183,196,34,0.4786
kube-fake,no_lost_grace,54,0,,,"{""node_down"": 2, ""race_cancel"": 3, ""store_outage"": 1}",{},71637,113,147,23,0.2435
kube-fake,no_lost_grace,55,0,,,"{""node_down"": 1, ""race_cancel"": 1}",{},137041,97,126,22,0.1923
kube-fake,no_lost_grace,56,0,,,"{""api_errors"": 1, ""job_pending"": 1, ""pod_evicted"": 1}",{},169226,188,210,38,0.615
kube-fake,no_lost_grace,57,0,,,"{""observe_stale"": 1, ""pod_evicted"": 1, ""store_outage"": 1}",{},166793,208,256,38,0.667
kube-fake,no_lost_grace,58,0,,,"{""node_down"": 1}",{},116493,179,203,35,0.516
kube-fake,no_lost_grace,59,0,,,"{""crash"": 1, ""job_pending"": 1}","{""requeue.before_commit"": 1}",180262,148,174,27,0.421
kube-fake,no_lost_grace,60,0,,,"{""api_errors"": 1, ""crash"": 1, ""race_cancel"": 1}","{""start.after_call"": 1}",118629,123,145,28,0.3468
kube-fake,no_lost_grace,61,0,,,"{""race_cancel"": 1}",{},134432,178,209,34,0.5089
kube-fake,no_lost_grace,62,0,,,"{""crash"": 1, ""observe_down"": 1, ""store_outage"": 1}","{""submit.after_commit"": 1}",194626,140,169,27,0.4089
kube-fake,no_lost_grace,63,0,,,"{""node_down"": 1}",{},81731,116,130,24,0.2387
kube-fake,no_lost_grace,64,0,,,"{""observe_stale"": 1, ""preempt"": 1}",{},141446,198,216,32,0.5048
kube-fake,no_lost_grace,65,0,,,"{""zombie"": 1}",{},135875,142,155,30,0.3527
kube-fake,no_lost_grace,66,0,,,{},{},66117,174,192,33,0.4371
kube-fake,no_lost_grace,67,0,,,"{""crash"": 2, ""node_down"": 2, ""pod_evicted"": 1}","{""ended.before_forget"": 1, ""start.after_call"": 1}",11573,128,156,26,0.2716
kube-fake,no_lost_grace,68,0,,,"{""node_down"": 1, ""pod_evicted"": 1, ""race_cancel"": 1}",{},313462,182,197,36,0.5174
kube-fake,no_lost_grace,69,0,,,"{""node_down"": 1, ""observe_stale"": 1}",{},202472,157,180,29,0.3381
kube-fake,no_lost_grace,70,0,,,"{""node_down"": 1}",{},151312,200,214,34,0.53
kube-fake,no_lost_grace,71,0,,,"{""api_errors"": 1, ""job_pending"": 1, ""store_outage"": 1, ""store_tx_fail"": 1}",{},179340,196,233,37,0.5451
kube-fake,no_lost_grace,72,0,,,"{""node_down"": 1}",{},153129,106,123,24,0.2323
kube-fake,no_lost_grace,73,0,,,"{""observe_down"": 1, ""race_cancel"": 1, ""zombie"": 1}",{},117414,125,141,28,0.283
kube-fake,no_lost_grace,74,0,,,"{""race_cancel"": 1}",{},160238,162,178,36,0.4087
kube-fake,no_lost_grace,75,0,,,"{""observe_stale"": 1}",{},168375,92,109,20,0.1585
kube-fake,no_lost_grace,76,0,,,"{""job_pending"": 1, ""observe_stale"": 1, ""zombie"": 3}",{},46814,132,108,27,0.3232
kube-fake,no_lost_grace,77,0,,,"{""api_errors"": 1, ""crash"": 2, ""pod_evicted"": 1, ""preempt"": 1, ""store_outage"": 1}","{""ended.before_forget"": 2}",157618,122,151,24,0.2488
kube-fake,no_lost_grace,78,0,,,"{""crash"": 2, ""job_pending"": 1, ""node_down"": 1, ""preempt"": 1}","{""requeue.before_commit"": 1, ""start.after_commit"": 1}",179072,163,173,23,0.3741
kube-fake,no_lost_grace,79,0,,,"{""job_pending"": 1, ""policy_fault"": 1}",{},129423,106,124,21,0.2073
kube-fake,no_lost_grace,80,0,,,"{""observe_down"": 1, ""race_cancel"": 3, ""store_outage"": 1}",{},89388,158,193,32,0.4268
kube-fake,no_lost_grace,81,0,,,"{""pod_evicted"": 1, ""store_tx_fail"": 1}",{},151785,202,222,34,0.464
kube-fake,no_lost_grace,82,0,,,"{""crash"": 1, ""pod_evicted"": 1, ""store_outage"": 2}","{""submit.after_commit"": 1}",260330,124,153,25,0.281
kube-fake,no_lost_grace,83,0,,,"{""pod_evicted"": 1, ""race_cancel"": 1}",{},146480,188,215,38,0.563
kube-fake,no_lost_grace,84,0,,,"{""crash"": 1, ""preempt"": 1, ""race_cancel"": 1}","{""submit.after_commit"": 1}",134770,154,167,32,0.4072
kube-fake,no_lost_grace,85,0,,,"{""observe_stale"": 1, ""pod_evicted"": 1, ""store_tx_fail"": 1}",{},106782,99,120,21,0.1773
kube-fake,no_lost_grace,86,0,,,"{""crash"": 1, ""race_cancel"": 1, ""store_outage"": 1, ""store_tx_fail"": 1, ""zombie"": 1}","{""requeue.before_commit"": 1}",162440,229,245,44,0.6675
kube-fake,no_lost_grace,87,0,,,"{""pod_evicted"": 1}",{},133056,114,125,22,0.2353
kube-fake,no_lost_grace,88,0,,,"{""api_errors"": 1, ""job_pending"": 2, ""race_cancel"": 2}",{},87085,196,205,37,0.5387
kube-fake,no_lost_grace,89,0,,,"{""crash"": 2, ""observe_stale"": 1, ""pod_evicted"": 1, ""race_cancel"": 1}","{""start.after_commit"": 1, ""stop.before_call"": 1}",125533,186,210,36,0.6129
kube-fake,no_lost_grace,90,0,,,"{""observe_stale"": 1, ""policy_fault"": 1, ""preempt"": 1}",{},123174,170,194,34,0.4848
kube-fake,no_lost_grace,91,0,,,"{""cap_change"": 1}",{},50109,172,175,35,0.4317
kube-fake,no_lost_grace,92,0,,,"{""crash"": 2, ""preempt"": 1, ""race_cancel"": 1, ""zombie"": 1}","{""ended.before_forget"": 2}",239560,207,184,43,0.5769
kube-fake,no_lost_grace,93,0,,,"{""crash"": 2, ""race_cancel"": 2, ""store_outage"": 1}","{""ended.before_forget"": 2}",6721,140,166,30,0.3579
kube-fake,no_lost_grace,94,0,,,"{""crash"": 1, ""job_pending"": 1, ""observe_stale"": 1, ""pod_evicted"": 1, ""race_cancel"": 1}","{""stopped.before_commit"": 1}",32938,173,203,31,0.4629
kube-fake,no_lost_grace,95,0,,,"{""job_pending"": 1, ""observe_stale"": 1, ""pod_evicted"": 1, ""policy_fault"": 1, ""store_tx_fail"": 1}",{},185110,168,225,34,0.5413
kube-fake,no_lost_grace,96,0,,,"{""job_pending"": 1, ""zombie"": 2}",{},91335,168,177,33,0.4983
kube-fake,no_lost_grace,97,0,,,"{""zombie"": 1}",{},116179,150,166,28,0.3735
kube-fake,no_lost_grace,98,0,,,"{""crash"": 1, ""pod_evicted"": 1, ""store_outage"": 1, ""zombie"": 2}","{""ended.before_forget"": 1}",53797,124,114,26,0.2936
kube-fake,no_lost_grace,99,0,,,"{""crash"": 2}","{""start.after_commit"": 1, ""stop.before_call"": 1}",163478,224,237,37,0.7692
kube-fake,no_lost_grace,100,0,,,"{""api_errors"": 1, ""cap_change"": 1, ""observe_stale"": 1, ""race_cancel"": 1}",{},67827,135,162,26,0.3209
kube-fake,no_lost_grace,101,0,,,"{""node_down"": 1, ""race_cancel"": 1}",{},113933,179,199,40,0.5461
kube-fake,no_lost_grace,102,0,,,"{""observe_stale"": 1, ""race_cancel"": 1, ""zombie"": 1}",{},66361,131,132,29,0.2945
kube-fake,no_lost_grace,103,0,,,"{""api_errors"": 1, ""zombie"": 1}",{},320745,184,172,38,0.5316
kube-fake,no_lost_grace,104,0,,,"{""api_errors"": 1, ""observe_down"": 1, ""policy_fault"": 1, ""race_cancel"": 1, ""store_tx_fail"": 1}",{},68105,117,136,25,0.2852
kube-fake,no_lost_grace,105,0,,,"{""pod_evicted"": 1}",{},156160,154,178,33,0.4596
kube-fake,no_lost_grace,106,0,,,"{""crash"": 1, ""preempt"": 1, ""race_cancel"": 1, ""store_tx_fail"": 1}","{""stop.before_call"": 1}",34134,206,237,39,0.6632
kube-fake,no_lost_grace,107,0,,,"{""store_tx_fail"": 1}",{},68735,138,169,29,0.3651
kube-fake,no_lost_grace,108,1,I3,"the backend still runs w13-a1, which the store has ENDED (its resources were freed)","{""observe_stale"": 1}",{},,63,67,13,0.1192
kube-fake,no_lost_grace,109,0,,,"{""policy_fault"": 1}",{},159745,150,176,29,0.3954
kube-fake,no_lost_grace,110,0,,,"{""observe_stale"": 1, ""race_cancel"": 1, ""zombie"": 1}",{},95537,134,145,24,0.2812
kube-fake,no_lost_grace,111,0,,,"{""job_pending"": 1, ""observe_down"": 1, ""observe_stale"": 1, ""pod_evicted"": 1, ""preempt"": 1, ""store_outage"": 1}",{},62416,128,134,27,0.3115
kube-fake,no_lost_grace,112,0,,,"{""store_tx_fail"": 2}",{},136570,110,122,21,0.2215
kube-fake,no_lost_grace,113,0,,,"{""crash"": 1, ""job_pending"": 1, ""race_cancel"": 2}","{""ended.before_forget"": 1}",30534,128,146,25,0.2891
kube-fake,no_lost_grace,114,0,,,"{""zombie"": 1}",{},157646,152,151,34,0.3955
kube-fake,no_lost_grace,115,0,,,"{""crash"": 1, ""job_pending"": 1}","{""requeue.before_commit"": 1}",142837,156,180,32,0.382
kube-fake,no_lost_grace,116,0,,,"{""observe_stale"": 1, ""store_outage"": 1}",{},17033,206,233,38,0.5822
kube-fake,no_lost_grace,117,0,,,"{""observe_down"": 1, ""observe_stale"": 1, ""preempt"": 1, ""store_outage"": 1, ""store_tx_fail"": 1, ""zombie"": 1}",{},174012,140,172,28,0.3974
kube-fake,no_lost_grace,118,0,,,"{""crash"": 1, ""observe_stale"": 1}","{""stop.before_call"": 1}",152532,122,140,23,0.2511
kube-fake,no_lost_grace,119,0,,,"{""job_pending"": 1, ""pod_evicted"": 1, ""preempt"": 1, ""race_cancel"": 1}",{},8541,128,158,30,0.3201
kube-fake,no_lost_grace,120,0,,,"{""job_pending"": 2}",{},76655,186,208,35,0.5296
kube-fake,no_lost_grace,121,0,,,"{""preempt"": 1}",{},108146,148,161,31,0.3688
kube-fake,no_lost_grace,122,0,,,"{""crash"": 2, ""node_down"": 1}","{""requeue.before_commit"": 1, ""start.after_commit"": 1}",107785,131,137,27,0.2953
kube-fake,no_lost_grace,123,0,,,"{""job_pending"": 1, ""observe_down"": 1, ""preempt"": 1, ""zombie"": 1}",{},164473,144,139,30,0.3071
kube-fake,no_lost_grace,124,0,,,"{""cap_change"": 1, ""store_outage"": 1}",{},49018,128,137,24,0.2883
kube-fake,no_lost_grace,125,0,,,"{""cap_change"": 1, ""crash"": 1, ""policy_fault"": 1}","{""stop.before_call"": 1}",76465,136,152,30,0.307
kube-fake,no_lost_grace,126,0,,,"{""zombie"": 1}",{},207992,205,216,40,0.6963
kube-fake,no_lost_grace,127,0,,,"{""crash"": 1, ""observe_stale"": 3, ""preempt"": 1, ""zombie"": 1}","{""start.after_call"": 1}",135913,194,191,35,0.5968
kube-fake,no_lost_grace,128,0,,,"{""observe_down"": 1}",{},117487,146,165,32,0.4829
kube-fake,no_lost_grace,129,0,,,"{""crash"": 1, ""pod_evicted"": 1, ""store_tx_fail"": 1, ""zombie"": 1}","{""start.after_call"": 1}",40131,120,107,24,0.2483
kube-fake,no_lost_grace,130,0,,,"{""race_cancel"": 1, ""store_outage"": 1, ""store_tx_fail"": 1, ""zombie"": 1}",{},139686,202,198,38,0.5941
kube-fake,no_lost_grace,131,0,,,"{""api_errors"": 1, ""crash"": 1}","{""start.after_commit"": 1}",137966,142,165,26,0.383
kube-fake,no_lost_grace,132,0,,,"{""node_down"": 1, ""observe_down"": 1, ""race_cancel"": 1, ""store_outage"": 1, ""zombie"": 1}",{},147569,221,234,45,0.7418
kube-fake,no_lost_grace,133,0,,,"{""crash"": 1, ""observe_stale"": 1, ""race_cancel"": 1}","{""submit.after_commit"": 1}",34899,132,154,29,0.4474
kube-fake,no_lost_grace,134,0,,,"{""pod_evicted"": 1, ""race_cancel"": 1}",{},135396,143,166,26,0.4101
kube-fake,no_lost_grace,135,1,I3,"the backend still runs w25-a1, which the store has ENDED (its resources were freed)","{""api_errors"": 1, ""cap_change"": 1, ""observe_stale"": 1}",{},,126,144,26,0.3992
kube-fake,no_lost_grace,136,0,,,"{""store_outage"": 1, ""zombie"": 1}",{},259160,204,183,39,0.6276
kube-fake,no_lost_grace,137,0,,,"{""crash"": 1, ""pod_evicted"": 1, ""store_tx_fail"": 1, ""zombie"": 1}","{""submit.after_commit"": 1}",116150,190,205,38,0.6516
kube-fake,no_lost_grace,138,0,,,"{""observe_stale"": 2}",{},56899,196,214,35,0.7435
kube-fake,no_lost_grace,139,0,,,"{""observe_stale"": 1}",{},34740,203,220,36,0.6507
kube-fake,no_lost_grace,140,0,,,"{""observe_stale"": 1, ""policy_fault"": 1, ""race_cancel"": 2}",{},66423,112,141,27,0.3183
kube-fake,no_lost_grace,141,0,,,"{""crash"": 1}","{""start.after_commit"": 1}",89619,122,141,29,0.3321
kube-fake,no_lost_grace,142,0,,,"{""store_outage"": 1}",{},131067,202,225,38,0.6137
kube-fake,no_lost_grace,143,0,,,"{""api_errors"": 1, ""node_down"": 1}",{},41092,128,144,23,0.3251
kube-fake,no_lost_grace,144,0,,,"{""crash"": 1, ""job_pending"": 1, ""node_down"": 2, ""observe_stale"": 1, ""zombie"": 1}","{""requeue.before_commit"": 1}",53607,148,150,28,0.3557
kube-fake,no_lost_grace,145,0,,,"{""cap_change"": 1, ""policy_fault"": 1, ""race_cancel"": 1, ""store_tx_fail"": 1, ""zombie"": 1}",{},136849,107,109,22,0.2301
kube-fake,no_lost_grace,146,0,,,"{""observe_down"": 1, ""preempt"": 1, ""zombie"": 1}",{},127101,192,194,45,0.6102
kube-fake,no_lost_grace,147,0,,,"{""store_tx_fail"": 1}",{},165965,132,157,26,0.3458
kube-fake,no_lost_grace,148,0,,,"{""observe_down"": 1, ""store_tx_fail"": 1}",{},110735,180,189,37,0.5885
kube-fake,no_lost_grace,149,0,,,"{""job_pending"": 1, ""observe_stale"": 1, ""policy_fault"": 2, ""zombie"": 1}",{},60200,184,189,34,0.5281
kube-fake,no_lost_grace,150,0,,,"{""crash"": 1, ""node_down"": 1}","{""ended.before_forget"": 1}",179585,181,216,35,0.6488
kube-fake,no_lost_grace,151,0,,,"{""observe_stale"": 1, ""policy_fault"": 1, ""store_tx_fail"": 1, ""zombie"": 1}",{},152111,198,230,38,0.7551
kube-fake,no_lost_grace,152,0,,,"{""crash"": 1, ""job_pending"": 1, ""observe_down"": 1, ""preempt"": 1}","{""start.after_call"": 1}",117703,154,175,28,0.3953
kube-fake,no_lost_grace,153,0,,,"{""policy_fault"": 1}",{},139875,201,209,39,0.6853
kube-fake,no_lost_grace,154,0,,,"{""api_errors"": 1, ""cap_change"": 1, ""crash"": 1, ""race_cancel"": 1, ""zombie"": 1}","{""requeue.before_commit"": 1}",150573,144,124,35,0.3331
kube-fake,no_lost_grace,155,0,,,"{""race_cancel"": 1, ""zombie"": 1}",{},88917,140,137,31,0.3925
kube-fake,no_lost_grace,156,0,,,"{""cap_change"": 1, ""observe_stale"": 1, ""race_cancel"": 1, ""zombie"": 1}",{},147483,202,217,39,0.6428
kube-fake,no_lost_grace,157,0,,,"{""crash"": 1, ""node_down"": 1, ""observe_stale"": 1, ""policy_fault"": 1, ""preempt"": 1, ""store_outage"": 1}","{""start.after_commit"": 1}",79216,164,197,25,0.4576
kube-fake,no_lost_grace,158,0,,,"{""api_errors"": 1, ""observe_down"": 1, ""preempt"": 1, ""race_cancel"": 1}",{},76401,143,161,27,0.3902
kube-fake,no_lost_grace,159,0,,,"{""job_pending"": 1, ""policy_fault"": 1, ""store_tx_fail"": 1}",{},4019,136,154,25,0.3785
kube-fake,no_lost_grace,160,0,,,"{""crash"": 1, ""node_down"": 1}","{""ended.before_forget"": 1}",158914,192,210,34,0.5058
kube-fake,no_lost_grace,161,0,,,"{""observe_stale"": 2, ""zombie"": 1}",{},153130,200,185,40,0.5402
kube-fake,no_lost_grace,162,0,,,"{""job_pending"": 2, ""observe_down"": 1, ""pod_evicted"": 1, ""race_cancel"": 1, ""store_outage"": 1}",{},63227,206,219,35,0.5665
kube-fake,no_lost_grace,163,0,,,"{""job_pending"": 1, ""store_tx_fail"": 1}",{},60229,178,214,38,0.5644
kube-fake,no_lost_grace,164,0,,,"{""observe_stale"": 1, ""policy_fault"": 2, ""store_outage"": 1, ""zombie"": 1}",{},124462,193,179,33,0.482
kube-fake,no_lost_grace,165,0,,,"{""cap_change"": 2, ""crash"": 1, ""observe_down"": 1, ""policy_fault"": 1, ""store_outage"": 1}","{""submit.after_commit"": 1}",90548,140,171,29,0.4329
kube-fake,no_lost_grace,166,0,,,"{""observe_down"": 1, ""zombie"": 1}",{},9212,152,156,32,0.4277
kube-fake,no_lost_grace,167,0,,,"{""cap_change"": 1, ""job_pending"": 1, ""observe_stale"": 1, ""race_cancel"": 1}",{},78107,149,199,28,0.4003
kube-fake,no_lost_grace,168,0,,,"{""observe_down"": 1, ""policy_fault"": 1, ""race_cancel"": 1, ""store_outage"": 1, ""zombie"": 1}",{},149480,159,185,30,0.4039
kube-fake,no_lost_grace,169,0,,,"{""api_errors"": 1, ""observe_stale"": 1, ""policy_fault"": 1, ""race_cancel"": 1, ""store_outage"": 1, ""zombie"": 1}",{},172981,175,160,36,0.5002
kube-fake,no_lost_grace,170,0,,,"{""cap_change"": 1}",{},130933,168,165,33,0.4534
kube-fake,no_lost_grace,171,0,,,"{""crash"": 1, ""observe_stale"": 1, ""pod_evicted"": 1}","{""start.after_commit"": 1}",116679,136,161,26,0.4274
kube-fake,no_lost_grace,172,0,,,"{""cap_change"": 1, ""crash"": 2, ""preempt"": 1, ""store_tx_fail"": 1}","{""start.after_call"": 2}",94229,162,193,34,0.492
kube-fake,no_lost_grace,173,0,,,"{""race_cancel"": 1}",{},80526,117,136,24,0.2635
kube-fake,no_lost_grace,174,0,,,"{""zombie"": 2}",{},94599,148,122,30,0.3684
kube-fake,no_lost_grace,175,0,,,"{""job_pending"": 1}",{},61928,140,164,28,0.3871
kube-fake,no_lost_grace,176,0,,,"{""crash"": 1, ""job_pending"": 1, ""preempt"": 1, ""zombie"": 2}","{""ended.before_forget"": 1}",51516,225,206,36,0.6573
kube-fake,no_lost_grace,177,0,,,"{""job_pending"": 1}",{},174245,116,134,28,0.2799
kube-fake,no_lost_grace,178,0,,,"{""api_errors"": 1, ""store_outage"": 2}",{},126843,128,162,29,0.3126
kube-fake,no_lost_grace,179,0,,,"{""api_errors"": 1, ""pod_evicted"": 1, ""preempt"": 1, ""store_outage"": 2}",{},215767,140,166,26,0.3803
kube-fake,no_lost_grace,180,0,,,"{""crash"": 1, ""observe_stale"": 2}","{""stop.before_call"": 1}",50043,140,174,31,0.4128
kube-fake,no_lost_grace,181,0,,,"{""api_errors"": 1, ""crash"": 1, ""node_down"": 1, ""pod_evicted"": 1, ""store_tx_fail"": 1}","{""start.after_call"": 1}",121863,155,178,30,0.3596
kube-fake,no_lost_grace,182,0,,,"{""pod_evicted"": 1, ""policy_fault"": 1, ""race_cancel"": 1, ""store_outage"": 1, ""zombie"": 2}",{},163949,188,187,37,0.525
kube-fake,no_lost_grace,183,0,,,"{""cap_change"": 1, ""observe_down"": 1, ""preempt"": 2, ""race_cancel"": 1}",{},32307,102,121,21,0.2343
kube-fake,no_lost_grace,184,0,,,"{""api_errors"": 1, ""race_cancel"": 1, ""store_outage"": 2, ""zombie"": 1}",{},154334,178,199,36,0.5347
kube-fake,no_lost_grace,185,0,,,"{""node_down"": 1, ""pod_evicted"": 1, ""policy_fault"": 2, ""zombie"": 1}",{},41674,135,149,25,0.3448
kube-fake,no_lost_grace,186,0,,,"{""api_errors"": 1, ""crash"": 2, ""observe_stale"": 1, ""race_cancel"": 1}","{""requeue.before_commit"": 1, ""start.after_commit"": 1}",155896,118,140,24,0.2871
kube-fake,no_lost_grace,187,0,,,"{""pod_evicted"": 1, ""race_cancel"": 1, ""zombie"": 1}",{},90207,129,121,31,0.3292
kube-fake,no_lost_grace,188,0,,,"{""api_errors"": 1, ""node_down"": 1, ""pod_evicted"": 2, ""race_cancel"": 1, ""zombie"": 1}",{},74201,207,187,36,0.6188
kube-fake,no_lost_grace,189,0,,,"{""observe_stale"": 1}",{},80972,128,137,21,0.3163
kube-fake,no_lost_grace,190,0,,,"{""job_pending"": 2, ""observe_down"": 1, ""policy_fault"": 1, ""preempt"": 1, ""race_cancel"": 1}",{},85203,136,175,25,0.3789
kube-fake,no_lost_grace,191,0,,,"{""node_down"": 1, ""observe_stale"": 1, ""pod_evicted"": 1, ""zombie"": 1}",{},121376,163,181,35,0.4497
kube-fake,no_lost_grace,192,0,,,"{""node_down"": 1, ""observe_stale"": 1, ""race_cancel"": 2}",{},108675,104,126,21,0.2566
kube-fake,no_lost_grace,193,1,I3,"the backend still runs w10-a2, which the store has ENDED (its resources were freed)","{""observe_stale"": 2, ""store_tx_fail"": 1}",{},,93,102,19,0.2442
kube-fake,no_lost_grace,194,0,,,"{""crash"": 2, ""policy_fault"": 1, ""store_tx_fail"": 1}","{""ended.before_forget"": 1, ""start.after_call"": 1}",74581,164,194,30,0.524
kube-fake,no_lost_grace,195,0,,,"{""crash"": 2, ""job_pending"": 1, ""store_outage"": 2, ""store_tx_fail"": 1}","{""ended.before_forget"": 1, ""stopped.before_commit"": 1}",158460,144,187,26,0.3813
kube-fake,no_lost_grace,196,0,,,"{""api_errors"": 1}",{},149574,166,184,26,0.458
kube-fake,no_lost_grace,197,0,,,"{""race_cancel"": 1, ""zombie"": 1}",{},151025,218,213,44,0.7292
kube-fake,no_lost_grace,198,0,,,"{""crash"": 2, ""zombie"": 1}","{""start.after_commit"": 1, ""stop.before_call"": 1}",79763,150,147,33,0.4123
kube-fake,no_lost_grace,199,0,,,"{""job_pending"": 1, ""policy_fault"": 2, ""zombie"": 1}",{},168504,156,163,34,0.4647
kube-fake,no_lost_grace,200,0,,,"{""cap_change"": 1, ""crash"": 1, ""node_down"": 1, ""race_cancel"": 1, ""zombie"": 1}","{""submit.after_commit"": 1}",69816,313,268,39,0.931
kube-fake,no_version_check,1,0,,,"{""preempt"": 1, ""race_cancel"": 1, ""store_tx_fail"": 1}",{},41938,188,186,32,0.5573
kube-fake,no_version_check,2,0,,,"{""job_pending"": 1, ""policy_fault"": 2, ""zombie"": 1}",{},88182,138,140,29,0.3856
kube-fake,no_version_check,3,0,,,"{""node_down"": 1, ""observe_stale"": 1, ""store_outage"": 1, ""zombie"": 2}",{},175553,244,224,47,0.7711
kube-fake,no_version_check,4,0,,,"{""job_pending"": 1, ""pod_evicted"": 1}",{},120675,174,201,35,0.5648
kube-fake,no_version_check,5,0,,,"{""api_errors"": 1, ""crash"": 1}","{""submit.after_commit"": 1}",192541,106,127,23,0.2277
kube-fake,no_version_check,6,1,I5,replay failed: seq 58 (started w12): no transition from CANCELLED on started,"{""policy_fault"": 2, ""race_cancel"": 1}",{},,58,65,12,0.0881
kube-fake,no_version_check,7,1,I5,"replay differs from the tables: workload w23: table Workload(id='w23', namespace='team-c', spec={'checkpoint_interval_s': 5, 'command': None, 'cpus': 24, 'estim","{""race_cancel"": 1}",{},,121,139,24,0.327
kube-fake,no_version_check,8,0,,,"{""crash"": 3, ""observe_down"": 1, ""store_outage"": 1}","{""requeue.before_commit"": 1, ""stop.before_call"": 1, ""submit.after_commit"": 1}",116491,130,154,26,0.314
kube-fake,no_version_check,9,1,I5,replay failed: seq 98: logged state RETRY_WAIT but the table gives CANCELLED,"{""cap_change"": 1, ""race_cancel"": 1, ""store_outage"": 1}",{},,98,115,20,0.2155
kube-fake,no_version_check,10,0,,,"{""crash"": 1, ""policy_fault"": 1, ""zombie"": 1}","{""start.after_commit"": 1}",8147,120,140,27,0.3772
kube-fake,no_version_check,11,0,,,"{""cap_change"": 1, ""node_down"": 1, ""pod_evicted"": 1, ""race_cancel"": 1}",{},54289,146,172,31,0.3613
kube-fake,no_version_check,12,0,,,"{""api_errors"": 1}",{},104150,196,210,40,0.5936
kube-fake,no_version_check,13,1,I5,replay failed: seq 58 (started w12): no transition from CANCELLED on started,"{""crash"": 1, ""race_cancel"": 1}","{""ended.before_forget"": 1}",,58,62,12,0.1214
kube-fake,no_version_check,14,0,,,"{""observe_stale"": 1, ""policy_fault"": 1}",{},47028,148,173,28,0.3517
kube-fake,no_version_check,15,0,,,"{""api_errors"": 1, ""job_pending"": 1}",{},89817,172,204,38,0.536
kube-fake,no_version_check,16,1,I5,replay failed: seq 85 (started w22): no transition from CANCELLED on started,"{""race_cancel"": 1}",{},,85,89,22,0.1862
kube-fake,no_version_check,17,0,,,"{""cap_change"": 1, ""store_tx_fail"": 1, ""zombie"": 2}",{},81070,158,151,34,0.4436
kube-fake,no_version_check,18,0,,,"{""observe_down"": 1, ""zombie"": 3}",{},61050,150,144,35,0.3984
kube-fake,no_version_check,19,0,,,"{""api_errors"": 1}",{},76050,96,112,20,0.1997
kube-fake,no_version_check,20,0,,,"{""crash"": 1, ""store_outage"": 1}","{""ended.before_forget"": 1}",71070,126,145,21,0.2515
kube-fake,no_version_check,21,0,,,"{""api_errors"": 1, ""node_down"": 1, ""observe_stale"": 1}",{},183204,203,239,39,0.6023
kube-fake,no_version_check,22,0,,,"{""api_errors"": 1, ""observe_stale"": 1, ""policy_fault"": 1}",{},119835,140,162,28,0.3532
kube-fake,no_version_check,23,0,,,"{""crash"": 1, ""policy_fault"": 1, ""race_cancel"": 1}","{""ended.before_forget"": 1}",956,142,158,27,0.3271
kube-fake,no_version_check,24,0,,,"{""observe_stale"": 1, ""race_cancel"": 1}",{},158587,206,227,40,0.6757
kube-fake,no_version_check,25,0,,,"{""pod_evicted"": 1, ""store_outage"": 1, ""zombie"": 1}",{},21611,204,195,36,0.6032
kube-fake,no_version_check,26,0,,,"{""observe_down"": 1}",{},144119,188,205,33,0.4821
kube-fake,no_version_check,27,0,,,"{""store_tx_fail"": 1}",{},141146,182,210,36,0.5335
kube-fake,no_version_check,28,0,,,"{""api_errors"": 1}",{},35051,136,150,27,0.2902
kube-fake,no_version_check,29,1,I5,replay failed: seq 9 (started w3): no transition from CANCELLED on started,"{""race_cancel"": 1}",{},,9,9,3,0.0101
kube-fake,no_version_check,30,0,,,"{""observe_stale"": 2, ""race_cancel"": 1}",{},94405,128,140,26,0.3013
kube-fake,no_version_check,31,0,,,"{""pod_evicted"": 1, ""store_outage"": 1, ""store_tx_fail"": 1}",{},72058,108,140,22,0.2201
kube-fake,no_version_check,32,1,I5,"replay differs from the tables: workload w23: table Workload(id='w23', namespace='team-a', spec={'checkpoint_interval_s': 0, 'command': None, 'cpus': 48, 'estim","{""job_pending"": 1, ""race_cancel"": 1}",{},,165,182,31,0.4061
kube-fake,no_version_check,33,0,,,"{""observe_down"": 1, ""policy_fault"": 1, ""preempt"": 1, ""race_cancel"": 1, ""store_tx_fail"": 1}",{},155761,138,159,25,0.2514
kube-fake,no_version_check,34,0,,,"{""crash"": 1, ""observe_down"": 1, ""observe_stale"": 1, ""zombie"": 1}","{""requeue.before_commit"": 1}",113978,122,12938,26,15.0059
kube-fake,no_version_check,35,0,,,"{""store_tx_fail"": 1, ""zombie"": 1}",{},151146,241,237,39,0.6569
kube-fake,no_version_check,36,0,,,"{""cap_change"": 1, ""job_pending"": 1, ""observe_stale"": 2, ""store_outage"": 1, ""zombie"": 1}",{},76515,112,142,24,0.2572
kube-fake,no_version_check,37,0,,,"{""policy_fault"": 3, ""preempt"": 1, ""zombie"": 1}",{},69589,198,203,35,0.5197
kube-fake,no_version_check,38,1,I5,replay failed: seq 87 (started w20): no transition from CANCELLED on started,"{""crash"": 1, ""race_cancel"": 1, ""store_outage"": 1}","{""submit.after_commit"": 1}",,87,104,20,0.152
kube-fake,no_version_check,39,1,I5,replay failed: seq 215: logged state DEAD_LETTER but the table gives CANCELLED,"{""node_down"": 1, ""observe_down"": 1, ""observe_stale"": 1, ""race_cancel"": 1, ""zombie"": 1}",{},,216,207,40,0.5837
kube-fake,no_version_check,40,0,,,"{""job_pending"": 1}",{},154849,116,123,24,0.2263
kube-fake,no_version_check,41,0,,,"{""store_tx_fail"": 1}",{},188873,152,174,33,0.3487
kube-fake,no_version_check,42,0,,,"{""cap_change"": 1, ""observe_stale"": 2, ""pod_evicted"": 1, ""preempt"": 1, ""race_cancel"": 1}",{},0,140,169,30,0.2566
kube-fake,no_version_check,43,0,,,"{""api_errors"": 1, ""crash"": 1, ""job_pending"": 1, ""observe_down"": 1, ""zombie"": 1}","{""start.after_commit"": 1}",57723,158,166,32,0.4166
kube-fake,no_version_check,44,0,,,"{""job_pending"": 1, ""observe_stale"": 1, ""pod_evicted"": 1, ""store_outage"": 1, ""store_tx_fail"": 1}",{},74175,194,237,37,0.5427
kube-fake,no_version_check,45,0,,,"{""cap_change"": 1, ""crash"": 1}","{""ended.before_forget"": 1}",142298,174,156,38,0.4066
kube-fake,no_version_check,46,0,,,"{""node_down"": 1, ""store_tx_fail"": 1}",{},0,107,135,21,0.2183
kube-fake,no_version_check,47,0,,,"{""crash"": 1, ""node_down"": 1}","{""start.after_commit"": 1}",190101,119,137,24,0.3006
kube-fake,no_version_check,48,0,,,"{""observe_down"": 1, ""observe_stale"": 1, ""preempt"": 1}",{},120109,188,219,35,0.6821
kube-fake,no_version_check,49,0,,,"{""crash"": 1, ""node_down"": 1, ""pod_evicted"": 1}","{""start.after_commit"": 1}",139840,119,149,20,0.2346
kube-fake,no_version_check,50,0,,,"{""cap_change"": 1, ""crash"": 1, ""pod_evicted"": 1, ""store_tx_fail"": 1}","{""submit.after_commit"": 1}",70053,136,158,26,0.3054
kube-fake,no_version_check,51,0,,,"{""preempt"": 1}",{},121736,204,207,33,0.5967
kube-fake,no_version_check,52,0,,,"{""pod_evicted"": 1}",{},127718,220,226,40,0.5479
kube-fake,no_version_check,53,0,,,"{""api_errors"": 1, ""observe_stale"": 1}",{},73806,183,196,34,0.4376
kube-fake,no_version_check,54,1,I5,"replay differs from the tables: workload w13: table Workload(id='w13', namespace='team-b', spec={'checkpoint_interval_s': 0, 'command': None, 'cpus': 12, 'estim","{""node_down"": 1, ""race_cancel"": 1, ""store_outage"": 1}",{},,99,121,22,0.2223
kube-fake,no_version_check,55,1,I5,replay failed: seq 29 (started w7): no transition from CANCELLED on started,"{""node_down"": 1, ""race_cancel"": 1}",{},,29,40,7,0.0478
kube-fake,no_version_check,56,0,,,"{""api_errors"": 1, ""job_pending"": 1, ""pod_evicted"": 1}",{},169226,188,210,38,0.6257
kube-fake,no_version_check,57,0,,,"{""observe_stale"": 1, ""pod_evicted"": 1, ""store_outage"": 1}",{},166793,208,256,38,0.6339
kube-fake,no_version_check,58,0,,,"{""node_down"": 1}",{},116493,179,203,35,0.5113
kube-fake,no_version_check,59,0,,,"{""crash"": 1, ""job_pending"": 1}","{""requeue.before_commit"": 1}",180262,148,174,27,0.3587
kube-fake,no_version_check,60,1,I5,"replay differs from the tables: workload w8: table Workload(id='w8', namespace='team-c', spec={'checkpoint_interval_s': 0, 'command': None, 'cpus': 24, 'estimat","{""race_cancel"": 1}",{},,30,31,8,0.0425
kube-fake,no_version_check,61,0,,,"{""race_cancel"": 1}",{},134432,178,209,34,0.4596
kube-fake,no_version_check,62,0,,,"{""crash"": 1, ""observe_down"": 1, ""store_outage"": 1}","{""submit.after_commit"": 1}",194626,140,169,27,0.4003
kube-fake,no_version_check,63,0,,,"{""node_down"": 1}",{},81731,116,130,24,0.2152
kube-fake,no_version_check,64,0,,,"{""observe_stale"": 1, ""preempt"": 1}",{},141446,198,216,32,0.5528
kube-fake,no_version_check,65,0,,,"{""zombie"": 1}",{},135875,142,155,30,0.3668
kube-fake,no_version_check,66,0,,,{},{},66117,174,192,33,0.483
kube-fake,no_version_check,67,0,,,"{""crash"": 2, ""node_down"": 2, ""pod_evicted"": 1}","{""ended.before_forget"": 1, ""start.after_call"": 1}",11573,128,156,26,0.2845
kube-fake,no_version_check,68,0,,,"{""node_down"": 1, ""pod_evicted"": 1, ""race_cancel"": 1}",{},313462,182,197,36,0.5285
kube-fake,no_version_check,69,0,,,"{""node_down"": 1, ""observe_stale"": 1}",{},202472,157,180,29,0.3408
kube-fake,no_version_check,70,0,,,"{""node_down"": 1}",{},151312,200,214,34,0.5759
kube-fake,no_version_check,71,0,,,"{""api_errors"": 1, ""job_pending"": 1, ""store_outage"": 1, ""store_tx_fail"": 1}",{},179340,196,233,37,0.597
kube-fake,no_version_check,72,0,,,"{""node_down"": 1}",{},153129,106,123,24,0.2427
kube-fake,no_version_check,73,1,I5,"replay differs from the tables: workload w1: table Workload(id='w1', namespace='team-a', spec={'checkpoint_interval_s': 0, 'command': None, 'cpus': 48, 'estimat","{""race_cancel"": 1}",{},,5,6,1,0.0045
kube-fake,no_version_check,74,0,,,"{""race_cancel"": 1}",{},160238,162,178,36,0.468
kube-fake,no_version_check,75,0,,,"{""observe_stale"": 1}",{},168375,92,109,20,0.1746
kube-fake,no_version_check,76,0,,,"{""job_pending"": 1, ""observe_stale"": 1, ""zombie"": 3}",{},46814,132,108,27,0.2976
kube-fake,no_version_check,77,0,,,"{""api_errors"": 1, ""crash"": 2, ""pod_evicted"": 1, ""preempt"": 1, ""store_outage"": 1}","{""ended.before_forget"": 2}",157618,122,151,24,0.2677
kube-fake,no_version_check,78,0,,,"{""crash"": 2, ""job_pending"": 1, ""node_down"": 1, ""preempt"": 1}","{""requeue.before_commit"": 1, ""start.after_commit"": 1}",179072,163,173,23,0.3616
kube-fake,no_version_check,79,0,,,"{""job_pending"": 1, ""policy_fault"": 1}",{},129423,106,124,21,0.1954
kube-fake,no_version_check,80,0,,,"{""observe_down"": 1, ""race_cancel"": 3, ""store_outage"": 1}",{},89388,158,193,32,0.424
kube-fake,no_version_check,81,0,,,"{""pod_evicted"": 1, ""store_tx_fail"": 1}",{},151785,202,222,34,0.4283
kube-fake,no_version_check,82,0,,,"{""crash"": 1, ""pod_evicted"": 1, ""store_outage"": 2}","{""submit.after_commit"": 1}",260330,124,153,25,0.2476
kube-fake,no_version_check,83,0,,,"{""pod_evicted"": 1, ""race_cancel"": 1}",{},146480,188,215,38,0.5707
kube-fake,no_version_check,84,0,,,"{""crash"": 1, ""preempt"": 1, ""race_cancel"": 1}","{""submit.after_commit"": 1}",134770,154,167,32,0.4448
kube-fake,no_version_check,85,0,,,"{""observe_stale"": 1, ""pod_evicted"": 1, ""store_tx_fail"": 1}",{},106782,99,120,21,0.1848
kube-fake,no_version_check,86,0,,,"{""crash"": 1, ""race_cancel"": 1, ""store_outage"": 1, ""store_tx_fail"": 1, ""zombie"": 1}","{""requeue.before_commit"": 1}",162440,229,245,44,0.7351
kube-fake,no_version_check,87,0,,,"{""pod_evicted"": 1}",{},133056,114,125,22,0.2634
kube-fake,no_version_check,88,0,,,"{""api_errors"": 1, ""job_pending"": 2, ""race_cancel"": 2}",{},87085,196,205,37,0.603
kube-fake,no_version_check,89,0,,,"{""crash"": 2, ""observe_stale"": 1, ""pod_evicted"": 1, ""race_cancel"": 1}","{""start.after_commit"": 1, ""stop.before_call"": 1}",125533,186,210,36,0.609
kube-fake,no_version_check,90,0,,,"{""observe_stale"": 1, ""policy_fault"": 1, ""preempt"": 1}",{},123174,170,194,34,0.4829
kube-fake,no_version_check,91,0,,,"{""cap_change"": 1}",{},50109,172,175,35,0.379
kube-fake,no_version_check,92,0,,,"{""crash"": 2, ""preempt"": 1, ""race_cancel"": 1, ""zombie"": 1}","{""ended.before_forget"": 2}",239560,207,184,43,0.5273
kube-fake,no_version_check,93,0,,,"{""crash"": 2, ""race_cancel"": 2, ""store_outage"": 1}","{""ended.before_forget"": 2}",6721,140,166,30,0.3196
kube-fake,no_version_check,94,1,I5,replay failed: seq 171: logged state RETRY_WAIT but the table gives CANCELLED,"{""crash"": 1, ""job_pending"": 1, ""observe_stale"": 1, ""pod_evicted"": 1, ""race_cancel"": 1}","{""stopped.before_commit"": 1}",,171,197,31,0.4232
kube-fake,no_version_check,95,0,,,"{""job_pending"": 1, ""observe_stale"": 1, ""pod_evicted"": 1, ""policy_fault"": 1, ""store_tx_fail"": 1}",{},185110,168,225,34,0.5365
kube-fake,no_version_check,96,0,,,"{""job_pending"": 1, ""zombie"": 2}",{},91335,168,177,33,0.4635
kube-fake,no_version_check,97,0,,,"{""zombie"": 1}",{},116179,150,166,28,0.3326
kube-fake,no_version_check,98,0,,,"{""crash"": 1, ""pod_evicted"": 1, ""store_outage"": 1, ""zombie"": 2}","{""ended.before_forget"": 1}",53797,124,114,26,0.2725
kube-fake,no_version_check,99,0,,,"{""crash"": 2}","{""start.after_commit"": 1, ""stop.before_call"": 1}",163478,224,237,37,0.7105
kube-fake,no_version_check,100,1,I5,"replay differs from the tables: workload w20: table Workload(id='w20', namespace='team-a', spec={'checkpoint_interval_s': 0, 'command': None, 'cpus': 96, 'estim","{""api_errors"": 1, ""race_cancel"": 1}",{},,99,106,21,0.1925
kube-fake,no_version_check,101,0,,,"{""node_down"": 1, ""race_cancel"": 1}",{},113933,179,199,40,0.5119
kube-fake,no_version_check,102,1,I5,"replay differs from the tables: workload w25: table Workload(id='w25', namespace='team-b', spec={'checkpoint_interval_s': 0, 'command': None, 'cpus': 48, 'estim","{""observe_stale"": 1, ""race_cancel"": 1, ""zombie"": 1}",{},,130,129,29,0.2892
kube-fake,no_version_check,103,0,,,"{""api_errors"": 1, ""zombie"": 1}",{},320745,184,172,38,0.5088
kube-fake,no_version_check,104,1,I5,"replay differs from the tables: workload w25: table Workload(id='w25', namespace='team-c', spec={'checkpoint_interval_s': 20, 'command': None, 'cpus': 12, 'esti","{""api_errors"": 1, ""observe_down"": 1, ""policy_fault"": 1, ""race_cancel"": 1, ""store_tx_fail"": 1}",{},,117,134,25,0.2434
kube-fake,no_version_check,105,0,,,"{""pod_evicted"": 1}",{},156160,154,178,33,0.4251
kube-fake,no_version_check,106,0,,,"{""crash"": 1, ""preempt"": 1, ""race_cancel"": 1, ""store_tx_fail"": 1}","{""stop.before_call"": 1}",34134,206,237,39,0.6439
kube-fake,no_version_check,107,0,,,"{""store_tx_fail"": 1}",{},68735,138,169,29,0.3465
kube-fake,no_version_check,108,0,,,"{""observe_stale"": 2}",{},137227,191,218,34,0.5483
kube-fake,no_version_check,109,0,,,"{""policy_fault"": 1}",{},159745,150,176,29,0.3843
kube-fake,no_version_check,110,0,,,"{""observe_stale"": 1, ""race_cancel"": 1, ""zombie"": 1}",{},95537,134,145,24,0.2778
kube-fake,no_version_check,111,0,,,"{""job_pending"": 1, ""observe_down"": 1, ""observe_stale"": 1, ""pod_evicted"": 1, ""preempt"": 1, ""store_outage"": 1}",{},62416,128,134,27,0.3145
kube-fake,no_version_check,112,0,,,"{""store_tx_fail"": 2}",{},136570,110,122,21,0.1877
kube-fake,no_version_check,113,0,,,"{""crash"": 1, ""job_pending"": 1, ""race_cancel"": 2}","{""ended.before_forget"": 1}",30534,128,146,25,0.2987
kube-fake,no_version_check,114,0,,,"{""zombie"": 1}",{},157646,152,151,34,0.3886
kube-fake,no_version_check,115,0,,,"{""crash"": 1, ""job_pending"": 1}","{""requeue.before_commit"": 1}",142837,156,180,32,0.3399
kube-fake,no_version_check,116,0,,,"{""observe_stale"": 1, ""store_outage"": 1}",{},17033,206,233,38,0.6099
kube-fake,no_version_check,117,0,,,"{""observe_down"": 1, ""observe_stale"": 1, ""preempt"": 1, ""store_outage"": 1, ""store_tx_fail"": 1, ""zombie"": 1}",{},174012,140,172,28,0.37
kube-fake,no_version_check,118,0,,,"{""crash"": 1, ""observe_stale"": 1}","{""stop.before_call"": 1}",152532,122,140,23,0.2553
kube-fake,no_version_check,119,1,I5,replay failed: seq 53 (started w14): no transition from CANCELLED on started,"{""race_cancel"": 1}",{},,53,58,14,0.0949
kube-fake,no_version_check,120,0,,,"{""job_pending"": 2}",{},76655,186,208,35,0.5155
kube-fake,no_version_check,121,0,,,"{""preempt"": 1}",{},108146,148,161,31,0.3515
kube-fake,no_version_check,122,0,,,"{""crash"": 2, ""node_down"": 1}","{""requeue.before_commit"": 1, ""start.after_commit"": 1}",107785,131,137,27,0.3068
kube-fake,no_version_check,123,0,,,"{""job_pending"": 1, ""observe_down"": 1, ""preempt"": 1, ""zombie"": 1}",{},164473,144,139,30,0.2726
kube-fake,no_version_check,124,0,,,"{""cap_change"": 1, ""store_outage"": 1}",{},49018,128,137,24,0.2943
kube-fake,no_version_check,125,0,,,"{""cap_change"": 1, ""crash"": 1, ""policy_fault"": 1}","{""stop.before_call"": 1}",76465,136,152,30,0.3328
kube-fake,no_version_check,126,0,,,"{""zombie"": 1}",{},207992,205,216,40,0.6534
kube-fake,no_version_check,127,0,,,"{""crash"": 1, ""observe_stale"": 3, ""preempt"": 1, ""zombie"": 1}","{""start.after_call"": 1}",135913,194,191,35,0.5477
kube-fake,no_version_check,128,0,,,"{""observe_down"": 1}",{},117487,146,165,32,0.3772
kube-fake,no_version_check,129,0,,,"{""crash"": 1, ""pod_evicted"": 1, ""store_tx_fail"": 1, ""zombie"": 1}","{""start.after_call"": 1}",40131,120,107,24,0.2133
kube-fake,no_version_check,130,0,,,"{""race_cancel"": 1, ""store_outage"": 1, ""store_tx_fail"": 1, ""zombie"": 1}",{},139686,202,198,38,0.5283
kube-fake,no_version_check,131,0,,,"{""api_errors"": 1, ""crash"": 1}","{""start.after_commit"": 1}",137966,142,165,26,0.3307
kube-fake,no_version_check,132,0,,,"{""node_down"": 1, ""observe_down"": 1, ""race_cancel"": 1, ""store_outage"": 1, ""zombie"": 1}",{},147569,221,234,45,0.6938
kube-fake,no_version_check,133,0,,,"{""crash"": 1, ""observe_stale"": 1, ""race_cancel"": 1}","{""submit.after_commit"": 1}",34899,132,154,29,0.3122
kube-fake,no_version_check,134,1,I5,replay failed: seq 16 (requeued w4): no transition from CANCELLED on requeued,"{""race_cancel"": 1}",{},,17,18,4,0.0172
kube-fake,no_version_check,135,0,,,"{""api_errors"": 2, ""cap_change"": 1, ""observe_stale"": 1}",{},0,152,181,31,0.4231
kube-fake,no_version_check,136,0,,,"{""store_outage"": 1, ""zombie"": 1}",{},259160,204,183,39,0.485
kube-fake,no_version_check,137,0,,,"{""crash"": 1, ""pod_evicted"": 1, ""store_tx_fail"": 1, ""zombie"": 1}","{""submit.after_commit"": 1}",116150,190,205,38,0.5548
kube-fake,no_version_check,138,0,,,"{""observe_stale"": 2}",{},56899,196,214,35,0.637
kube-fake,no_version_check,139,0,,,"{""observe_stale"": 1}",{},34740,203,220,36,0.595
kube-fake,no_version_check,140,1,I5,replay failed: seq 24 (started w7): no transition from CANCELLED on started,"{""race_cancel"": 1}",{},,24,26,7,0.0248
kube-fake,no_version_check,141,0,,,"{""crash"": 1}","{""start.after_commit"": 1}",89619,122,141,29,0.2643
kube-fake,no_version_check,142,0,,,"{""store_outage"": 1}",{},131067,202,225,38,0.5999
kube-fake,no_version_check,143,0,,,"{""api_errors"": 1, ""node_down"": 1}",{},41092,128,144,23,0.2854
kube-fake,no_version_check,144,0,,,"{""crash"": 1, ""job_pending"": 1, ""node_down"": 2, ""observe_stale"": 1, ""zombie"": 1}","{""requeue.before_commit"": 1}",53607,148,150,28,0.3527
kube-fake,no_version_check,145,1,I5,"replay differs from the tables: workload w12: table Workload(id='w12', namespace='team-c', spec={'checkpoint_interval_s': 0, 'command': None, 'cpus': 12, 'estim","{""cap_change"": 1, ""policy_fault"": 1, ""race_cancel"": 1, ""store_tx_fail"": 1, ""zombie"": 1}",{},,72,67,16,0.148
kube-fake,no_version_check,146,0,,,"{""observe_down"": 1, ""preempt"": 1, ""zombie"": 1}",{},127101,192,194,45,0.5227
kube-fake,no_version_check,147,0,,,"{""store_tx_fail"": 1}",{},165965,132,157,26,0.3495
kube-fake,no_version_check,148,0,,,"{""observe_down"": 1, ""store_tx_fail"": 1}",{},110735,180,189,37,0.4858
kube-fake,no_version_check,149,0,,,"{""job_pending"": 1, ""observe_stale"": 1, ""policy_fault"": 2, ""zombie"": 1}",{},60200,184,189,34,0.4757
kube-fake,no_version_check,150,0,,,"{""crash"": 1, ""node_down"": 1}","{""ended.before_forget"": 1}",179585,181,216,35,0.5606
kube-fake,no_version_check,151,0,,,"{""observe_stale"": 1, ""policy_fault"": 1, ""store_tx_fail"": 1, ""zombie"": 1}",{},152111,198,230,38,0.6612
kube-fake,no_version_check,152,0,,,"{""crash"": 1, ""job_pending"": 1, ""observe_down"": 1, ""preempt"": 1}","{""start.after_call"": 1}",117703,154,175,28,0.3536
kube-fake,no_version_check,153,0,,,"{""policy_fault"": 1}",{},139875,201,209,39,0.6012
kube-fake,no_version_check,154,0,,,"{""api_errors"": 1, ""cap_change"": 1, ""crash"": 1, ""race_cancel"": 1, ""zombie"": 1}","{""requeue.before_commit"": 1}",150573,144,124,35,0.3226
kube-fake,no_version_check,155,0,,,"{""race_cancel"": 1, ""zombie"": 1}",{},88917,140,137,31,0.3111
kube-fake,no_version_check,156,0,,,"{""cap_change"": 1, ""observe_stale"": 1, ""race_cancel"": 1, ""zombie"": 1}",{},147483,202,217,39,0.6213
kube-fake,no_version_check,157,0,,,"{""crash"": 1, ""node_down"": 1, ""observe_stale"": 1, ""policy_fault"": 1, ""preempt"": 1, ""store_outage"": 1}","{""start.after_commit"": 1}",79216,164,197,25,0.4139
kube-fake,no_version_check,158,0,,,"{""api_errors"": 1, ""observe_down"": 1, ""preempt"": 1, ""race_cancel"": 1}",{},76401,143,161,27,0.3562
kube-fake,no_version_check,159,0,,,"{""job_pending"": 1, ""policy_fault"": 1, ""store_tx_fail"": 1}",{},4019,136,154,25,0.3355
kube-fake,no_version_check,160,0,,,"{""crash"": 1, ""node_down"": 1}","{""ended.before_forget"": 1}",158914,192,210,34,0.5012
kube-fake,no_version_check,161,0,,,"{""observe_stale"": 2, ""zombie"": 1}",{},153130,200,185,40,0.5054
kube-fake,no_version_check,162,0,,,"{""job_pending"": 2, ""observe_down"": 1, ""pod_evicted"": 1, ""race_cancel"": 1, ""store_outage"": 1}",{},63227,206,219,35,0.5778
kube-fake,no_version_check,163,0,,,"{""job_pending"": 1, ""store_tx_fail"": 1}",{},60229,178,214,38,0.5289
kube-fake,no_version_check,164,0,,,"{""observe_stale"": 1, ""policy_fault"": 2, ""store_outage"": 1, ""zombie"": 1}",{},124462,193,179,33,0.4414
kube-fake,no_version_check,165,0,,,"{""cap_change"": 2, ""crash"": 1, ""observe_down"": 1, ""policy_fault"": 1, ""store_outage"": 1}","{""submit.after_commit"": 1}",90548,140,171,29,0.3885
kube-fake,no_version_check,166,0,,,"{""observe_down"": 1, ""zombie"": 1}",{},9212,152,156,32,0.4108
kube-fake,no_version_check,167,0,,,"{""cap_change"": 1, ""job_pending"": 1, ""observe_stale"": 1, ""race_cancel"": 1}",{},78107,149,199,28,0.3734
kube-fake,no_version_check,168,0,,,"{""observe_down"": 1, ""policy_fault"": 1, ""race_cancel"": 1, ""store_outage"": 1, ""zombie"": 1}",{},149480,159,185,30,0.4073
kube-fake,no_version_check,169,0,,,"{""api_errors"": 1, ""observe_stale"": 1, ""policy_fault"": 1, ""race_cancel"": 1, ""store_outage"": 1, ""zombie"": 1}",{},172981,175,160,36,0.4469
kube-fake,no_version_check,170,0,,,"{""cap_change"": 1}",{},130933,168,165,33,0.4139
kube-fake,no_version_check,171,0,,,"{""crash"": 1, ""observe_stale"": 1, ""pod_evicted"": 1}","{""start.after_commit"": 1}",116679,136,161,26,0.3903
kube-fake,no_version_check,172,0,,,"{""cap_change"": 1, ""crash"": 2, ""preempt"": 1, ""store_tx_fail"": 1}","{""start.after_call"": 2}",94229,162,193,34,0.4526
kube-fake,no_version_check,173,1,I5,"replay differs from the tables: workload w12: table Workload(id='w12', namespace='team-b', spec={'checkpoint_interval_s': 0, 'command': None, 'cpus': 24, 'estim","{""race_cancel"": 1}",{},,64,72,14,0.1196
kube-fake,no_version_check,174,0,,,"{""zombie"": 2}",{},94599,148,122,30,0.3242
kube-fake,no_version_check,175,0,,,"{""job_pending"": 1}",{},61928,140,164,28,0.3846
kube-fake,no_version_check,176,0,,,"{""crash"": 1, ""job_pending"": 1, ""preempt"": 1, ""zombie"": 2}","{""ended.before_forget"": 1}",51516,225,206,36,0.6687
kube-fake,no_version_check,177,0,,,"{""job_pending"": 1}",{},174245,116,134,28,0.2819
kube-fake,no_version_check,178,0,,,"{""api_errors"": 1, ""store_outage"": 2}",{},126843,128,162,29,0.3276
kube-fake,no_version_check,179,0,,,"{""api_errors"": 1, ""pod_evicted"": 1, ""preempt"": 1, ""store_outage"": 2}",{},215767,140,166,26,0.4039
kube-fake,no_version_check,180,0,,,"{""crash"": 1, ""observe_stale"": 2}","{""stop.before_call"": 1}",50043,140,174,31,0.3782
kube-fake,no_version_check,181,0,,,"{""api_errors"": 1, ""crash"": 1, ""node_down"": 1, ""pod_evicted"": 1, ""store_tx_fail"": 1}","{""start.after_call"": 1}",121863,155,178,30,0.3836
kube-fake,no_version_check,182,0,,,"{""pod_evicted"": 1, ""policy_fault"": 1, ""race_cancel"": 1, ""store_outage"": 1, ""zombie"": 2}",{},163949,188,187,37,0.5384
kube-fake,no_version_check,183,1,I5,"replay differs from the tables: workload w3: table Workload(id='w3', namespace='team-a', spec={'checkpoint_interval_s': 0, 'command': None, 'cpus': 96, 'estimat","{""observe_down"": 1, ""preempt"": 2, ""race_cancel"": 1}",{},,13,16,4,0.0181
kube-fake,no_version_check,184,1,I5,replay failed: seq 19 (started w6): no transition from CANCELLED on started,"{""race_cancel"": 1, ""store_outage"": 1}",{},,19,29,6,0.0295
kube-fake,no_version_check,185,0,,,"{""node_down"": 1, ""pod_evicted"": 1, ""policy_fault"": 2, ""zombie"": 1}",{},41674,135,149,25,0.3647
kube-fake,no_version_check,186,0,,,"{""api_errors"": 1, ""crash"": 2, ""observe_stale"": 1, ""race_cancel"": 1}","{""requeue.before_commit"": 1, ""start.after_commit"": 1}",155896,118,140,24,0.3064
kube-fake,no_version_check,187,1,I5,"replay differs from the tables: workload w20: table Workload(id='w20', namespace='team-a', spec={'checkpoint_interval_s': 5, 'command': None, 'cpus': 12, 'estim","{""race_cancel"": 1}",{},,84,90,22,0.2069
kube-fake,no_version_check,188,0,,,"{""api_errors"": 1, ""node_down"": 1, ""pod_evicted"": 2, ""race_cancel"": 1, ""zombie"": 1}",{},74201,207,187,36,0.615
kube-fake,no_version_check,189,0,,,"{""observe_stale"": 1}",{},80972,128,137,21,0.3241
kube-fake,no_version_check,190,0,,,"{""job_pending"": 2, ""observe_down"": 1, ""policy_fault"": 1, ""preempt"": 1, ""race_cancel"": 1}",{},85203,136,175,25,0.3807
kube-fake,no_version_check,191,0,,,"{""node_down"": 1, ""observe_stale"": 1, ""pod_evicted"": 1, ""zombie"": 1}",{},121376,163,181,35,0.4731
kube-fake,no_version_check,192,1,I5,replay failed: seq 13 (started w4): no transition from CANCELLED on started,"{""race_cancel"": 1}",{},,13,13,4,0.0153
kube-fake,no_version_check,193,0,,,"{""cap_change"": 1, ""observe_stale"": 2, ""policy_fault"": 1, ""race_cancel"": 1, ""store_tx_fail"": 1}",{},176012,210,237,39,0.7381
kube-fake,no_version_check,194,0,,,"{""crash"": 2, ""policy_fault"": 1, ""store_tx_fail"": 1}","{""ended.before_forget"": 1, ""start.after_call"": 1}",74581,164,194,30,0.5225
kube-fake,no_version_check,195,0,,,"{""crash"": 2, ""job_pending"": 1, ""store_outage"": 2, ""store_tx_fail"": 1}","{""ended.before_forget"": 1, ""stopped.before_commit"": 1}",158460,144,187,26,0.3788
kube-fake,no_version_check,196,0,,,"{""api_errors"": 1}",{},149574,166,184,26,0.4284
kube-fake,no_version_check,197,0,,,"{""race_cancel"": 1, ""zombie"": 1}",{},151025,218,213,44,0.7154
kube-fake,no_version_check,198,0,,,"{""crash"": 2, ""zombie"": 1}","{""start.after_commit"": 1, ""stop.before_call"": 1}",79763,150,147,33,0.3913
kube-fake,no_version_check,199,0,,,"{""job_pending"": 1, ""policy_fault"": 2, ""zombie"": 1}",{},168504,156,163,34,0.4415
kube-fake,no_version_check,200,1,I5,replay failed: seq 313: logged state DEAD_LETTER but the table gives CANCELLED,"{""cap_change"": 1, ""crash"": 1, ""node_down"": 1, ""race_cancel"": 1, ""zombie"": 1}","{""submit.after_commit"": 1}",,313,262,39,0.9576
kube-fake,none,1,0,,,"{""preempt"": 1, ""race_cancel"": 1, ""store_tx_fail"": 1}",{},41938,188,186,32,0.3823
kube-fake,none,2,0,,,"{""job_pending"": 1, ""policy_fault"": 2, ""zombie"": 1}",{},88182,138,140,29,0.2584
kube-fake,none,3,0,,,"{""node_down"": 1, ""observe_stale"": 1, ""store_outage"": 1, ""zombie"": 2}",{},175553,244,224,47,0.5356
kube-fake,none,4,0,,,"{""job_pending"": 1, ""pod_evicted"": 1}",{},120675,174,201,35,0.3869
kube-fake,none,5,0,,,"{""api_errors"": 1, ""crash"": 1}","{""submit.after_commit"": 1}",192541,106,127,23,0.1524
kube-fake,none,6,0,,,"{""cap_change"": 1, ""policy_fault"": 2, ""race_cancel"": 1}",{},161723,94,113,20,0.1216
kube-fake,none,7,0,,,"{""race_cancel"": 1}",{},116102,121,146,24,0.2109
kube-fake,none,8,0,,,"{""crash"": 3, ""observe_down"": 1, ""store_outage"": 1}","{""requeue.before_commit"": 1, ""stop.before_call"": 1, ""submit.after_commit"": 1}",116491,130,154,26,0.2127
kube-fake,none,9,0,,,"{""cap_change"": 1, ""observe_down"": 1, ""observe_stale"": 1, ""race_cancel"": 1, ""store_outage"": 1}",{},43957,109,134,21,0.1698
kube-fake,none,10,0,,,"{""crash"": 1, ""policy_fault"": 1, ""zombie"": 1}","{""start.after_commit"": 1}",8147,120,140,27,0.2427
kube-fake,none,11,0,,,"{""cap_change"": 1, ""node_down"": 1, ""pod_evicted"": 1, ""race_cancel"": 1}",{},54289,146,172,31,0.2627
kube-fake,none,12,0,,,"{""api_errors"": 1}",{},104150,196,210,40,0.4106
kube-fake,none,13,0,,,"{""crash"": 1, ""pod_evicted"": 1, ""race_cancel"": 1}","{""ended.before_forget"": 1}",313702,198,221,37,0.3509
kube-fake,none,14,0,,,"{""observe_stale"": 1, ""policy_fault"": 1}",{},47028,148,173,28,0.2502
kube-fake,none,15,0,,,"{""api_errors"": 1, ""job_pending"": 1}",{},89817,172,204,38,0.3719
kube-fake,none,16,0,,,"{""race_cancel"": 1}",{},93717,92,102,23,0.1114
kube-fake,none,17,0,,,"{""cap_change"": 1, ""store_tx_fail"": 1, ""zombie"": 2}",{},81070,158,151,34,0.2938
kube-fake,none,18,0,,,"{""observe_down"": 1, ""zombie"": 3}",{},61050,150,144,35,0.2588
kube-fake,none,19,0,,,"{""api_errors"": 1}",{},76050,96,112,20,0.1451
kube-fake,none,20,0,,,"{""crash"": 1, ""store_outage"": 1}","{""ended.before_forget"": 1}",71070,126,145,21,0.1722
kube-fake,none,21,0,,,"{""api_errors"": 1, ""node_down"": 1, ""observe_stale"": 1}",{},183204,203,239,39,0.373
kube-fake,none,22,0,,,"{""api_errors"": 1, ""observe_stale"": 1, ""policy_fault"": 1}",{},119835,140,162,28,0.2246
kube-fake,none,23,0,,,"{""crash"": 1, ""policy_fault"": 1, ""race_cancel"": 1}","{""ended.before_forget"": 1}",956,142,158,27,0.2442
kube-fake,none,24,0,,,"{""observe_stale"": 1, ""race_cancel"": 1}",{},158587,206,227,40,0.4756
kube-fake,none,25,0,,,"{""pod_evicted"": 1, ""store_outage"": 1, ""zombie"": 1}",{},21611,204,195,36,0.4229
kube-fake,none,26,0,,,"{""observe_down"": 1}",{},144119,188,205,33,0.3936
kube-fake,none,27,0,,,"{""store_tx_fail"": 1}",{},141146,182,210,36,0.4052
kube-fake,none,28,0,,,"{""api_errors"": 1}",{},35051,136,150,27,0.2231
kube-fake,none,29,0,,,"{""race_cancel"": 1}",{},112635,136,147,26,0.2079
kube-fake,none,30,0,,,"{""observe_stale"": 2, ""race_cancel"": 1}",{},94405,128,140,26,0.1933
kube-fake,none,31,0,,,"{""pod_evicted"": 1, ""store_outage"": 1, ""store_tx_fail"": 1}",{},72058,108,140,22,0.1687
kube-fake,none,32,0,,,"{""job_pending"": 1, ""node_down"": 1, ""race_cancel"": 2, ""zombie"": 1}",{},163679,220,234,40,0.4868
kube-fake,none,33,0,,,"{""observe_down"": 1, ""policy_fault"": 1, ""preempt"": 1, ""race_cancel"": 1, ""store_tx_fail"": 1}",{},155761,138,159,25,0.2219
kube-fake,none,34,0,,,"{""crash"": 1, ""observe_down"": 1, ""observe_stale"": 1, ""zombie"": 1}","{""requeue.before_commit"": 1}",113978,122,12938,26,10.9663
kube-fake,none,35,0,,,"{""store_tx_fail"": 1, ""zombie"": 1}",{},151146,241,237,39,0.4828
kube-fake,none,36,0,,,"{""cap_change"": 1, ""job_pending"": 1, ""observe_stale"": 2, ""store_outage"": 1, ""zombie"": 1}",{},76515,112,142,24,0.1674
kube-fake,none,37,0,,,"{""policy_fault"": 3, ""preempt"": 1, ""zombie"": 1}",{},69589,198,203,35,0.3449
kube-fake,none,38,0,,,"{""crash"": 1, ""race_cancel"": 1, ""store_outage"": 1}","{""submit.after_commit"": 1}",111532,112,141,25,0.1481
kube-fake,none,39,0,,,"{""node_down"": 1, ""observe_down"": 1, ""observe_stale"": 2, ""race_cancel"": 1, ""zombie"": 1}",{},117256,249,244,40,0.5301
kube-fake,none,40,0,,,"{""job_pending"": 1}",{},154849,116,123,24,0.1667
kube-fake,none,41,0,,,"{""store_tx_fail"": 1}",{},188873,152,174,33,0.2424
kube-fake,none,42,0,,,"{""cap_change"": 1, ""observe_stale"": 2, ""pod_evicted"": 1, ""preempt"": 1, ""race_cancel"": 1}",{},0,140,169,30,0.2166
kube-fake,none,43,0,,,"{""api_errors"": 1, ""crash"": 1, ""job_pending"": 1, ""observe_down"": 1, ""zombie"": 1}","{""start.after_commit"": 1}",57723,158,166,32,0.2728
kube-fake,none,44,0,,,"{""job_pending"": 1, ""observe_stale"": 1, ""pod_evicted"": 1, ""store_outage"": 1, ""store_tx_fail"": 1}",{},74175,194,237,37,0.3986
kube-fake,none,45,0,,,"{""cap_change"": 1, ""crash"": 1}","{""ended.before_forget"": 1}",142298,174,156,38,0.2848
kube-fake,none,46,0,,,"{""node_down"": 1, ""store_tx_fail"": 1}",{},0,107,135,21,0.1488
kube-fake,none,47,0,,,"{""crash"": 1, ""node_down"": 1}","{""start.after_commit"": 1}",190101,119,137,24,0.2106
kube-fake,none,48,0,,,"{""observe_down"": 1, ""observe_stale"": 1, ""preempt"": 1}",{},120109,188,219,35,0.4231
kube-fake,none,49,0,,,"{""crash"": 1, ""node_down"": 1, ""pod_evicted"": 1}","{""start.after_commit"": 1}",139840,119,149,20,0.154
kube-fake,none,50,0,,,"{""cap_change"": 1, ""crash"": 1, ""pod_evicted"": 1, ""store_tx_fail"": 1}","{""submit.after_commit"": 1}",70053,136,158,26,0.2196
kube-fake,none,51,0,,,"{""preempt"": 1}",{},121736,204,207,33,0.3656
kube-fake,none,52,0,,,"{""pod_evicted"": 1}",{},127718,220,226,40,0.4159
kube-fake,none,53,0,,,"{""api_errors"": 1, ""observe_stale"": 1}",{},73806,183,196,34,0.3103
kube-fake,none,54,0,,,"{""node_down"": 2, ""race_cancel"": 3, ""store_outage"": 1}",{},71637,113,147,23,0.1914
kube-fake,none,55,0,,,"{""node_down"": 1, ""race_cancel"": 1}",{},137041,97,126,22,0.1723
kube-fake,none,56,0,,,"{""api_errors"": 1, ""job_pending"": 1, ""pod_evicted"": 1}",{},169226,188,210,38,0.4139
kube-fake,none,57,0,,,"{""observe_stale"": 1, ""pod_evicted"": 1, ""store_outage"": 1}",{},166793,208,256,38,0.3835
kube-fake,none,58,0,,,"{""node_down"": 1}",{},116493,179,203,35,0.3496
kube-fake,none,59,0,,,"{""crash"": 1, ""job_pending"": 1}","{""requeue.before_commit"": 1}",180262,148,174,27,0.2599
kube-fake,none,60,0,,,"{""api_errors"": 1, ""crash"": 1, ""race_cancel"": 1}","{""start.after_call"": 1}",118629,123,145,28,0.2411
kube-fake,none,61,0,,,"{""race_cancel"": 1}",{},134432,178,209,34,0.3413
kube-fake,none,62,0,,,"{""crash"": 1, ""observe_down"": 1, ""store_outage"": 1}","{""submit.after_commit"": 1}",194626,140,169,27,0.2662
kube-fake,none,63,0,,,"{""node_down"": 1}",{},81731,116,130,24,0.1372
kube-fake,none,64,0,,,"{""observe_stale"": 1, ""preempt"": 1}",{},141446,198,216,32,0.3844
kube-fake,none,65,0,,,"{""zombie"": 1}",{},135875,142,155,30,0.2337
kube-fake,none,66,0,,,{},{},66117,174,192,33,0.3314
kube-fake,none,67,0,,,"{""crash"": 2, ""node_down"": 2, ""pod_evicted"": 1}","{""ended.before_forget"": 1, ""start.after_call"": 1}",11573,128,156,26,0.1964
kube-fake,none,68,0,,,"{""node_down"": 1, ""pod_evicted"": 1, ""race_cancel"": 1}",{},313462,182,197,36,0.3472
kube-fake,none,69,0,,,"{""node_down"": 1, ""observe_stale"": 1}",{},202472,157,180,29,0.2727
kube-fake,none,70,0,,,"{""node_down"": 1}",{},151312,200,214,34,0.3688
kube-fake,none,71,0,,,"{""api_errors"": 1, ""job_pending"": 1, ""store_outage"": 1, ""store_tx_fail"": 1}",{},179340,196,233,37,0.4569
kube-fake,none,72,0,,,"{""node_down"": 1}",{},153129,106,123,24,0.1696
kube-fake,none,73,0,,,"{""observe_down"": 1, ""race_cancel"": 1, ""zombie"": 1}",{},117414,125,141,28,0.2077
kube-fake,none,74,0,,,"{""race_cancel"": 1}",{},160238,162,178,36,0.3034
kube-fake,none,75,0,,,"{""observe_stale"": 1}",{},168375,92,109,20,0.1264
kube-fake,none,76,0,,,"{""job_pending"": 1, ""observe_stale"": 1, ""zombie"": 3}",{},46814,132,108,27,0.1964
kube-fake,none,77,0,,,"{""api_errors"": 1, ""crash"": 2, ""pod_evicted"": 1, ""preempt"": 1, ""store_outage"": 1}","{""ended.before_forget"": 2}",157618,122,151,24,0.1882
kube-fake,none,78,0,,,"{""crash"": 2, ""job_pending"": 1, ""node_down"": 1, ""preempt"": 1}","{""requeue.before_commit"": 1, ""start.after_commit"": 1}",179072,163,173,23,0.2639
kube-fake,none,79,0,,,"{""job_pending"": 1, ""policy_fault"": 1}",{},129423,106,124,21,0.1591
kube-fake,none,80,0,,,"{""observe_down"": 1, ""race_cancel"": 3, ""store_outage"": 1}",{},89388,158,193,32,0.3392
kube-fake,none,81,0,,,"{""pod_evicted"": 1, ""store_tx_fail"": 1}",{},151785,202,222,34,0.3126
kube-fake,none,82,0,,,"{""crash"": 1, ""pod_evicted"": 1, ""store_outage"": 2}","{""submit.after_commit"": 1}",260330,124,153,25,0.1844
kube-fake,none,83,0,,,"{""pod_evicted"": 1, ""race_cancel"": 1}",{},146480,188,215,38,0.3792
kube-fake,none,84,0,,,"{""crash"": 1, ""preempt"": 1, ""race_cancel"": 1}","{""submit.after_commit"": 1}",134770,154,167,32,0.273
kube-fake,none,85,0,,,"{""observe_stale"": 1, ""pod_evicted"": 1, ""store_tx_fail"": 1}",{},106782,99,120,21,0.1363
kube-fake,none,86,0,,,"{""crash"": 1, ""race_cancel"": 1, ""store_outage"": 1, ""store_tx_fail"": 1, ""zombie"": 1}","{""requeue.before_commit"": 1}",162440,229,245,44,0.5012
kube-fake,none,87,0,,,"{""pod_evicted"": 1}",{},133056,114,125,22,0.1765
kube-fake,none,88,0,,,"{""api_errors"": 1, ""job_pending"": 2, ""race_cancel"": 2}",{},87085,196,205,37,0.3858
kube-fake,none,89,0,,,"{""crash"": 2, ""observe_stale"": 1, ""pod_evicted"": 1, ""race_cancel"": 1}","{""start.after_commit"": 1, ""stop.before_call"": 1}",125533,186,210,36,0.44
kube-fake,none,90,0,,,"{""observe_stale"": 1, ""policy_fault"": 1, ""preempt"": 1}",{},123174,170,194,34,0.406
kube-fake,none,91,0,,,"{""cap_change"": 1}",{},50109,172,175,35,0.2726
kube-fake,none,92,0,,,"{""crash"": 2, ""preempt"": 1, ""race_cancel"": 1, ""zombie"": 1}","{""ended.before_forget"": 2}",239560,207,184,43,0.3827
kube-fake,none,93,0,,,"{""crash"": 2, ""race_cancel"": 2, ""store_outage"": 1}","{""ended.before_forget"": 2}",6721,140,166,30,0.2646
kube-fake,none,94,0,,,"{""crash"": 1, ""job_pending"": 1, ""observe_stale"": 1, ""pod_evicted"": 1, ""race_cancel"": 1}","{""stopped.before_commit"": 1}",32938,173,203,31,0.3443
kube-fake,none,95,0,,,"{""job_pending"": 1, ""observe_stale"": 1, ""pod_evicted"": 1, ""policy_fault"": 1, ""store_tx_fail"": 1}",{},185110,168,225,34,0.4066
kube-fake,none,96,0,,,"{""job_pending"": 1, ""zombie"": 2}",{},91335,168,177,33,0.3736
kube-fake,none,97,0,,,"{""zombie"": 1}",{},116179,150,166,28,0.2228
kube-fake,none,98,0,,,"{""crash"": 1, ""pod_evicted"": 1, ""store_outage"": 1, ""zombie"": 2}","{""ended.before_forget"": 1}",53797,124,114,26,0.2078
kube-fake,none,99,0,,,"{""crash"": 2}","{""start.after_commit"": 1, ""stop.before_call"": 1}",163478,224,237,37,0.5603
kube-fake,none,100,0,,,"{""api_errors"": 1, ""cap_change"": 1, ""observe_stale"": 1, ""race_cancel"": 1}",{},67827,135,162,26,0.2398
kube-fake,none,101,0,,,"{""node_down"": 1, ""race_cancel"": 1}",{},113933,179,199,40,0.3797
kube-fake,none,102,0,,,"{""observe_stale"": 1, ""race_cancel"": 1, ""zombie"": 1}",{},66361,131,132,29,0.2355
kube-fake,none,103,0,,,"{""api_errors"": 1, ""zombie"": 1}",{},320745,184,172,38,0.3794
kube-fake,none,104,0,,,"{""api_errors"": 1, ""observe_down"": 1, ""policy_fault"": 1, ""race_cancel"": 1, ""store_tx_fail"": 1}",{},68105,117,136,25,0.1659
kube-fake,none,105,0,,,"{""pod_evicted"": 1}",{},156160,154,178,33,0.3546
kube-fake,none,106,0,,,"{""crash"": 1, ""preempt"": 1, ""race_cancel"": 1, ""store_tx_fail"": 1}","{""stop.before_call"": 1}",34134,206,237,39,0.4528
kube-fake,none,107,0,,,"{""store_tx_fail"": 1}",{},68735,138,169,29,0.237
kube-fake,none,108,0,,,"{""observe_stale"": 2}",{},137227,191,218,34,0.3946
kube-fake,none,109,0,,,"{""policy_fault"": 1}",{},159745,150,176,29,0.264
kube-fake,none,110,0,,,"{""observe_stale"": 1, ""race_cancel"": 1, ""zombie"": 1}",{},95537,134,145,24,0.2083
kube-fake,none,111,0,,,"{""job_pending"": 1, ""observe_down"": 1, ""observe_stale"": 1, ""pod_evicted"": 1, ""preempt"": 1, ""store_outage"": 1}",{},62416,128,134,27,0.2205
kube-fake,none,112,0,,,"{""store_tx_fail"": 2}",{},136570,110,122,21,0.1495
kube-fake,none,113,0,,,"{""crash"": 1, ""job_pending"": 1, ""race_cancel"": 2}","{""ended.before_forget"": 1}",30534,128,146,25,0.2207
kube-fake,none,114,0,,,"{""zombie"": 1}",{},157646,152,151,34,0.2743
kube-fake,none,115,0,,,"{""crash"": 1, ""job_pending"": 1}","{""requeue.before_commit"": 1}",142837,156,180,32,0.2581
kube-fake,none,116,0,,,"{""observe_stale"": 1, ""store_outage"": 1}",{},17033,206,233,38,0.4574
kube-fake,none,117,0,,,"{""observe_down"": 1, ""observe_stale"": 1, ""preempt"": 1, ""store_outage"": 1, ""store_tx_fail"": 1, ""zombie"": 1}",{},174012,140,172,28,0.2638
kube-fake,none,118,0,,,"{""crash"": 1, ""observe_stale"": 1}","{""stop.before_call"": 1}",152532,122,140,23,0.1838
kube-fake,none,119,0,,,"{""job_pending"": 1, ""pod_evicted"": 1, ""preempt"": 1, ""race_cancel"": 1}",{},8541,128,158,30,0.2422
kube-fake,none,120,0,,,"{""job_pending"": 2}",{},76655,186,208,35,0.4475
kube-fake,none,121,0,,,"{""preempt"": 1}",{},108146,148,161,31,0.2608
kube-fake,none,122,0,,,"{""crash"": 2, ""node_down"": 1}","{""requeue.before_commit"": 1, ""start.after_commit"": 1}",107785,131,137,27,0.205
kube-fake,none,123,0,,,"{""job_pending"": 1, ""observe_down"": 1, ""preempt"": 1, ""zombie"": 1}",{},164473,144,139,30,0.215
kube-fake,none,124,0,,,"{""cap_change"": 1, ""store_outage"": 1}",{},49018,128,137,24,0.2123
kube-fake,none,125,0,,,"{""cap_change"": 1, ""crash"": 1, ""policy_fault"": 1}","{""stop.before_call"": 1}",76465,136,152,30,0.2273
kube-fake,none,126,0,,,"{""zombie"": 1}",{},207992,205,216,40,0.4965
kube-fake,none,127,0,,,"{""crash"": 1, ""observe_stale"": 3, ""preempt"": 1, ""zombie"": 1}","{""start.after_call"": 1}",135913,194,191,35,0.3824
kube-fake,none,128,0,,,"{""observe_down"": 1}",{},117487,146,165,32,0.2743
kube-fake,none,129,0,,,"{""crash"": 1, ""pod_evicted"": 1, ""store_tx_fail"": 1, ""zombie"": 1}","{""start.after_call"": 1}",40131,120,107,24,0.1539
kube-fake,none,130,0,,,"{""race_cancel"": 1, ""store_outage"": 1, ""store_tx_fail"": 1, ""zombie"": 1}",{},139686,202,198,38,0.4131
kube-fake,none,131,0,,,"{""api_errors"": 1, ""crash"": 1}","{""start.after_commit"": 1}",137966,142,165,26,0.2565
kube-fake,none,132,0,,,"{""node_down"": 1, ""observe_down"": 1, ""race_cancel"": 1, ""store_outage"": 1, ""zombie"": 1}",{},147569,221,234,45,0.4866
kube-fake,none,133,0,,,"{""crash"": 1, ""observe_stale"": 1, ""race_cancel"": 1}","{""submit.after_commit"": 1}",34899,132,154,29,0.2189
kube-fake,none,134,0,,,"{""pod_evicted"": 1, ""race_cancel"": 1}",{},135396,143,166,26,0.2539
kube-fake,none,135,0,,,"{""api_errors"": 2, ""cap_change"": 1, ""observe_stale"": 1}",{},0,152,181,31,0.2879
kube-fake,none,136,0,,,"{""store_outage"": 1, ""zombie"": 1}",{},259160,204,183,39,0.3756
kube-fake,none,137,0,,,"{""crash"": 1, ""pod_evicted"": 1, ""store_tx_fail"": 1, ""zombie"": 1}","{""submit.after_commit"": 1}",116150,190,205,38,0.3875
kube-fake,none,138,0,,,"{""observe_stale"": 2}",{},56899,196,214,35,0.4814
kube-fake,none,139,0,,,"{""observe_stale"": 1}",{},34740,203,220,36,0.4149
kube-fake,none,140,0,,,"{""observe_stale"": 1, ""policy_fault"": 1, ""race_cancel"": 2}",{},66423,112,141,27,0.2079
kube-fake,none,141,0,,,"{""crash"": 1}","{""start.after_commit"": 1}",89619,122,141,29,0.1897
kube-fake,none,142,0,,,"{""store_outage"": 1}",{},131067,202,225,38,0.4237
kube-fake,none,143,0,,,"{""api_errors"": 1, ""node_down"": 1}",{},41092,128,144,23,0.1915
kube-fake,none,144,0,,,"{""crash"": 1, ""job_pending"": 1, ""node_down"": 2, ""observe_stale"": 1, ""zombie"": 1}","{""requeue.before_commit"": 1}",53607,148,150,28,0.2341
kube-fake,none,145,0,,,"{""cap_change"": 1, ""policy_fault"": 1, ""race_cancel"": 1, ""store_tx_fail"": 1, ""zombie"": 1}",{},136849,107,109,22,0.155
kube-fake,none,146,0,,,"{""observe_down"": 1, ""preempt"": 1, ""zombie"": 1}",{},127101,192,194,45,0.4545
kube-fake,none,147,0,,,"{""store_tx_fail"": 1}",{},165965,132,157,26,0.2547
kube-fake,none,148,0,,,"{""observe_down"": 1, ""store_tx_fail"": 1}",{},110735,180,189,37,0.3455
kube-fake,none,149,0,,,"{""job_pending"": 1, ""observe_stale"": 1, ""policy_fault"": 2, ""zombie"": 1}",{},60200,184,189,34,0.3656
kube-fake,none,150,0,,,"{""crash"": 1, ""node_down"": 1}","{""ended.before_forget"": 1}",179585,181,216,35,0.3899
kube-fake,none,151,0,,,"{""observe_stale"": 1, ""policy_fault"": 1, ""store_tx_fail"": 1, ""zombie"": 1}",{},152111,198,230,38,0.4866
kube-fake,none,152,0,,,"{""crash"": 1, ""job_pending"": 1, ""observe_down"": 1, ""preempt"": 1}","{""start.after_call"": 1}",117703,154,175,28,0.2719
kube-fake,none,153,0,,,"{""policy_fault"": 1}",{},139875,201,209,39,0.4378
kube-fake,none,154,0,,,"{""api_errors"": 1, ""cap_change"": 1, ""crash"": 1, ""race_cancel"": 1, ""zombie"": 1}","{""requeue.before_commit"": 1}",150573,144,124,35,0.2438
kube-fake,none,155,0,,,"{""race_cancel"": 1, ""zombie"": 1}",{},88917,140,137,31,0.2515
kube-fake,none,156,0,,,"{""cap_change"": 1, ""observe_stale"": 1, ""race_cancel"": 1, ""zombie"": 1}",{},147483,202,217,39,0.4263
kube-fake,none,157,0,,,"{""crash"": 1, ""node_down"": 1, ""observe_stale"": 1, ""policy_fault"": 1, ""preempt"": 1, ""store_outage"": 1}","{""start.after_commit"": 1}",79216,164,197,25,0.3304
kube-fake,none,158,0,,,"{""api_errors"": 1, ""observe_down"": 1, ""preempt"": 1, ""race_cancel"": 1}",{},76401,143,161,27,0.268
kube-fake,none,159,0,,,"{""job_pending"": 1, ""policy_fault"": 1, ""store_tx_fail"": 1}",{},4019,136,154,25,0.2329
kube-fake,none,160,0,,,"{""crash"": 1, ""node_down"": 1}","{""ended.before_forget"": 1}",158914,192,210,34,0.3291
kube-fake,none,161,0,,,"{""observe_stale"": 2, ""zombie"": 1}",{},153130,200,185,40,0.4052
kube-fake,none,162,0,,,"{""job_pending"": 2, ""observe_down"": 1, ""pod_evicted"": 1, ""race_cancel"": 1, ""store_outage"": 1}",{},63227,206,219,35,0.3978
kube-fake,none,163,0,,,"{""job_pending"": 1, ""store_tx_fail"": 1}",{},60229,178,214,38,0.4227
kube-fake,none,164,0,,,"{""observe_stale"": 1, ""policy_fault"": 2, ""store_outage"": 1, ""zombie"": 1}",{},124462,193,179,33,0.3248
kube-fake,none,165,0,,,"{""cap_change"": 2, ""crash"": 1, ""observe_down"": 1, ""policy_fault"": 1, ""store_outage"": 1}","{""submit.after_commit"": 1}",90548,140,171,29,0.3108
kube-fake,none,166,0,,,"{""observe_down"": 1, ""zombie"": 1}",{},9212,152,156,32,0.2799
kube-fake,none,167,0,,,"{""cap_change"": 1, ""job_pending"": 1, ""observe_stale"": 1, ""race_cancel"": 1}",{},78107,149,199,28,0.2826
kube-fake,none,168,0,,,"{""observe_down"": 1, ""policy_fault"": 1, ""race_cancel"": 1, ""store_outage"": 1, ""zombie"": 1}",{},149480,159,185,30,0.2755
kube-fake,none,169,0,,,"{""api_errors"": 1, ""observe_stale"": 1, ""policy_fault"": 1, ""race_cancel"": 1, ""store_outage"": 1, ""zombie"": 1}",{},172981,175,160,36,0.3228
kube-fake,none,170,0,,,"{""cap_change"": 1}",{},130933,168,165,33,0.3153
kube-fake,none,171,0,,,"{""crash"": 1, ""observe_stale"": 1, ""pod_evicted"": 1}","{""start.after_commit"": 1}",116679,136,161,26,0.2663
kube-fake,none,172,0,,,"{""cap_change"": 1, ""crash"": 2, ""preempt"": 1, ""store_tx_fail"": 1}","{""start.after_call"": 2}",94229,162,193,34,0.3298
kube-fake,none,173,0,,,"{""race_cancel"": 1}",{},80526,117,136,24,0.1959
kube-fake,none,174,0,,,"{""zombie"": 2}",{},94599,148,122,30,0.2325
kube-fake,none,175,0,,,"{""job_pending"": 1}",{},61928,140,164,28,0.2417
kube-fake,none,176,0,,,"{""crash"": 1, ""job_pending"": 1, ""preempt"": 1, ""zombie"": 2}","{""ended.before_forget"": 1}",51516,225,206,36,0.4421
kube-fake,none,177,0,,,"{""job_pending"": 1}",{},174245,116,134,28,0.1955
kube-fake,none,178,0,,,"{""api_errors"": 1, ""store_outage"": 2}",{},126843,128,162,29,0.2273
kube-fake,none,179,0,,,"{""api_errors"": 1, ""pod_evicted"": 1, ""preempt"": 1, ""store_outage"": 2}",{},215767,140,166,26,0.2489
kube-fake,none,180,0,,,"{""crash"": 1, ""observe_stale"": 2}","{""stop.before_call"": 1}",50043,140,174,31,0.2742
kube-fake,none,181,0,,,"{""api_errors"": 1, ""crash"": 1, ""node_down"": 1, ""pod_evicted"": 1, ""store_tx_fail"": 1}","{""start.after_call"": 1}",121863,155,178,30,0.2573
kube-fake,none,182,0,,,"{""pod_evicted"": 1, ""policy_fault"": 1, ""race_cancel"": 1, ""store_outage"": 1, ""zombie"": 2}",{},163949,188,187,37,0.3445
kube-fake,none,183,0,,,"{""cap_change"": 1, ""observe_down"": 1, ""preempt"": 2, ""race_cancel"": 1}",{},32307,102,121,21,0.159
kube-fake,none,184,0,,,"{""api_errors"": 1, ""race_cancel"": 1, ""store_outage"": 2, ""zombie"": 1}",{},154334,178,199,36,0.4115
kube-fake,none,185,0,,,"{""node_down"": 1, ""pod_evicted"": 1, ""policy_fault"": 2, ""zombie"": 1}",{},41674,135,149,25,0.2433
kube-fake,none,186,0,,,"{""api_errors"": 1, ""crash"": 2, ""observe_stale"": 1, ""race_cancel"": 1}","{""requeue.before_commit"": 1, ""start.after_commit"": 1}",155896,118,140,24,0.1975
kube-fake,none,187,0,,,"{""pod_evicted"": 1, ""race_cancel"": 1, ""zombie"": 1}",{},90207,129,121,31,0.225
kube-fake,none,188,0,,,"{""api_errors"": 1, ""node_down"": 1, ""pod_evicted"": 2, ""race_cancel"": 1, ""zombie"": 1}",{},74201,207,187,36,0.4369
kube-fake,none,189,0,,,"{""observe_stale"": 1}",{},80972,128,137,21,0.2192
kube-fake,none,190,0,,,"{""job_pending"": 2, ""observe_down"": 1, ""policy_fault"": 1, ""preempt"": 1, ""race_cancel"": 1}",{},85203,136,175,25,0.2523
kube-fake,none,191,0,,,"{""node_down"": 1, ""observe_stale"": 1, ""pod_evicted"": 1, ""zombie"": 1}",{},121376,163,181,35,0.3293
kube-fake,none,192,0,,,"{""node_down"": 1, ""observe_stale"": 1, ""race_cancel"": 2}",{},108675,104,126,21,0.1637
kube-fake,none,193,0,,,"{""cap_change"": 1, ""observe_stale"": 2, ""policy_fault"": 1, ""race_cancel"": 1, ""store_tx_fail"": 1}",{},176012,210,237,39,0.4717
kube-fake,none,194,0,,,"{""crash"": 2, ""policy_fault"": 1, ""store_tx_fail"": 1}","{""ended.before_forget"": 1, ""start.after_call"": 1}",74581,164,194,30,0.392
kube-fake,none,195,0,,,"{""crash"": 2, ""job_pending"": 1, ""store_outage"": 2, ""store_tx_fail"": 1}","{""ended.before_forget"": 1, ""stopped.before_commit"": 1}",158460,144,187,26,0.2764
kube-fake,none,196,0,,,"{""api_errors"": 1}",{},149574,166,184,26,0.2939
kube-fake,none,197,0,,,"{""race_cancel"": 1, ""zombie"": 1}",{},151025,218,213,44,0.5098
kube-fake,none,198,0,,,"{""crash"": 2, ""zombie"": 1}","{""start.after_commit"": 1, ""stop.before_call"": 1}",79763,150,147,33,0.2837
kube-fake,none,199,0,,,"{""job_pending"": 1, ""policy_fault"": 2, ""zombie"": 1}",{},168504,156,163,34,0.2886
kube-fake,none,200,0,,,"{""cap_change"": 1, ""crash"": 1, ""node_down"": 1, ""race_cancel"": 1, ""zombie"": 1}","{""submit.after_commit"": 1}",69816,313,268,39,0.6479
kube-fake,none,201,0,,,"{""job_pending"": 1, ""zombie"": 1}",{},141388,201,131,30,0.2656
kube-fake,none,202,0,,,"{""cap_change"": 1}",{},97871,134,159,24,0.2276
kube-fake,none,203,0,,,"{""api_errors"": 1, ""crash"": 1, ""node_down"": 1, ""race_cancel"": 1}","{""stop.before_call"": 1}",325809,203,229,37,0.4572
kube-fake,none,204,0,,,"{""api_errors"": 1, ""crash"": 1, ""observe_stale"": 2, ""store_outage"": 1}","{""stop.before_call"": 1}",113111,126,173,24,0.2007
kube-fake,none,205,0,,,"{""race_cancel"": 1, ""zombie"": 1}",{},96882,208,210,42,0.4857
kube-fake,none,206,0,,,"{""crash"": 1, ""policy_fault"": 1}","{""stopped.before_commit"": 1}",200844,211,210,39,0.4007
kube-fake,none,207,0,,,"{""crash"": 2, ""zombie"": 1}","{""start.after_commit"": 1, ""stopped.before_commit"": 1}",134226,132,142,29,0.2662
kube-fake,none,208,0,,,"{""crash"": 3, ""observe_stale"": 2}","{""start.after_commit"": 1, ""stopped.before_commit"": 1, ""submit.after_commit"": 1}",192460,154,189,31,0.2739
kube-fake,none,209,0,,,"{""crash"": 1, ""preempt"": 1, ""zombie"": 1}","{""ended.before_forget"": 1}",105622,176,187,35,0.3121
kube-fake,none,210,0,,,"{""crash"": 1}","{""stopped.before_commit"": 1}",156088,140,156,26,0.2405
kube-fake,none,211,0,,,"{""node_down"": 1, ""race_cancel"": 1, ""store_outage"": 1}",{},100844,179,218,37,0.3833
kube-fake,none,212,0,,,"{""crash"": 1, ""job_pending"": 1, ""preempt"": 1}","{""start.after_call"": 1}",222296,120,136,25,0.2065
kube-fake,none,213,0,,,"{""observe_down"": 1, ""zombie"": 1}",{},112130,128,123,25,0.2011
kube-fake,none,214,0,,,"{""api_errors"": 1, ""crash"": 1, ""observe_stale"": 1, ""preempt"": 2, ""race_cancel"": 1}","{""requeue.before_commit"": 1}",89648,232,238,40,0.5632
kube-fake,none,215,0,,,"{""store_outage"": 1}",{},145239,208,230,37,0.4924
kube-fake,none,216,0,,,"{""job_pending"": 1, ""observe_stale"": 1, ""preempt"": 1, ""race_cancel"": 2}",{},136743,174,203,35,0.3374
kube-fake,none,217,0,,,"{""crash"": 1, ""observe_down"": 1, ""store_tx_fail"": 1}","{""ended.before_forget"": 1}",126518,120,143,25,0.2232
kube-fake,none,218,0,,,"{""cap_change"": 1, ""job_pending"": 1, ""node_down"": 1, ""race_cancel"": 1, ""zombie"": 1}",{},23872,227,197,37,0.439
kube-fake,none,219,0,,,"{""crash"": 1, ""observe_down"": 3, ""preempt"": 1}","{""ended.before_forget"": 1}",0,140,158,27,0.2466
kube-fake,none,220,0,,,"{""observe_down"": 1, ""observe_stale"": 1, ""race_cancel"": 2}",{},179166,97,111,20,0.1178
kube-fake,none,221,0,,,"{""api_errors"": 1, ""crash"": 1, ""race_cancel"": 1, ""store_tx_fail"": 1}","{""requeue.before_commit"": 1}",98521,148,158,30,0.296
kube-fake,none,222,0,,,"{""crash"": 1, ""store_tx_fail"": 1}","{""ended.before_forget"": 1}",110140,142,163,29,0.2278
kube-fake,none,223,0,,,"{""node_down"": 1, ""observe_stale"": 1}",{},87222,145,171,30,0.3064
kube-fake,none,224,0,,,"{""crash"": 1, ""job_pending"": 1, ""observe_stale"": 2, ""race_cancel"": 1, ""zombie"": 1}","{""submit.after_commit"": 1}",18545,107,106,24,0.1602
kube-fake,none,225,0,,,"{""api_errors"": 1}",{},112879,204,221,40,0.4701
kube-fake,none,226,0,,,"{""crash"": 1, ""observe_stale"": 4, ""store_tx_fail"": 1}","{""start.after_commit"": 1}",197304,218,246,39,0.497
kube-fake,none,227,0,,,"{""cap_change"": 1, ""crash"": 1, ""observe_stale"": 1, ""store_outage"": 1, ""store_tx_fail"": 1, ""zombie"": 1}","{""ended.before_forget"": 1}",153685,168,171,38,0.3393
kube-fake,none,228,0,,,"{""observe_down"": 1, ""preempt"": 1, ""race_cancel"": 1, ""zombie"": 1}",{},171454,188,213,40,0.4996
kube-fake,none,229,0,,,"{""crash"": 1, ""job_pending"": 1, ""observe_down"": 1, ""pod_evicted"": 1, ""store_tx_fail"": 1, ""zombie"": 1}","{""requeue.before_commit"": 1}",104392,166,154,34,0.2792
kube-fake,none,230,0,,,"{""cap_change"": 2, ""race_cancel"": 1, ""store_tx_fail"": 1}",{},124349,142,159,29,0.2424
kube-fake,none,231,0,,,"{""crash"": 1}","{""start.after_commit"": 1}",132670,148,171,28,0.2771
kube-fake,none,232,0,,,"{""observe_stale"": 1, ""zombie"": 2}",{},338747,144,101,29,0.2362
kube-fake,none,233,0,,,"{""race_cancel"": 1, ""store_outage"": 2, ""zombie"": 1}",{},116264,196,224,44,0.4124
kube-fake,none,234,0,,,"{""api_errors"": 1, ""job_pending"": 2, ""node_down"": 1, ""store_outage"": 1}",{},66417,188,216,27,0.3736
kube-fake,none,235,0,,,"{""cap_change"": 1, ""observe_down"": 1}",{},181360,158,196,32,0.3166
kube-fake,none,236,0,,,"{""pod_evicted"": 1}",{},111406,108,119,22,0.1625
kube-fake,none,237,0,,,"{""preempt"": 2}",{},112490,98,106,20,0.1399
kube-fake,none,238,0,,,"{""race_cancel"": 1, ""zombie"": 2}",{},137765,204,190,43,0.4549
kube-fake,none,239,0,,,"{""race_cancel"": 1}",{},157317,128,147,26,0.1793
kube-fake,none,240,0,,,"{""api_errors"": 1, ""zombie"": 2}",{},96436,176,170,33,0.3496
kube-fake,none,241,0,,,"{""crash"": 1, ""observe_down"": 1, ""pod_evicted"": 1, ""race_cancel"": 1, ""store_tx_fail"": 1}","{""requeue.before_commit"": 1}",103987,139,163,29,0.2555
kube-fake,none,242,0,,,"{""observe_stale"": 2, ""policy_fault"": 1, ""preempt"": 1}",{},113740,154,178,32,0.3038
kube-fake,none,243,0,,,"{""preempt"": 1}",{},2400,140,156,26,0.2074
kube-fake,none,244,0,,,"{""cap_change"": 1, ""pod_evicted"": 2}",{},84191,204,235,40,0.4249
kube-fake,none,245,0,,,"{""api_errors"": 1, ""crash"": 1, ""policy_fault"": 1, ""race_cancel"": 1}","{""stopped.before_commit"": 1}",94027,163,168,28,0.276
kube-fake,none,246,0,,,"{""observe_stale"": 1, ""policy_fault"": 2, ""race_cancel"": 2, ""store_tx_fail"": 1}",{},176895,138,156,31,0.2207
kube-fake,none,247,0,,,"{""race_cancel"": 1}",{},82811,158,174,25,0.2774
kube-fake,none,248,0,,,"{""preempt"": 1, ""race_cancel"": 1, ""store_tx_fail"": 1, ""zombie"": 1}",{},60216,124,128,27,0.1672
kube-fake,none,249,0,,,"{""pod_evicted"": 2, ""policy_fault"": 1, ""store_tx_fail"": 1}",{},117279,200,208,32,0.3768
kube-fake,none,250,0,,,"{""crash"": 1, ""node_down"": 1, ""race_cancel"": 1, ""zombie"": 1}","{""start.after_call"": 1}",159437,137,143,29,0.2258
kube-fake,none,251,0,,,"{""crash"": 1, ""race_cancel"": 2}","{""start.after_call"": 1}",118808,136,156,24,0.2553
kube-fake,none,252,0,,,"{""crash"": 1, ""pod_evicted"": 1}","{""start.after_call"": 1}",38860,130,148,27,0.2132
kube-fake,none,253,0,,,"{""crash"": 1}","{""requeue.before_commit"": 1}",166839,182,203,38,0.3678
kube-fake,none,254,0,,,"{""api_errors"": 1, ""crash"": 1, ""observe_stale"": 2, ""zombie"": 1}","{""ended.before_forget"": 1}",129631,200,230,39,0.4485
kube-fake,none,255,0,,,"{""crash"": 2, ""observe_stale"": 1, ""store_outage"": 1}","{""start.after_call"": 1, ""submit.after_commit"": 1}",266072,186,199,35,0.3307
kube-fake,none,256,0,,,"{""cap_change"": 1, ""job_pending"": 1, ""observe_stale"": 1, ""pod_evicted"": 2}",{},63492,134,150,24,0.2036
kube-fake,none,257,0,,,"{""cap_change"": 1, ""job_pending"": 1, ""observe_down"": 1, ""observe_stale"": 2, ""zombie"": 1}",{},0,130,134,27,0.184
kube-fake,none,258,0,,,"{""crash"": 1, ""observe_down"": 1, ""race_cancel"": 1, ""store_tx_fail"": 1}","{""ended.before_forget"": 1}",91877,166,185,34,0.3219
kube-fake,none,259,0,,,"{""crash"": 1, ""node_down"": 1, ""observe_stale"": 1, ""pod_evicted"": 1}","{""start.after_commit"": 1}",56769,110,129,24,0.1833
kube-fake,none,260,0,,,"{""crash"": 2, ""job_pending"": 1, ""race_cancel"": 1}","{""stop.before_call"": 1, ""stopped.before_commit"": 1}",196886,140,158,27,0.2343
kube-fake,none,261,0,,,"{""cap_change"": 1, ""zombie"": 1}",{},159515,139,152,26,0.235
kube-fake,none,262,0,,,{},{},101855,128,132,29,0.2062
kube-fake,none,263,0,,,"{""observe_stale"": 1, ""pod_evicted"": 1}",{},179126,172,196,37,0.3432
kube-fake,none,264,0,,,"{""api_errors"": 1, ""crash"": 1, ""job_pending"": 1, ""observe_stale"": 1, ""zombie"": 1}","{""ended.before_forget"": 1}",156212,116,110,25,0.182
kube-fake,none,265,0,,,"{""pod_evicted"": 1, ""policy_fault"": 1}",{},242142,146,167,28,0.2748
kube-fake,none,266,0,,,{},{},23218,112,129,24,0.177
kube-fake,none,267,0,,,"{""cap_change"": 2, ""node_down"": 1}",{},68072,138,134,28,0.1856
kube-fake,none,268,0,,,"{""node_down"": 1, ""observe_stale"": 1, ""race_cancel"": 1}",{},47084,153,173,31,0.2638
kube-fake,none,269,0,,,"{""cap_change"": 1, ""job_pending"": 1, ""observe_stale"": 1, ""race_cancel"": 1, ""zombie"": 1}",{},58516,186,191,41,0.427
kube-fake,none,270,0,,,"{""zombie"": 1}",{},113925,138,133,28,0.2463
kube-fake,none,271,0,,,"{""pod_evicted"": 1, ""store_tx_fail"": 1}",{},77257,216,217,40,0.457
kube-fake,none,272,0,,,"{""cap_change"": 1, ""crash"": 2}","{""ended.before_forget"": 1, ""stopped.before_commit"": 1}",166599,188,213,39,0.4544
kube-fake,none,273,0,,,"{""api_errors"": 1, ""cap_change"": 1, ""crash"": 1, ""pod_evicted"": 1, ""race_cancel"": 1}","{""requeue.before_commit"": 1}",212402,158,201,35,0.372
kube-fake,none,274,0,,,"{""job_pending"": 1, ""race_cancel"": 1}",{},154806,98,116,22,0.1133
kube-fake,none,275,0,,,"{""zombie"": 1}",{},96116,236,230,43,0.4771
kube-fake,none,276,0,,,"{""api_errors"": 1, ""crash"": 2, ""observe_stale"": 1}","{""stopped.before_commit"": 2}",80066,113,139,20,0.1468
kube-fake,none,277,0,,,"{""api_errors"": 1, ""observe_down"": 1}",{},118483,108,120,21,0.1619
kube-fake,none,278,0,,,"{""observe_stale"": 1, ""pod_evicted"": 1, ""preempt"": 1, ""race_cancel"": 1, ""store_outage"": 1, ""zombie"": 1}",{},132221,161,179,32,0.2633
kube-fake,none,279,0,,,"{""api_errors"": 1}",{},159323,124,142,25,0.1615
kube-fake,none,280,0,,,{},{},74147,108,123,23,0.1598
kube-fake,none,281,0,,,"{""api_errors"": 1, ""pod_evicted"": 1, ""policy_fault"": 1, ""zombie"": 1}",{},151256,190,197,36,0.3677
kube-fake,none,282,0,,,"{""race_cancel"": 1, ""store_tx_fail"": 1}",{},106825,188,215,36,0.3472
kube-fake,none,283,0,,,"{""job_pending"": 1}",{},76205,112,124,23,0.1643
kube-fake,none,284,0,,,"{""cap_change"": 1, ""policy_fault"": 1, ""store_outage"": 1}",{},111884,168,207,35,0.3993
kube-fake,none,285,0,,,"{""preempt"": 1, ""race_cancel"": 1, ""zombie"": 1}",{},0,101,114,20,0.1462
kube-fake,none,286,0,,,{},{},71920,124,136,23,0.1644
kube-fake,none,287,0,,,"{""job_pending"": 2, ""pod_evicted"": 1, ""zombie"": 1}",{},51016,141,160,24,0.2424
kube-fake,none,288,0,,,"{""api_errors"": 1, ""crash"": 2, ""observe_down"": 1, ""pod_evicted"": 1, ""zombie"": 1}","{""stop.before_call"": 1, ""stopped.before_commit"": 1}",84122,196,203,35,0.3887
kube-fake,none,289,0,,,"{""api_errors"": 1, ""crash"": 1, ""node_down"": 1, ""preempt"": 1, ""race_cancel"": 1, ""store_tx_fail"": 1}","{""start.after_commit"": 1}",64994,125,148,22,0.1911
kube-fake,none,290,0,,,"{""api_errors"": 1, ""crash"": 1, ""observe_stale"": 1, ""policy_fault"": 1, ""race_cancel"": 1, ""store_outage"": 1}","{""requeue.before_commit"": 1}",86941,129,179,30,0.2112
kube-fake,none,291,0,,,"{""node_down"": 1, ""zombie"": 1}",{},115929,230,201,40,0.3988
kube-fake,none,292,0,,,"{""api_errors"": 1, ""cap_change"": 1, ""preempt"": 1}",{},123552,150,166,31,0.2605
kube-fake,none,293,0,,,"{""zombie"": 1}",{},193481,150,160,33,0.2237
kube-fake,none,294,0,,,"{""crash"": 1, ""job_pending"": 1, ""preempt"": 1, ""race_cancel"": 1, ""store_tx_fail"": 1}","{""stopped.before_commit"": 1}",186655,170,186,28,0.2685
kube-fake,none,295,0,,,"{""observe_down"": 1, ""observe_stale"": 1, ""preempt"": 1}",{},118147,120,126,22,0.1847
kube-fake,none,296,0,,,"{""node_down"": 1}",{},64122,146,170,28,0.2986
kube-fake,none,297,0,,,"{""crash"": 1, ""node_down"": 1, ""race_cancel"": 2}","{""submit.after_commit"": 1}",121157,117,138,24,0.1772
kube-fake,none,298,0,,,"{""cap_change"": 1, ""observe_stale"": 1}",{},0,120,133,23,0.1803
kube-fake,none,299,0,,,"{""preempt"": 1}",{},114881,178,196,32,0.2911
kube-fake,none,300,0,,,"{""crash"": 1, ""observe_stale"": 1, ""store_outage"": 1, ""zombie"": 1}","{""stopped.before_commit"": 1}",33507,106,116,23,0.162
kube-fake,none,301,0,,,"{""api_errors"": 1, ""observe_stale"": 1, ""pod_evicted"": 1}",{},138890,140,173,27,0.2671
kube-fake,none,302,0,,,"{""node_down"": 1, ""preempt"": 1, ""race_cancel"": 1, ""store_tx_fail"": 1}",{},113614,140,156,28,0.2146
kube-fake,none,303,0,,,"{""zombie"": 1}",{},157807,229,219,39,0.4306
kube-fake,none,304,0,,,"{""observe_stale"": 1, ""race_cancel"": 1}",{},74716,247,245,35,0.4169
kube-fake,none,305,0,,,"{""crash"": 1, ""observe_down"": 1}","{""start.after_call"": 1}",144676,106,125,22,0.129
kube-fake,none,306,0,,,"{""cap_change"": 2, ""job_pending"": 1, ""observe_down"": 1}",{},0,100,118,21,0.1378
kube-fake,none,307,0,,,"{""api_errors"": 1, ""store_outage"": 1}",{},0,138,149,27,0.203
kube-fake,none,308,0,,,"{""store_outage"": 1}",{},107323,120,139,27,0.1873
kube-fake,none,309,0,,,"{""cap_change"": 1, ""preempt"": 1}",{},112375,108,118,20,0.1312
kube-fake,none,310,0,,,"{""cap_change"": 1, ""job_pending"": 1, ""race_cancel"": 1}",{},139895,150,176,26,0.1969
kube-fake,none,311,0,,,"{""cap_change"": 1, ""node_down"": 1, ""preempt"": 1}",{},141063,138,153,27,0.2031
kube-fake,none,312,0,,,"{""observe_stale"": 1, ""race_cancel"": 1, ""zombie"": 1}",{},237030,224,219,40,0.3969
kube-fake,none,313,0,,,"{""store_outage"": 1}",{},93330,148,168,30,0.2228
kube-fake,none,314,0,,,"{""store_tx_fail"": 1}",{},274848,172,192,32,0.2798
kube-fake,none,315,0,,,"{""api_errors"": 1, ""race_cancel"": 1, ""zombie"": 1}",{},10559,111,126,23,0.1482
kube-fake,none,316,0,,,"{""job_pending"": 1, ""pod_evicted"": 1, ""policy_fault"": 2, ""zombie"": 1}",{},103049,120,128,26,0.1673
kube-fake,none,317,0,,,"{""race_cancel"": 1}",{},90508,118,128,21,0.1421
kube-fake,none,318,0,,,"{""node_down"": 1}",{},20095,180,191,36,0.3374
kube-fake,none,319,0,,,"{""crash"": 1, ""job_pending"": 1, ""zombie"": 1}","{""stop.before_call"": 1}",184479,188,184,41,0.3754
kube-fake,none,320,0,,,"{""cap_change"": 1, ""pod_evicted"": 1, ""preempt"": 2, ""race_cancel"": 1}",{},23828,106,128,26,0.1481
kube-fake,none,321,0,,,"{""crash"": 1, ""job_pending"": 1, ""store_outage"": 1}","{""ended.before_forget"": 1}",182736,134,153,22,0.2346
kube-fake,none,322,0,,,"{""observe_down"": 1, ""observe_stale"": 1, ""preempt"": 1}",{},104739,144,166,30,0.2278
kube-fake,none,323,0,,,"{""crash"": 1, ""node_down"": 1, ""observe_down"": 1, ""observe_stale"": 1, ""store_tx_fail"": 1, ""zombie"": 1}","{""stop.before_call"": 1}",226281,167,166,29,0.2626
kube-fake,none,324,0,,,"{""crash"": 1, ""observe_down"": 1, ""observe_stale"": 1, ""pod_evicted"": 1}","{""requeue.before_commit"": 1}",51457,201,205,33,0.3555
kube-fake,none,325,0,,,"{""cap_change"": 2, ""observe_down"": 1, ""preempt"": 1, ""store_outage"": 1}",{},57755,102,141,20,0.1522
kube-fake,none,326,0,,,"{""policy_fault"": 1, ""race_cancel"": 1, ""zombie"": 1}",{},91386,196,178,39,0.3171
kube-fake,none,327,0,,,"{""cap_change"": 1, ""race_cancel"": 1, ""store_outage"": 1}",{},242252,208,240,39,0.4208
kube-fake,none,328,0,,,"{""api_errors"": 1}",{},158244,132,153,27,0.2093
kube-fake,none,329,0,,,"{""crash"": 1}","{""stopped.before_commit"": 1}",207269,218,233,37,0.3726
kube-fake,none,330,0,,,"{""crash"": 1, ""job_pending"": 1, ""observe_stale"": 1, ""pod_evicted"": 1, ""race_cancel"": 1, ""store_tx_fail"": 1}","{""stopped.before_commit"": 1}",0,146,164,27,0.2256
kube-fake,none,331,0,,,"{""api_errors"": 2, ""cap_change"": 1, ""crash"": 1}","{""stopped.before_commit"": 1}",156327,190,216,38,0.4049
kube-fake,none,332,0,,,"{""pod_evicted"": 1}",{},144322,100,115,21,0.1339
kube-fake,none,333,0,,,"{""cap_change"": 1, ""store_tx_fail"": 1}",{},42194,166,192,31,0.3025
kube-fake,none,334,0,,,"{""race_cancel"": 1, ""store_tx_fail"": 1}",{},161775,128,148,25,0.194
kube-fake,none,335,0,,,"{""api_errors"": 1, ""node_down"": 1, ""observe_stale"": 1, ""store_tx_fail"": 1, ""zombie"": 1}",{},189678,250,221,45,0.6054
kube-fake,none,336,0,,,"{""race_cancel"": 1, ""store_outage"": 1, ""zombie"": 1}",{},97276,198,184,42,0.3673
kube-fake,none,337,0,,,"{""node_down"": 1}",{},116057,143,150,29,0.2382
kube-fake,none,338,0,,,"{""cap_change"": 1, ""crash"": 1, ""job_pending"": 1, ""observe_stale"": 1, ""race_cancel"": 1}","{""stopped.before_commit"": 1}",27041,170,195,35,0.3433
kube-fake,none,339,0,,,"{""crash"": 1, ""pod_evicted"": 2}","{""ended.before_forget"": 1}",115467,128,141,23,0.201
kube-fake,none,340,0,,,"{""observe_down"": 1, ""zombie"": 1}",{},157972,138,141,24,0.2359
kube-fake,none,341,0,,,"{""api_errors"": 1, ""policy_fault"": 1, ""race_cancel"": 1}",{},71070,136,152,28,0.2413
kube-fake,none,342,0,,,{},{},133729,132,143,25,0.2455
kube-fake,none,343,0,,,"{""observe_down"": 1, ""observe_stale"": 1, ""store_outage"": 1}",{},137727,150,177,34,0.2714
kube-fake,none,344,0,,,"{""job_pending"": 1, ""node_down"": 1, ""observe_stale"": 1, ""store_outage"": 1}",{},87213,105,137,22,0.1716
kube-fake,none,345,0,,,"{""api_errors"": 1, ""crash"": 2, ""race_cancel"": 2}","{""start.after_call"": 1, ""stopped.before_commit"": 1}",79549,129,155,29,0.2388
kube-fake,none,346,0,,,"{""cap_change"": 1, ""node_down"": 1, ""preempt"": 2, ""store_outage"": 1, ""store_tx_fail"": 1}",{},118094,206,250,40,0.4958
kube-fake,none,347,0,,,"{""api_errors"": 1, ""crash"": 2, ""store_outage"": 1}","{""start.after_call"": 2}",155817,102,136,24,0.1891
kube-fake,none,348,0,,,"{""node_down"": 1}",{},145170,190,214,40,0.4456
kube-fake,none,349,0,,,"{""crash"": 1, ""job_pending"": 1, ""observe_stale"": 1, ""race_cancel"": 1}","{""stop.before_call"": 1}",231951,334,273,35,0.6504
kube-fake,none,350,0,,,"{""preempt"": 1}",{},135459,166,173,34,0.305
kube-fake,none,351,0,,,"{""crash"": 1, ""pod_evicted"": 2, ""policy_fault"": 1, ""zombie"": 1}","{""requeue.before_commit"": 1}",0,184,172,35,0.4247
kube-fake,none,352,0,,,{},{},53109,108,119,24,0.1638
kube-fake,none,353,0,,,"{""observe_down"": 1, ""zombie"": 2}",{},94128,192,183,42,0.4361
kube-fake,none,354,0,,,"{""node_down"": 1, ""zombie"": 1}",{},158116,243,254,43,0.6428
kube-fake,none,355,0,,,"{""api_errors"": 1, ""crash"": 1, ""observe_stale"": 1, ""race_cancel"": 1}","{""start.after_call"": 1}",233795,159,179,31,0.343
kube-fake,none,356,0,,,"{""node_down"": 1, ""observe_stale"": 1}",{},83890,120,136,24,0.1856
kube-fake,none,357,0,,,"{""api_errors"": 1, ""node_down"": 1, ""observe_stale"": 2, ""preempt"": 1}",{},138613,213,235,35,0.4372
kube-fake,none,358,0,,,"{""crash"": 1, ""store_outage"": 1}","{""stop.before_call"": 1}",84496,102,114,21,0.1553
kube-fake,none,359,0,,,"{""crash"": 3, ""race_cancel"": 1}","{""ended.before_forget"": 1, ""start.after_call"": 1, ""submit.after_commit"": 1}",83976,166,184,31,0.329
kube-fake,none,360,0,,,"{""job_pending"": 1, ""observe_stale"": 1, ""race_cancel"": 1, ""store_outage"": 2, ""store_tx_fail"": 1}",{},53931,118,162,22,0.1977
kube-fake,none,361,0,,,"{""observe_stale"": 1, ""race_cancel"": 1, ""store_tx_fail"": 1}",{},38809,102,115,22,0.1826
kube-fake,none,362,0,,,"{""crash"": 1, ""observe_stale"": 1, ""race_cancel"": 1}","{""submit.after_commit"": 1}",114147,113,132,23,0.1822
kube-fake,none,363,0,,,"{""api_errors"": 1, ""crash"": 1, ""observe_stale"": 2, ""store_tx_fail"": 1}","{""start.after_commit"": 1}",40099,130,155,25,0.2535
kube-fake,none,364,0,,,"{""observe_down"": 1, ""observe_stale"": 1, ""store_outage"": 1, ""zombie"": 1}",{},69316,180,210,35,0.4124
kube-fake,none,365,0,,,"{""cap_change"": 2, ""crash"": 1, ""race_cancel"": 1}","{""stopped.before_commit"": 1}",97249,190,220,35,0.3961
kube-fake,none,366,0,,,"{""observe_stale"": 1, ""pod_evicted"": 1, ""policy_fault"": 3}",{},94001,136,158,25,0.26
kube-fake,none,367,0,,,"{""job_pending"": 1, ""race_cancel"": 1, ""zombie"": 1}",{},38754,118,129,24,0.178
kube-fake,none,368,0,,,"{""crash"": 2, ""race_cancel"": 4}","{""ended.before_forget"": 1, ""stop.before_call"": 1}",71546,166,175,34,0.3345
kube-fake,none,369,0,,,"{""node_down"": 1, ""observe_down"": 1, ""race_cancel"": 1}",{},97638,149,161,26,0.2539
kube-fake,none,370,0,,,"{""crash"": 2, ""race_cancel"": 1}","{""requeue.before_commit"": 2}",133007,186,211,38,0.4123
kube-fake,none,371,0,,,"{""crash"": 1, ""zombie"": 1}","{""submit.after_commit"": 1}",166753,184,194,36,0.4267
kube-fake,none,372,0,,,"{""policy_fault"": 3, ""race_cancel"": 1}",{},79376,212,235,40,0.4758
kube-fake,none,373,0,,,"{""preempt"": 1, ""race_cancel"": 1, ""zombie"": 1}",{},117040,175,179,37,0.3703
kube-fake,none,374,0,,,"{""api_errors"": 1, ""crash"": 2, ""node_down"": 1, ""preempt"": 1, ""zombie"": 1}","{""requeue.before_commit"": 1, ""stop.before_call"": 1}",134377,156,161,29,0.313
kube-fake,none,375,0,,,"{""policy_fault"": 1, ""race_cancel"": 1, ""zombie"": 2}",{},189970,208,190,46,0.3808
kube-fake,none,376,0,,,"{""preempt"": 1}",{},72638,154,154,35,0.262
kube-fake,none,377,0,,,"{""api_errors"": 1, ""policy_fault"": 1, ""store_tx_fail"": 1, ""zombie"": 1}",{},194205,122,128,23,0.1831
kube-fake,none,378,0,,,"{""crash"": 1, ""node_down"": 2, ""policy_fault"": 1}","{""start.after_commit"": 1}",46480,123,148,20,0.1979
kube-fake,none,379,0,,,"{""node_down"": 1, ""store_tx_fail"": 1}",{},139479,187,216,40,0.4779
kube-fake,none,380,0,,,"{""cap_change"": 2, ""zombie"": 1}",{},123801,132,137,26,0.1754
kube-fake,none,381,0,,,"{""crash"": 1, ""race_cancel"": 1}","{""stopped.before_commit"": 1}",172675,104,116,25,0.1523
kube-fake,none,382,0,,,"{""api_errors"": 1, ""crash"": 1, ""observe_stale"": 1, ""pod_evicted"": 1, ""preempt"": 1, ""race_cancel"": 1}","{""start.after_commit"": 1}",69999,151,177,34,0.2827
kube-fake,none,383,0,,,"{""job_pending"": 1, ""observe_down"": 1, ""zombie"": 2}",{},192512,160,143,29,0.2866
kube-fake,none,384,0,,,"{""pod_evicted"": 1, ""policy_fault"": 1, ""store_tx_fail"": 1}",{},73340,124,147,21,0.235
kube-fake,none,385,0,,,"{""crash"": 1, ""preempt"": 1, ""race_cancel"": 1}","{""start.after_commit"": 1}",116000,158,188,29,0.2854
kube-fake,none,386,0,,,"{""crash"": 2, ""job_pending"": 1, ""preempt"": 1, ""zombie"": 1}","{""ended.before_forget"": 1, ""start.after_call"": 1}",179774,102,111,21,0.1377
kube-fake,none,387,0,,,"{""observe_down"": 1, ""store_outage"": 1, ""zombie"": 1}",{},131712,146,211,32,0.348
kube-fake,none,388,0,,,"{""api_errors"": 2, ""observe_stale"": 2, ""pod_evicted"": 1, ""policy_fault"": 1}",{},74197,118,138,20,0.1739
kube-fake,none,389,0,,,"{""cap_change"": 1, ""observe_down"": 1, ""race_cancel"": 3}",{},19604,128,149,27,0.2227
kube-fake,none,390,0,,,"{""cap_change"": 1}",{},0,158,169,38,0.3422
kube-fake,none,391,0,,,"{""observe_stale"": 1}",{},147918,232,253,40,0.6347
kube-fake,none,392,0,,,"{""crash"": 1, ""node_down"": 1, ""store_outage"": 2}","{""submit.after_commit"": 1}",190006,210,260,40,0.52
kube-fake,none,393,0,,,"{""cap_change"": 1, ""node_down"": 1, ""store_outage"": 1, ""zombie"": 1}",{},98372,206,197,33,0.3613
kube-fake,none,394,0,,,"{""observe_down"": 1, ""pod_evicted"": 1, ""preempt"": 1, ""store_outage"": 1}",{},316491,160,170,31,0.2327
kube-fake,none,395,0,,,"{""api_errors"": 1, ""node_down"": 1}",{},7306,100,113,21,0.1536
kube-fake,none,396,0,,,"{""policy_fault"": 1, ""store_tx_fail"": 1}",{},41710,187,212,38,0.3973
kube-fake,none,397,0,,,"{""cap_change"": 1, ""observe_stale"": 1}",{},73089,112,129,22,0.1964
kube-fake,none,398,0,,,"{""api_errors"": 1, ""crash"": 1, ""observe_stale"": 1, ""store_tx_fail"": 1, ""zombie"": 1}","{""stop.before_call"": 1}",76805,192,205,36,0.3982
kube-fake,none,399,0,,,"{""crash"": 1, ""store_outage"": 1}","{""ended.before_forget"": 1}",181954,108,134,20,0.1744
kube-fake,none,400,0,,,"{""crash"": 1, ""job_pending"": 1, ""observe_stale"": 1, ""policy_fault"": 1, ""zombie"": 2}","{""start.after_call"": 1}",161636,166,175,34,0.3115
kube-fake,none,401,0,,,"{""cap_change"": 1, ""policy_fault"": 1, ""race_cancel"": 1, ""zombie"": 2}",{},205856,210,218,46,0.5197
kube-fake,none,402,0,,,"{""crash"": 1, ""observe_down"": 1, ""preempt"": 1}","{""stop.before_call"": 1}",149091,155,18357,31,9.7982
kube-fake,none,403,0,,,"{""api_errors"": 1, ""crash"": 1, ""observe_stale"": 1, ""zombie"": 1}","{""stop.before_call"": 1}",40930,192,173,41,0.421
kube-fake,none,404,0,,,"{""api_errors"": 1, ""cap_change"": 1, ""policy_fault"": 2, ""store_tx_fail"": 1, ""zombie"": 1}",{},104735,180,180,40,0.3328
kube-fake,none,405,0,,,"{""observe_stale"": 1, ""race_cancel"": 1, ""store_tx_fail"": 1}",{},114755,118,141,22,0.2056
kube-fake,none,406,0,,,"{""race_cancel"": 1}",{},143992,169,186,32,0.2886
kube-fake,none,407,0,,,"{""cap_change"": 1, ""crash"": 1, ""node_down"": 1, ""observe_stale"": 2, ""preempt"": 1}","{""start.after_commit"": 1}",29722,164,189,32,0.2858
kube-fake,none,408,0,,,"{""crash"": 1, ""observe_down"": 1, ""preempt"": 1, ""race_cancel"": 1}","{""start.after_commit"": 1}",163838,204,214,39,0.3661
kube-fake,none,409,0,,,"{""observe_stale"": 2, ""zombie"": 1}",{},188054,158,161,32,0.2737
kube-fake,none,410,0,,,"{""api_errors"": 1, ""node_down"": 1, ""observe_down"": 1, ""observe_stale"": 2, ""pod_evicted"": 1}",{},17977,152,177,31,0.3315
kube-fake,none,411,0,,,"{""api_errors"": 1, ""cap_change"": 1, ""pod_evicted"": 1}",{},52610,108,132,22,0.1779
kube-fake,none,412,0,,,"{""cap_change"": 1, ""policy_fault"": 2, ""race_cancel"": 1, ""store_outage"": 1, ""zombie"": 1}",{},229515,180,202,38,0.353
kube-fake,none,413,0,,,"{""cap_change"": 1, ""race_cancel"": 1}",{},116201,194,225,39,0.4224
kube-fake,none,414,0,,,"{""store_outage"": 1}",{},238265,201,233,35,0.4164
kube-fake,none,415,0,,,"{""observe_stale"": 1, ""preempt"": 1, ""store_tx_fail"": 1}",{},169167,112,134,25,0.1553
kube-fake,none,416,0,,,"{""api_errors"": 1, ""observe_stale"": 2}",{},136981,210,237,39,0.5335
kube-fake,none,417,0,,,"{""api_errors"": 1, ""crash"": 1, ""job_pending"": 1, ""node_down"": 1, ""pod_evicted"": 1, ""store_tx_fail"": 1}","{""start.after_call"": 1}",69556,158,182,30,0.2895
kube-fake,none,418,0,,,"{""cap_change"": 1, ""job_pending"": 1, ""observe_down"": 1, ""policy_fault"": 1, ""zombie"": 1}",{},32870,132,146,27,0.1993
kube-fake,none,419,0,,,"{""crash"": 1}","{""requeue.before_commit"": 1}",177983,156,175,35,0.2731
kube-fake,none,420,0,,,{},{},31042,136,156,27,0.2441
kube-fake,none,421,0,,,"{""crash"": 1, ""job_pending"": 1, ""race_cancel"": 2}","{""start.after_commit"": 1}",103020,190,213,37,0.4687
kube-fake,none,422,0,,,"{""crash"": 1, ""observe_down"": 1, ""observe_stale"": 2, ""race_cancel"": 1, ""store_tx_fail"": 1}","{""start.after_commit"": 1}",142117,101,124,22,0.1503
kube-fake,none,423,0,,,"{""crash"": 1, ""job_pending"": 1, ""observe_stale"": 1, ""policy_fault"": 1, ""race_cancel"": 2}","{""submit.after_commit"": 1}",14275,143,168,30,0.2468
kube-fake,none,424,0,,,"{""cap_change"": 1, ""crash"": 3, ""node_down"": 1, ""zombie"": 1}","{""ended.before_forget"": 2, ""start.after_commit"": 1}",151783,135,159,27,0.2097
kube-fake,none,425,0,,,"{""crash"": 1, ""race_cancel"": 1, ""zombie"": 1}","{""ended.before_forget"": 1}",110418,150,152,33,0.2367
kube-fake,none,426,0,,,"{""observe_down"": 1, ""observe_stale"": 1, ""pod_evicted"": 1, ""race_cancel"": 1, ""zombie"": 2}",{},94125,140,137,32,0.2611
kube-fake,none,427,0,,,"{""api_errors"": 1, ""node_down"": 1, ""observe_stale"": 1, ""policy_fault"": 2}",{},107423,118,147,23,0.214
kube-fake,none,428,0,,,"{""crash"": 1, ""job_pending"": 1, ""race_cancel"": 1, ""store_outage"": 1, ""zombie"": 1}","{""stop.before_call"": 1}",121030,136,159,29,0.2496
kube-fake,none,429,0,,,"{""cap_change"": 1, ""observe_stale"": 2, ""pod_evicted"": 1, ""zombie"": 1}",{},157453,174,200,30,0.3384
kube-fake,none,430,0,,,"{""api_errors"": 1, ""observe_stale"": 1}",{},125429,156,188,34,0.3287
kube-fake,none,431,0,,,"{""api_errors"": 1, ""node_down"": 1, ""race_cancel"": 1, ""store_outage"": 1}",{},5654,154,183,28,0.3358
kube-fake,none,432,0,,,"{""crash"": 1, ""policy_fault"": 1, ""preempt"": 1}","{""stop.before_call"": 1}",218049,163,183,31,0.2765
kube-fake,none,433,0,,,"{""crash"": 1, ""job_pending"": 2, ""node_down"": 1, ""store_outage"": 1, ""zombie"": 1}","{""requeue.before_commit"": 1}",18722,121,150,20,0.209
kube-fake,none,434,0,,,"{""api_errors"": 1, ""node_down"": 1, ""race_cancel"": 1, ""store_outage"": 2, ""zombie"": 1}",{},114167,137,160,28,0.2311
kube-fake,none,435,0,,,"{""node_down"": 1, ""observe_stale"": 2, ""zombie"": 1}",{},162221,208,209,42,0.4745
kube-fake,none,436,0,,,"{""crash"": 1, ""store_outage"": 1, ""store_tx_fail"": 1, ""zombie"": 1}","{""start.after_commit"": 1}",157390,222,191,40,0.4066
kube-fake,none,437,0,,,"{""preempt"": 1, ""store_tx_fail"": 1}",{},129339,181,211,34,0.3457
kube-fake,none,438,0,,,"{""cap_change"": 2, ""pod_evicted"": 1, ""policy_fault"": 1}",{},218308,112,126,21,0.1682
kube-fake,none,439,0,,,"{""pod_evicted"": 1, ""policy_fault"": 1, ""race_cancel"": 1, ""store_outage"": 1}",{},106711,132,157,26,0.1801
kube-fake,none,440,0,,,"{""cap_change"": 2, ""crash"": 1, ""observe_stale"": 1}","{""start.after_commit"": 1}",15043,196,224,37,0.3732
kube-fake,none,441,0,,,"{""cap_change"": 1, ""crash"": 1}","{""start.after_call"": 1}",31646,184,181,36,0.3025
kube-fake,none,442,0,,,"{""pod_evicted"": 1, ""policy_fault"": 1}",{},69213,156,175,34,0.288
kube-fake,none,443,0,,,"{""observe_stale"": 1, ""policy_fault"": 1}",{},19295,148,170,28,0.2399
kube-fake,none,444,0,,,"{""job_pending"": 1, ""observe_down"": 1, ""preempt"": 1, ""race_cancel"": 1}",{},47043,190,222,39,0.3695
kube-fake,none,445,0,,,"{""policy_fault"": 1, ""race_cancel"": 1, ""zombie"": 1}",{},140901,174,179,35,0.28
kube-fake,none,446,0,,,"{""api_errors"": 1, ""store_tx_fail"": 1}",{},67229,138,142,26,0.1869
kube-fake,none,447,0,,,"{""api_errors"": 1, ""observe_stale"": 1, ""race_cancel"": 1}",{},145949,146,172,32,0.3024
kube-fake,none,448,0,,,"{""crash"": 1, ""node_down"": 1, ""observe_stale"": 1, ""race_cancel"": 1}","{""submit.after_commit"": 1}",176660,195,237,38,0.3699
kube-fake,none,449,0,,,"{""api_errors"": 1, ""job_pending"": 1, ""observe_down"": 1, ""zombie"": 1}",{},67897,148,163,31,0.2803
kube-fake,none,450,0,,,"{""cap_change"": 1, ""job_pending"": 1, ""store_outage"": 1, ""store_tx_fail"": 1, ""zombie"": 2}",{},143762,148,125,32,0.2596
kube-fake,none,451,0,,,"{""crash"": 1, ""job_pending"": 1, ""zombie"": 1}","{""stop.before_call"": 1}",123747,170,163,34,0.3543
kube-fake,none,452,0,,,"{""api_errors"": 2, ""node_down"": 1}",{},98230,151,179,32,0.2751
kube-fake,none,453,0,,,"{""node_down"": 1}",{},121690,120,135,27,0.1859
kube-fake,none,454,0,,,{},{},0,120,134,25,0.1956
kube-fake,none,455,0,,,"{""crash"": 1, ""node_down"": 1}","{""start.after_commit"": 1}",83642,219,229,37,0.4656
kube-fake,none,456,0,,,"{""api_errors"": 1, ""observe_down"": 2, ""preempt"": 1}",{},76610,124,156,24,0.2244
kube-fake,none,457,0,,,"{""cap_change"": 1, ""crash"": 1, ""policy_fault"": 1, ""store_tx_fail"": 1}","{""start.after_commit"": 1}",204615,128,153,24,0.1732
kube-fake,none,458,0,,,"{""api_errors"": 1, ""crash"": 1, ""store_tx_fail"": 1, ""zombie"": 1}","{""requeue.before_commit"": 1}",213423,134,128,29,0.1771
kube-fake,none,459,0,,,"{""observe_down"": 1, ""zombie"": 1}",{},115577,112,111,24,0.1523
kube-fake,none,460,0,,,"{""cap_change"": 1, ""job_pending"": 1, ""observe_down"": 1, ""race_cancel"": 1, ""store_outage"": 1}",{},0,125,146,23,0.1502
kube-fake,none,461,0,,,"{""observe_down"": 1, ""observe_stale"": 1, ""preempt"": 1, ""store_tx_fail"": 1}",{},75116,162,193,31,0.2804
kube-fake,none,462,0,,,"{""cap_change"": 1, ""crash"": 1, ""node_down"": 1, ""pod_evicted"": 1, ""policy_fault"": 2}","{""stopped.before_commit"": 1}",121074,128,161,26,0.2039
kube-fake,none,463,0,,,"{""job_pending"": 1, ""observe_stale"": 1, ""race_cancel"": 2, ""store_tx_fail"": 1, ""zombie"": 1}",{},62730,214,229,40,0.4419
kube-fake,none,464,0,,,"{""pod_evicted"": 1, ""policy_fault"": 2, ""race_cancel"": 1}",{},104856,117,145,24,0.1661
kube-fake,none,465,0,,,"{""observe_stale"": 1, ""preempt"": 1}",{},135205,160,192,32,0.286
kube-fake,none,466,0,,,"{""job_pending"": 1, ""observe_down"": 1, ""observe_stale"": 1}",{},78012,120,151,24,0.1782
kube-fake,none,467,0,,,"{""crash"": 1, ""store_outage"": 1}","{""ended.before_forget"": 1}",97791,134,176,24,0.2183
kube-fake,none,468,0,,,"{""observe_down"": 3, ""observe_stale"": 1, ""zombie"": 1}",{},177989,172,184,37,0.2616
kube-fake,none,469,0,,,"{""crash"": 1}","{""stopped.before_commit"": 1}",114625,139,147,28,0.2196
kube-fake,none,470,0,,,"{""cap_change"": 1, ""preempt"": 1, ""race_cancel"": 1, ""store_outage"": 1, ""store_tx_fail"": 1}",{},129369,184,213,30,0.3147
kube-fake,none,471,0,,,"{""job_pending"": 1, ""observe_down"": 1}",{},176436,166,188,32,0.2749
kube-fake,none,472,0,,,"{""api_errors"": 2, ""observe_down"": 1}",{},140368,86,108,20,0.1091
kube-fake,none,473,0,,,"{""race_cancel"": 1}",{},59575,86,92,21,0.1344
kube-fake,none,474,0,,,"{""api_errors"": 1, ""cap_change"": 1, ""policy_fault"": 2, ""preempt"": 1, ""race_cancel"": 1}",{},166839,132,161,26,0.2457
kube-fake,none,475,0,,,"{""crash"": 1, ""observe_down"": 1, ""policy_fault"": 1, ""zombie"": 3}","{""stopped.before_commit"": 1}",209743,142,133,28,0.2102
kube-fake,none,476,0,,,"{""race_cancel"": 1}",{},200746,172,200,36,0.3502
kube-fake,none,477,0,,,"{""observe_stale"": 2}",{},78202,146,169,29,0.2437
kube-fake,none,478,0,,,"{""crash"": 1, ""node_down"": 2}","{""requeue.before_commit"": 1}",127753,125,146,23,0.1744
kube-fake,none,479,0,,,"{""pod_evicted"": 1, ""policy_fault"": 1, ""store_tx_fail"": 1}",{},35782,98,117,20,0.1162
kube-fake,none,480,0,,,"{""job_pending"": 1, ""observe_down"": 1}",{},97191,116,148,22,0.1598
kube-fake,none,481,0,,,"{""node_down"": 1, ""observe_down"": 1, ""zombie"": 3}",{},6595,130,81,31,0.1628
kube-fake,none,482,0,,,"{""cap_change"": 1, ""observe_stale"": 2}",{},39997,122,143,25,0.1736
kube-fake,none,483,0,,,"{""observe_stale"": 1}",{},90997,166,184,35,0.3
kube-fake,none,484,0,,,"{""zombie"": 1}",{},155383,150,146,30,0.2519
kube-fake,none,485,0,,,"{""crash"": 1, ""node_down"": 1, ""zombie"": 1}","{""stopped.before_commit"": 1}",67258,204,184,35,0.3754
kube-fake,none,486,0,,,"{""api_errors"": 2, ""cap_change"": 1, ""observe_down"": 1, ""observe_stale"": 1, ""store_tx_fail"": 1}",{},42764,172,199,36,0.3377
kube-fake,none,487,0,,,"{""crash"": 1, ""job_pending"": 1}","{""stop.before_call"": 1}",86001,102,130,20,0.1234
kube-fake,none,488,0,,,"{""cap_change"": 1, ""race_cancel"": 3, ""store_tx_fail"": 1}",{},62123,168,199,37,0.3159
kube-fake,none,489,0,,,"{""crash"": 1, ""pod_evicted"": 1, ""store_outage"": 1}","{""submit.after_commit"": 1}",109233,120,148,25,0.2185
kube-fake,none,490,0,,,"{""crash"": 1, ""zombie"": 1}","{""start.after_call"": 1}",189132,253,248,42,0.4734
kube-fake,none,491,0,,,"{""cap_change"": 1, ""crash"": 2, ""store_outage"": 1}","{""requeue.before_commit"": 1, ""stop.before_call"": 1}",176721,116,146,21,0.1565
kube-fake,none,492,0,,,"{""crash"": 1, ""race_cancel"": 1, ""store_outage"": 1, ""zombie"": 1}","{""start.after_call"": 1}",142484,124,129,27,0.1907
kube-fake,none,493,0,,,"{""api_errors"": 1, ""observe_stale"": 1, ""preempt"": 1, ""race_cancel"": 2}",{},101397,147,174,28,0.2634
kube-fake,none,494,0,,,"{""cap_change"": 1, ""node_down"": 1, ""observe_down"": 1, ""policy_fault"": 1}",{},107051,128,144,27,0.2212
kube-fake,none,495,0,,,"{""job_pending"": 1, ""observe_down"": 1, ""observe_stale"": 1, ""zombie"": 1}",{},8331,136,153,31,0.2243
kube-fake,none,496,0,,,"{""observe_down"": 1}",{},166300,146,157,26,0.2079
kube-fake,none,497,0,,,"{""job_pending"": 1, ""observe_stale"": 1}",{},77973,109,125,20,0.1504
kube-fake,none,498,0,,,"{""cap_change"": 1, ""crash"": 2, ""policy_fault"": 1, ""preempt"": 1, ""store_outage"": 1}","{""start.after_call"": 1, ""start.after_commit"": 1}",112856,105,133,21,0.1624
kube-fake,none,499,0,,,"{""cap_change"": 1, ""crash"": 1, ""observe_down"": 1}","{""ended.before_forget"": 1}",73792,220,245,40,0.5023
kube-fake,none,500,0,,,"{""pod_evicted"": 1, ""store_outage"": 2, ""zombie"": 1}",{},145519,122,149,25,0.1937
kube-fake,none,501,0,,,"{""zombie"": 2}",{},152188,152,136,30,0.2465
kube-fake,none,502,0,,,"{""crash"": 2, ""job_pending"": 1, ""preempt"": 1}","{""requeue.before_commit"": 1, ""start.after_call"": 1}",133334,182,195,35,0.3581
kube-fake,none,503,0,,,"{""observe_stale"": 1}",{},137673,170,199,34,0.3355
kube-fake,none,504,0,,,"{""crash"": 1, ""node_down"": 1, ""observe_stale"": 1, ""pod_evicted"": 1}","{""submit.after_commit"": 1}",108201,170,189,34,0.2932
kube-fake,none,505,0,,,"{""preempt"": 1, ""store_tx_fail"": 1}",{},126898,170,191,35,0.3312
kube-fake,none,506,0,,,"{""crash"": 2, ""observe_stale"": 2, ""race_cancel"": 1}","{""ended.before_forget"": 1, ""start.after_commit"": 1}",108113,146,172,29,0.2501
kube-fake,none,507,0,,,"{""race_cancel"": 2}",{},141032,94,110,21,0.1172
kube-fake,none,508,0,,,"{""crash"": 1}","{""stop.before_call"": 1}",61596,124,148,23,0.2014
kube-fake,none,509,0,,,"{""cap_change"": 1, ""node_down"": 1, ""observe_down"": 1, ""store_outage"": 1, ""zombie"": 1}",{},21696,142,163,28,0.2513
kube-fake,none,510,0,,,"{""observe_stale"": 1}",{},143478,104,122,22,0.1753
kube-fake,none,511,0,,,"{""crash"": 1, ""observe_down"": 1, ""race_cancel"": 1, ""store_outage"": 1}","{""start.after_call"": 1}",102714,126,158,22,0.1742
kube-fake,none,512,0,,,"{""node_down"": 1, ""policy_fault"": 1}",{},275816,186,212,36,0.4823
kube-fake,none,513,0,,,"{""api_errors"": 1, ""pod_evicted"": 1, ""policy_fault"": 1, ""race_cancel"": 1, ""store_tx_fail"": 1, ""zombie"": 1}",{},182683,194,198,32,0.3559
kube-fake,none,514,0,,,"{""cap_change"": 1, ""job_pending"": 1, ""observe_stale"": 1}",{},94553,176,198,35,0.3715
kube-fake,none,515,0,,,"{""api_errors"": 1, ""race_cancel"": 1, ""store_outage"": 1}",{},107831,110,124,22,0.1675
kube-fake,none,516,0,,,"{""crash"": 1, ""race_cancel"": 2, ""zombie"": 2}","{""start.after_commit"": 1}",163158,147,123,27,0.2121
kube-fake,none,517,0,,,"{""cap_change"": 1, ""job_pending"": 1, ""store_outage"": 2, ""zombie"": 1}",{},34971,128,154,27,0.181
kube-fake,none,518,0,,,"{""observe_stale"": 2, ""pod_evicted"": 1, ""preempt"": 1, ""zombie"": 1}",{},0,148,149,28,0.2648
kube-fake,none,519,0,,,"{""job_pending"": 1, ""policy_fault"": 1, ""race_cancel"": 1}",{},134167,150,195,33,0.3532
kube-fake,none,520,0,,,"{""zombie"": 1}",{},156745,144,121,27,0.1932
kube-fake,none,521,0,,,"{""node_down"": 1, ""pod_evicted"": 1}",{},87858,151,166,28,0.2381
kube-fake,none,522,0,,,"{""crash"": 1, ""observe_stale"": 1, ""pod_evicted"": 1, ""policy_fault"": 1, ""zombie"": 1}","{""start.after_commit"": 1}",31731,210,236,41,0.5485
kube-fake,none,523,0,,,"{""crash"": 1, ""race_cancel"": 1, ""store_tx_fail"": 1}","{""stop.before_call"": 1}",141084,166,178,32,0.2704
kube-fake,none,524,0,,,"{""api_errors"": 1, ""policy_fault"": 2, ""preempt"": 1, ""store_outage"": 1}",{},96631,120,162,24,0.1965
kube-fake,none,525,0,,,"{""store_outage"": 2}",{},130106,136,168,28,0.231
kube-fake,none,526,0,,,"{""crash"": 1, ""observe_stale"": 1, ""store_outage"": 1, ""zombie"": 1}","{""stop.before_call"": 1}",142824,154,161,30,0.3054
kube-fake,none,527,0,,,"{""cap_change"": 1, ""node_down"": 1, ""observe_stale"": 1, ""policy_fault"": 1, ""race_cancel"": 1}",{},41021,144,163,30,0.25
kube-fake,none,528,0,,,"{""observe_stale"": 1}",{},150837,180,180,38,0.3495
kube-fake,none,529,0,,,"{""crash"": 2}","{""start.after_commit"": 2}",96059,92,109,22,0.1475
kube-fake,none,530,0,,,"{""observe_stale"": 1, ""store_outage"": 1}",{},53427,210,261,39,0.5511
kube-fake,none,531,0,,,"{""zombie"": 1}",{},108606,104,116,20,0.1542
kube-fake,none,532,0,,,"{""crash"": 1, ""node_down"": 1, ""preempt"": 1}","{""stop.before_call"": 1}",105918,196,213,35,0.4003
kube-fake,none,533,0,,,"{""cap_change"": 1, ""job_pending"": 1, ""observe_stale"": 1, ""store_tx_fail"": 2, ""zombie"": 1}",{},99132,138,170,28,0.2575
kube-fake,none,534,0,,,"{""api_errors"": 1, ""cap_change"": 1, ""store_tx_fail"": 1, ""zombie"": 1}",{},143334,201,202,39,0.4131
kube-fake,none,535,0,,,"{""observe_down"": 1, ""race_cancel"": 1}",{},193181,200,224,34,0.4302
kube-fake,none,536,0,,,{},{},64079,160,185,36,0.3574
kube-fake,none,537,0,,,"{""policy_fault"": 1, ""race_cancel"": 1}",{},141817,203,207,39,0.4442
kube-fake,none,538,0,,,"{""crash"": 1}","{""ended.before_forget"": 1}",201737,190,232,39,0.4426
kube-fake,none,539,0,,,"{""crash"": 1, ""pod_evicted"": 1, ""preempt"": 1}","{""requeue.before_commit"": 1}",147835,126,135,25,0.1698
kube-fake,none,540,0,,,"{""observe_stale"": 1}",{},86372,168,189,30,0.2966
kube-fake,none,541,0,,,"{""job_pending"": 1, ""store_tx_fail"": 1, ""zombie"": 1}",{},112880,140,154,29,0.2953
kube-fake,none,542,0,,,"{""job_pending"": 1}",{},40973,182,205,34,0.4178
kube-fake,none,543,0,,,"{""observe_stale"": 2}",{},95652,154,172,30,0.2861
kube-fake,none,544,0,,,"{""observe_down"": 1, ""race_cancel"": 1, ""store_tx_fail"": 1}",{},53868,138,154,29,0.2339
kube-fake,none,545,0,,,"{""crash"": 1, ""node_down"": 1, ""store_tx_fail"": 1, ""zombie"": 1}","{""ended.before_forget"": 1}",138421,158,151,36,0.298
kube-fake,none,546,0,,,"{""race_cancel"": 1, ""zombie"": 1}",{},88541,188,184,43,0.4375
kube-fake,none,547,0,,,"{""job_pending"": 1, ""node_down"": 1, ""policy_fault"": 1}",{},28032,152,171,28,0.3045
kube-fake,none,548,0,,,"{""zombie"": 1}",{},31192,124,101,26,0.1877
kube-fake,none,549,0,,,"{""observe_stale"": 1}",{},109049,130,150,29,0.2586
kube-fake,none,550,0,,,"{""job_pending"": 1, ""preempt"": 1}",{},128792,140,159,30,0.2428
kube-fake,none,551,0,,,"{""observe_stale"": 1, ""pod_evicted"": 1, ""store_outage"": 1}",{},93949,196,234,37,0.4441
kube-fake,none,552,0,,,"{""policy_fault"": 1, ""store_outage"": 1}",{},0,132,152,29,0.258
kube-fake,none,553,0,,,"{""api_errors"": 1, ""job_pending"": 1, ""pod_evicted"": 1, ""race_cancel"": 1, ""zombie"": 1}",{},146568,192,208,34,0.3504
kube-fake,none,554,0,,,"{""job_pending"": 1, ""observe_stale"": 1, ""zombie"": 1}",{},167687,156,152,30,0.3046
kube-fake,none,555,0,,,"{""crash"": 1, ""race_cancel"": 1, ""store_outage"": 1}","{""start.after_call"": 1}",162260,144,167,32,0.3176
kube-fake,none,556,0,,,"{""cap_change"": 1, ""race_cancel"": 1, ""store_tx_fail"": 1, ""zombie"": 1}",{},28661,140,147,33,0.2262
kube-fake,none,557,0,,,"{""crash"": 1, ""observe_stale"": 1, ""policy_fault"": 1}","{""submit.after_commit"": 1}",126256,156,190,30,0.3515
kube-fake,none,558,0,,,"{""api_errors"": 1}",{},77366,215,219,33,0.4901
kube-fake,none,559,0,,,"{""api_errors"": 3, ""pod_evicted"": 1, ""race_cancel"": 1, ""zombie"": 1}",{},142883,145,150,27,0.2632
kube-fake,none,560,0,,,"{""node_down"": 1, ""preempt"": 1}",{},100554,129,156,24,0.2904
kube-fake,none,561,0,,,"{""preempt"": 1}",{},135031,162,152,36,0.3986
kube-fake,none,562,0,,,"{""api_errors"": 2, ""crash"": 1, ""node_down"": 1, ""zombie"": 1}","{""stopped.before_commit"": 1}",185805,233,240,39,0.6627
kube-fake,none,563,0,,,"{""job_pending"": 2, ""node_down"": 2, ""observe_stale"": 1, ""policy_fault"": 1}",{},102159,185,244,36,0.5718
kube-fake,none,564,0,,,"{""observe_stale"": 1, ""pod_evicted"": 1}",{},90300,128,168,27,0.2451
kube-fake,none,565,0,,,"{""observe_stale"": 1, ""preempt"": 1, ""race_cancel"": 2}",{},96648,115,137,24,0.1751
kube-fake,none,566,0,,,"{""crash"": 1, ""zombie"": 1}","{""requeue.before_commit"": 1}",89898,120,132,21,0.1951
kube-fake,none,567,0,,,"{""crash"": 2, ""policy_fault"": 1, ""race_cancel"": 1, ""store_outage"": 1, ""zombie"": 1}","{""ended.before_forget"": 1, ""start.after_call"": 1}",159020,113,130,21,0.2198
kube-fake,none,568,0,,,"{""observe_stale"": 1}",{},145956,186,208,33,0.3796
kube-fake,none,569,0,,,"{""observe_down"": 1}",{},171516,249,258,37,0.5593
kube-fake,none,570,0,,,"{""api_errors"": 1, ""observe_stale"": 1, ""pod_evicted"": 1, ""preempt"": 2}",{},160123,196,216,32,0.3768
kube-fake,none,571,0,,,"{""crash"": 1, ""race_cancel"": 1, ""zombie"": 1}","{""submit.after_commit"": 1}",204078,194,188,39,0.3718
kube-fake,none,572,0,,,"{""api_errors"": 1, ""crash"": 1, ""observe_stale"": 1, ""race_cancel"": 1, ""store_tx_fail"": 1}","{""requeue.before_commit"": 1}",178491,142,173,23,0.2899
kube-fake,none,573,0,,,"{""race_cancel"": 1}",{},119242,174,178,31,0.3221
kube-fake,none,574,0,,,"{""job_pending"": 1, ""pod_evicted"": 2, ""policy_fault"": 1, ""store_tx_fail"": 1, ""zombie"": 1}",{},125410,214,233,43,0.4799
kube-fake,none,575,0,,,"{""observe_stale"": 1, ""zombie"": 1}",{},191276,180,158,40,0.316
kube-fake,none,576,0,,,"{""crash"": 1, ""observe_stale"": 1, ""policy_fault"": 1, ""race_cancel"": 1}","{""submit.after_commit"": 1}",150886,136,161,28,0.2274
kube-fake,none,577,0,,,"{""race_cancel"": 1, ""store_tx_fail"": 1}",{},140103,154,179,34,0.3107
kube-fake,none,578,0,,,"{""api_errors"": 1, ""job_pending"": 1}",{},125357,178,216,38,0.3854
kube-fake,none,579,0,,,"{""race_cancel"": 1}",{},127279,171,204,39,0.3658
kube-fake,none,580,0,,,"{""policy_fault"": 1, ""store_tx_fail"": 2}",{},118220,215,225,36,0.5157
kube-fake,none,581,0,,,"{""preempt"": 1}",{},112829,142,173,28,0.3004
kube-fake,none,582,0,,,"{""observe_stale"": 1, ""policy_fault"": 1, ""store_outage"": 1}",{},101333,108,133,24,0.1681
kube-fake,none,583,0,,,"{""crash"": 1}","{""stopped.before_commit"": 1}",127354,200,209,36,0.4147
kube-fake,none,584,0,,,"{""api_errors"": 1, ""cap_change"": 1, ""observe_down"": 1}",{},89612,154,180,32,0.3298
kube-fake,none,585,0,,,"{""crash"": 1, ""observe_stale"": 1, ""policy_fault"": 1}","{""start.after_call"": 1}",160817,162,188,32,0.3076
kube-fake,none,586,0,,,"{""job_pending"": 1}",{},113164,118,147,24,0.1825
kube-fake,none,587,0,,,"{""crash"": 1, ""preempt"": 1, ""race_cancel"": 1, ""store_outage"": 1}","{""ended.before_forget"": 1}",47347,208,233,40,0.5484
kube-fake,none,588,0,,,"{""cap_change"": 1}",{},64233,96,115,20,0.1462
kube-fake,none,589,0,,,"{""observe_down"": 1}",{},171467,202,226,38,0.4311
kube-fake,none,590,0,,,"{""preempt"": 1, ""race_cancel"": 1}",{},129713,187,203,35,0.3938
kube-fake,none,591,0,,,"{""api_errors"": 1, ""job_pending"": 1, ""observe_stale"": 1, ""policy_fault"": 1}",{},135764,138,181,31,0.2792
kube-fake,none,592,0,,,"{""cap_change"": 1, ""zombie"": 1}",{},118378,104,95,23,0.1758
kube-fake,none,593,0,,,"{""observe_stale"": 2, ""race_cancel"": 2}",{},91860,123,144,27,0.2326
kube-fake,none,594,0,,,"{""api_errors"": 1, ""observe_stale"": 1, ""preempt"": 1, ""race_cancel"": 1, ""store_tx_fail"": 1}",{},0,83,100,20,0.1067
kube-fake,none,595,0,,,"{""crash"": 1, ""node_down"": 1, ""store_tx_fail"": 3}","{""start.after_commit"": 1}",93173,141,170,23,0.2696
kube-fake,none,596,0,,,"{""crash"": 1, ""pod_evicted"": 1, ""store_tx_fail"": 2, ""zombie"": 1}","{""stopped.before_commit"": 1}",119551,118,125,26,0.1757
kube-fake,none,597,0,,,"{""crash"": 1, ""job_pending"": 1, ""race_cancel"": 2, ""zombie"": 2}","{""requeue.before_commit"": 1}",122973,170,168,34,0.3187
kube-fake,none,598,0,,,"{""api_errors"": 1, ""observe_stale"": 2, ""pod_evicted"": 1, ""race_cancel"": 1, ""store_outage"": 1}",{},118625,172,208,34,0.3295
kube-fake,none,599,0,,,"{""cap_change"": 1, ""pod_evicted"": 1, ""zombie"": 1}",{},111014,108,112,26,0.1573
kube-fake,none,600,0,,,"{""job_pending"": 1, ""node_down"": 1, ""preempt"": 1, ""store_outage"": 1, ""store_tx_fail"": 1}",{},94715,142,183,28,0.267
kube-fake,none,601,0,,,"{""observe_down"": 1, ""observe_stale"": 1, ""policy_fault"": 2, ""race_cancel"": 1, ""zombie"": 1}",{},62355,153,7762,29,7.0404
kube-fake,none,602,0,,,"{""crash"": 1, ""node_down"": 1, ""store_outage"": 1}","{""requeue.before_commit"": 1}",81852,203,214,34,0.438
kube-fake,none,603,0,,,"{""api_errors"": 1, ""crash"": 1, ""zombie"": 3}","{""ended.before_forget"": 1}",238319,236,204,46,0.491
kube-fake,none,604,0,,,"{""api_errors"": 2, ""crash"": 1, ""observe_stale"": 1, ""zombie"": 1}","{""start.after_commit"": 1}",228827,182,164,32,0.3938
kube-fake,none,605,0,,,"{""job_pending"": 2, ""preempt"": 1, ""store_tx_fail"": 1}",{},127337,172,211,31,0.3379
kube-fake,none,606,0,,,"{""api_errors"": 1, ""observe_stale"": 1, ""policy_fault"": 1, ""race_cancel"": 1, ""store_outage"": 1}",{},131667,154,196,32,0.2819
kube-fake,none,607,0,,,"{""api_errors"": 2, ""job_pending"": 1}",{},92425,108,133,22,0.1589
kube-fake,none,608,0,,,"{""api_errors"": 1, ""cap_change"": 1, ""node_down"": 1, ""observe_down"": 1, ""pod_evicted"": 1}",{},121958,197,232,37,0.4245
kube-fake,none,609,0,,,"{""job_pending"": 1, ""preempt"": 1, ""store_outage"": 2}",{},91258,128,154,20,0.2065
kube-fake,none,610,0,,,"{""observe_down"": 1, ""store_outage"": 1, ""zombie"": 1}",{},141913,174,188,38,0.3081
kube-fake,none,611,0,,,"{""observe_stale"": 1, ""preempt"": 2, ""race_cancel"": 1}",{},127360,145,171,25,0.2672
kube-fake,none,612,0,,,"{""pod_evicted"": 1}",{},148299,262,226,32,0.4936
kube-fake,none,613,0,,,"{""api_errors"": 1, ""policy_fault"": 1, ""race_cancel"": 1}",{},150739,185,203,35,0.3803
kube-fake,none,614,0,,,"{""job_pending"": 1, ""node_down"": 1, ""preempt"": 1, ""race_cancel"": 1}",{},175203,163,197,31,0.3102
kube-fake,none,615,0,,,"{""crash"": 1, ""job_pending"": 1, ""observe_stale"": 1, ""race_cancel"": 2, ""zombie"": 1}","{""ended.before_forget"": 1}",78086,151,150,33,0.2572
kube-fake,none,616,0,,,"{""zombie"": 1}",{},66051,264,287,42,0.627
kube-fake,none,617,0,,,"{""node_down"": 1, ""store_outage"": 1, ""store_tx_fail"": 1}",{},123737,121,137,23,0.1835
kube-fake,none,618,0,,,"{""crash"": 1, ""observe_down"": 1, ""preempt"": 2, ""store_outage"": 1}","{""start.after_commit"": 1}",103740,96,125,21,0.1375
kube-fake,none,619,0,,,"{""observe_stale"": 1}",{},94207,126,153,24,0.2267
kube-fake,none,620,0,,,"{""observe_down"": 1}",{},134837,132,155,27,0.2606
kube-fake,none,621,0,,,"{""api_errors"": 1, ""observe_stale"": 1, ""preempt"": 1, ""race_cancel"": 1}",{},83443,109,134,24,0.1799
kube-fake,none,622,0,,,"{""crash"": 2, ""race_cancel"": 1}","{""requeue.before_commit"": 2}",152123,179,215,35,0.3998
kube-fake,none,623,0,,,"{""crash"": 1, ""observe_stale"": 1}","{""start.after_commit"": 1}",27552,128,159,30,0.2741
kube-fake,none,624,0,,,"{""preempt"": 1, ""race_cancel"": 1, ""zombie"": 1}",{},168161,147,134,27,0.2725
kube-fake,none,625,0,,,"{""node_down"": 1}",{},246054,135,157,22,0.2383
kube-fake,none,626,0,,,"{""observe_stale"": 1}",{},119236,154,173,32,0.2924
kube-fake,none,627,0,,,"{""cap_change"": 1}",{},1716,130,144,24,0.2059
kube-fake,none,628,0,,,"{""observe_down"": 1}",{},81032,86,102,20,0.1311
kube-fake,none,629,0,,,"{""zombie"": 1}",{},150740,130,131,26,0.2226
kube-fake,none,630,0,,,"{""api_errors"": 1, ""crash"": 1, ""observe_stale"": 1, ""policy_fault"": 1}","{""requeue.before_commit"": 1}",61907,134,156,27,0.3076
kube-fake,none,631,0,,,"{""crash"": 2, ""zombie"": 2}","{""ended.before_forget"": 1, ""start.after_call"": 1}",117441,188,188,37,0.4191
kube-fake,none,632,0,,,"{""job_pending"": 1, ""observe_down"": 1, ""zombie"": 1}",{},33043,196,196,39,0.423
kube-fake,none,633,0,,,"{""crash"": 1, ""job_pending"": 1, ""node_down"": 1, ""observe_down"": 1, ""pod_evicted"": 1, ""preempt"": 1}","{""submit.after_commit"": 1}",116840,174,215,31,0.4237
kube-fake,none,634,0,,,"{""race_cancel"": 1}",{},149754,121,132,25,0.1765
kube-fake,none,635,0,,,"{""pod_evicted"": 1, ""preempt"": 1}",{},140183,120,127,24,0.1705
kube-fake,none,636,0,,,"{""cap_change"": 1, ""policy_fault"": 1, ""store_outage"": 1, ""zombie"": 1}",{},56958,138,141,29,0.2771
kube-fake,none,637,0,,,"{""job_pending"": 1, ""observe_down"": 1, ""race_cancel"": 1, ""store_outage"": 1, ""store_tx_fail"": 1, ""zombie"": 1}",{},125683,107,125,26,0.1901
kube-fake,none,638,0,,,"{""cap_change"": 2, ""crash"": 1, ""observe_down"": 1, ""zombie"": 1}","{""stop.before_call"": 1}",198383,176,192,33,0.3775
kube-fake,none,639,0,,,"{""cap_change"": 1}",{},59111,94,103,20,0.1321
kube-fake,none,640,0,,,"{""crash"": 1, ""preempt"": 1, ""race_cancel"": 1, ""store_tx_fail"": 1}","{""start.after_commit"": 1}",154197,100,124,20,0.147
kube-fake,none,641,0,,,"{""api_errors"": 1, ""preempt"": 1}",{},154379,150,173,28,0.2669
kube-fake,none,642,0,,,"{""policy_fault"": 1}",{},168575,178,208,38,0.3777
kube-fake,none,643,0,,,"{""node_down"": 1, ""preempt"": 2}",{},98553,203,221,40,0.4429
kube-fake,none,644,0,,,"{""cap_change"": 1, ""crash"": 1, ""observe_stale"": 1, ""pod_evicted"": 1, ""store_tx_fail"": 1}","{""stopped.before_commit"": 1}",222466,246,243,35,0.4763
kube-fake,none,645,0,,,"{""observe_stale"": 1, ""race_cancel"": 2}",{},99094,158,176,32,0.3195
kube-fake,none,646,0,,,"{""cap_change"": 1, ""crash"": 2}","{""ended.before_forget"": 2}",152242,178,208,35,0.3849
kube-fake,none,647,0,,,"{""node_down"": 1, ""zombie"": 1}",{},232405,209,220,39,0.47
kube-fake,none,648,0,,,"{""node_down"": 2}",{},112279,221,225,35,0.4133
kube-fake,none,649,0,,,"{""node_down"": 1}",{},142334,146,172,24,0.2556
kube-fake,none,650,0,,,"{""crash"": 1, ""race_cancel"": 1, ""store_outage"": 1, ""store_tx_fail"": 1}","{""stop.before_call"": 1}",55252,133,158,28,0.2137
kube-fake,none,651,0,,,"{""api_errors"": 1, ""cap_change"": 1, ""observe_stale"": 1, ""race_cancel"": 1}",{},75095,121,135,24,0.1978
kube-fake,none,652,0,,,"{""node_down"": 1, ""observe_down"": 1, ""observe_stale"": 1, ""pod_evicted"": 1, ""store_tx_fail"": 1, ""zombie"": 1}",{},132475,158,182,36,0.3544
kube-fake,none,653,0,,,"{""observe_stale"": 1}",{},209643,194,216,39,0.3925
kube-fake,none,654,0,,,"{""observe_down"": 1}",{},130513,216,222,39,0.4645
kube-fake,none,655,0,,,"{""observe_stale"": 1}",{},130308,126,141,22,0.1637
kube-fake,none,656,0,,,"{""crash"": 1, ""store_tx_fail"": 1}","{""submit.after_commit"": 1}",17732,144,170,31,0.2771
kube-fake,none,657,0,,,"{""zombie"": 1}",{},151071,152,153,33,0.271
kube-fake,none,658,0,,,"{""cap_change"": 1, ""preempt"": 1, ""store_tx_fail"": 2, ""zombie"": 1}",{},90992,138,149,30,0.2818
kube-fake,none,659,0,,,"{""crash"": 1}","{""start.after_commit"": 1}",219259,176,200,37,0.3471
kube-fake,none,660,0,,,"{""crash"": 1, ""observe_down"": 1, ""policy_fault"": 1, ""zombie"": 1}","{""requeue.before_commit"": 1}",398296,230,233,40,0.4743
kube-fake,none,661,0,,,"{""api_errors"": 1, ""observe_stale"": 1, ""pod_evicted"": 1, ""policy_fault"": 1, ""zombie"": 1}",{},0,132,125,27,0.2288
kube-fake,none,662,0,,,{},{},207865,182,177,38,0.3408
kube-fake,none,663,0,,,"{""crash"": 2, ""observe_stale"": 1}","{""ended.before_forget"": 1, ""start.after_call"": 1}",110475,110,130,21,0.1598
kube-fake,none,664,0,,,"{""observe_stale"": 2, ""policy_fault"": 1}",{},55093,150,173,33,0.2943
kube-fake,none,665,0,,,"{""crash"": 1, ""pod_evicted"": 1, ""preempt"": 1, ""zombie"": 1}","{""start.after_call"": 1}",209657,160,166,33,0.2496
kube-fake,none,666,0,,,"{""observe_stale"": 1}",{},56724,160,191,30,0.3236
kube-fake,none,667,0,,,"{""observe_down"": 1, ""pod_evicted"": 1, ""race_cancel"": 2}",{},65640,120,136,25,0.1973
kube-fake,none,668,0,,,"{""job_pending"": 1, ""store_outage"": 1, ""zombie"": 2}",{},163227,248,228,42,0.5206
kube-fake,none,669,0,,,"{""cap_change"": 1, ""crash"": 1}","{""stop.before_call"": 1}",151875,124,148,23,0.2146
kube-fake,none,670,0,,,"{""race_cancel"": 1}",{},153459,136,151,28,0.2639
kube-fake,none,671,0,,,"{""policy_fault"": 1}",{},180822,214,220,40,0.4925
kube-fake,none,672,0,,,"{""crash"": 2, ""job_pending"": 1, ""node_down"": 2}","{""start.after_commit"": 1, ""stop.before_call"": 1}",100140,121,154,20,0.1919
kube-fake,none,673,0,,,"{""cap_change"": 1, ""observe_stale"": 1, ""race_cancel"": 2, ""zombie"": 1}",{},38011,162,184,31,0.3791
kube-fake,none,674,0,,,"{""cap_change"": 2, ""preempt"": 1}",{},74353,202,230,36,0.3949
kube-fake,none,675,0,,,"{""observe_stale"": 1, ""race_cancel"": 2, ""store_outage"": 1, ""store_tx_fail"": 1}",{},88159,140,172,29,0.2252
kube-fake,none,676,0,,,"{""zombie"": 1}",{},177942,138,133,29,0.2279
kube-fake,none,677,0,,,{},{},64532,158,175,33,0.2702
kube-fake,none,678,0,,,"{""cap_change"": 1, ""job_pending"": 1}",{},15224,110,132,23,0.159
kube-fake,none,679,0,,,"{""api_errors"": 1, ""observe_down"": 1, ""observe_stale"": 2, ""race_cancel"": 1}",{},110014,186,208,35,0.3115
kube-fake,none,680,0,,,"{""api_errors"": 2, ""node_down"": 2, ""policy_fault"": 1, ""race_cancel"": 1}",{},155466,131,153,29,0.2256
kube-fake,none,681,0,,,"{""crash"": 1, ""node_down"": 1, ""preempt"": 1, ""race_cancel"": 2, ""store_tx_fail"": 1}","{""start.after_call"": 1}",21370,212,229,40,0.4613
kube-fake,none,682,0,,,"{""crash"": 1, ""race_cancel"": 1}","{""requeue.before_commit"": 1}",151426,160,173,31,0.2713
kube-fake,none,683,0,,,"{""cap_change"": 1, ""node_down"": 1, ""race_cancel"": 1, ""zombie"": 1}",{},18488,190,207,37,0.3449
kube-fake,none,684,0,,,"{""cap_change"": 1, ""observe_stale"": 1}",{},172446,176,163,38,0.2918
kube-fake,none,685,0,,,"{""observe_down"": 1}",{},153521,188,202,36,0.3328
kube-fake,none,686,0,,,"{""cap_change"": 1, ""job_pending"": 1}",{},76630,116,138,20,0.1573
kube-fake,none,687,0,,,"{""crash"": 2, ""preempt"": 1}","{""ended.before_forget"": 1, ""start.after_call"": 1}",147555,172,162,35,0.2963
kube-fake,none,688,0,,,"{""job_pending"": 1, ""policy_fault"": 1, ""store_tx_fail"": 2}",{},137169,204,242,40,0.3983
kube-fake,none,689,0,,,"{""store_tx_fail"": 1}",{},155523,136,155,31,0.2421
kube-fake,none,690,0,,,"{""observe_stale"": 1, ""pod_evicted"": 1, ""preempt"": 1, ""race_cancel"": 2}",{},106408,196,202,36,0.3672
kube-fake,none,691,0,,,"{""api_errors"": 1, ""job_pending"": 1, ""race_cancel"": 2}",{},35683,137,151,27,0.25
kube-fake,none,692,0,,,"{""cap_change"": 1, ""job_pending"": 2, ""pod_evicted"": 1, ""preempt"": 1, ""zombie"": 1}",{},78823,180,184,36,0.357
kube-fake,none,693,0,,,"{""zombie"": 1}",{},111374,144,137,31,0.2317
kube-fake,none,694,0,,,"{""job_pending"": 1, ""race_cancel"": 1, ""store_outage"": 1, ""zombie"": 1}",{},23215,166,187,29,0.3179
kube-fake,none,695,0,,,"{""api_errors"": 1}",{},49116,128,150,25,0.2033
kube-fake,none,696,0,,,"{""crash"": 1, ""store_tx_fail"": 1}","{""start.after_commit"": 1}",118283,108,133,24,0.1615
kube-fake,none,697,0,,,"{""api_errors"": 1}",{},49329,123,136,25,0.1734
kube-fake,none,698,0,,,"{""crash"": 1, ""node_down"": 2, ""preempt"": 1, ""store_outage"": 1, ""zombie"": 1}","{""ended.before_forget"": 1}",117310,181,187,36,0.3122
kube-fake,none,699,0,,,"{""api_errors"": 1, ""node_down"": 1, ""observe_stale"": 1, ""pod_evicted"": 1, ""preempt"": 1}",{},152603,142,156,28,0.1966
kube-fake,none,700,0,,,"{""pod_evicted"": 1}",{},181213,152,169,26,0.213
kube-fake,none,701,0,,,"{""api_errors"": 1, ""observe_down"": 1, ""observe_stale"": 1, ""policy_fault"": 1, ""preempt"": 1}",{},216479,164,12178,27,7.2996
kube-fake,none,702,0,,,"{""api_errors"": 1, ""pod_evicted"": 1, ""race_cancel"": 1, ""zombie"": 1}",{},74617,170,177,30,0.3295
kube-fake,none,703,0,,,"{""crash"": 1}","{""requeue.before_commit"": 1}",202947,196,192,39,0.3592
kube-fake,none,704,0,,,"{""api_errors"": 1, ""observe_stale"": 2, ""policy_fault"": 1, ""store_outage"": 1}",{},120674,158,196,32,0.2713
kube-fake,none,705,0,,,"{""crash"": 1}","{""ended.before_forget"": 1}",168338,200,210,35,0.4018
kube-fake,none,706,0,,,"{""crash"": 1, ""observe_down"": 1}","{""requeue.before_commit"": 1}",74945,162,172,32,0.2899
kube-fake,none,707,0,,,"{""cap_change"": 1, ""crash"": 1, ""observe_down"": 1, ""observe_stale"": 1, ""zombie"": 1}","{""requeue.before_commit"": 1}",123797,136,157,26,0.2405
kube-fake,none,708,0,,,"{""store_tx_fail"": 1}",{},72645,104,115,21,0.1549
kube-fake,none,709,0,,,"{""node_down"": 1, ""preempt"": 1}",{},88954,141,162,23,0.2211
kube-fake,none,710,0,,,"{""api_errors"": 1, ""cap_change"": 1, ""race_cancel"": 1, ""zombie"": 2}",{},80325,132,122,30,0.1966
kube-fake,none,711,0,,,"{""observe_stale"": 1}",{},64090,112,132,26,0.1879
kube-fake,none,712,0,,,"{""policy_fault"": 1, ""preempt"": 1}",{},158018,156,168,31,0.2824
kube-fake,none,713,0,,,"{""observe_stale"": 1, ""pod_evicted"": 1, ""preempt"": 1, ""race_cancel"": 2}",{},36566,136,158,24,0.2432
kube-fake,none,714,0,,,"{""observe_down"": 1, ""observe_stale"": 1, ""pod_evicted"": 1, ""store_tx_fail"": 1}",{},56647,140,164,32,0.2344
kube-fake,none,715,0,,,"{""observe_down"": 1, ""observe_stale"": 1, ""store_tx_fail"": 1, ""zombie"": 2}",{},47238,180,200,41,0.3705
kube-fake,none,716,0,,,"{""zombie"": 1}",{},343332,202,210,39,0.4323
kube-fake,none,717,0,,,"{""cap_change"": 1, ""observe_down"": 1, ""policy_fault"": 1, ""zombie"": 2}",{},126798,180,183,36,0.3305
kube-fake,none,718,0,,,"{""cap_change"": 1, ""crash"": 1, ""observe_stale"": 1, ""race_cancel"": 1, ""zombie"": 1}","{""ended.before_forget"": 1}",83039,186,185,37,0.3527
kube-fake,none,719,0,,,"{""api_errors"": 1, ""node_down"": 2}",{},32738,141,163,26,0.248
kube-fake,none,720,0,,,"{""preempt"": 1, ""zombie"": 1}",{},81563,124,130,27,0.2369
kube-fake,none,721,0,,,"{""crash"": 1, ""store_outage"": 1}","{""stopped.before_commit"": 1}",157651,194,240,39,0.4407
kube-fake,none,722,0,,,"{""crash"": 1, ""job_pending"": 2, ""observe_stale"": 1, ""store_outage"": 1}","{""ended.before_forget"": 1}",111789,164,211,34,0.3664
kube-fake,none,723,0,,,"{""api_errors"": 1, ""cap_change"": 1, ""job_pending"": 1, ""policy_fault"": 2}",{},145268,171,223,36,0.3445
kube-fake,none,724,0,,,"{""crash"": 1}","{""stop.before_call"": 1}",61629,176,176,31,0.3013
kube-fake,none,725,0,,,"{""store_outage"": 1}",{},156686,100,126,22,0.1639
kube-fake,none,726,0,,,"{""job_pending"": 1, ""observe_down"": 1, ""race_cancel"": 1, ""zombie"": 1}",{},233736,134,132,25,0.2211
kube-fake,none,727,0,,,"{""observe_stale"": 1, ""store_outage"": 1, ""store_tx_fail"": 1}",{},65846,128,157,25,0.1883
kube-fake,none,728,0,,,"{""store_tx_fail"": 1}",{},188959,162,187,34,0.2582
kube-fake,none,729,0,,,"{""store_tx_fail"": 1, ""zombie"": 1}",{},174179,237,243,44,0.5309
kube-fake,none,730,0,,,"{""race_cancel"": 1}",{},123006,149,165,28,0.2493
kube-fake,none,731,0,,,"{""cap_change"": 1, ""race_cancel"": 1, ""store_tx_fail"": 1}",{},154722,133,152,31,0.2275
kube-fake,none,732,0,,,"{""job_pending"": 1, ""preempt"": 1}",{},86609,128,158,26,0.2124
kube-fake,none,733,0,,,"{""observe_down"": 2, ""observe_stale"": 1}",{},71344,118,116,27,0.164
kube-fake,none,734,0,,,"{""observe_stale"": 1, ""race_cancel"": 1}",{},101090,152,166,32,0.2765
kube-fake,none,735,0,,,"{""cap_change"": 1, ""pod_evicted"": 1, ""store_tx_fail"": 1}",{},126620,158,187,31,0.2963
kube-fake,none,736,0,,,"{""preempt"": 1, ""race_cancel"": 1, ""store_tx_fail"": 1, ""zombie"": 1}",{},68451,96,120,20,0.1622
kube-fake,none,737,0,,,"{""crash"": 1, ""observe_down"": 1, ""preempt"": 1, ""race_cancel"": 1}","{""ended.before_forget"": 1}",17051,114,124,21,0.1563
kube-fake,none,738,0,,,"{""observe_stale"": 1, ""zombie"": 2}",{},127101,162,162,31,0.2952
kube-fake,none,739,0,,,"{""api_errors"": 1, ""crash"": 1, ""observe_down"": 1, ""pod_evicted"": 1, ""policy_fault"": 1, ""race_cancel"": 1}","{""start.after_commit"": 1}",105179,178,214,39,0.4384
kube-fake,none,740,0,,,"{""job_pending"": 1, ""observe_stale"": 1, ""zombie"": 1}",{},113387,112,125,23,0.1582
kube-fake,none,741,0,,,"{""node_down"": 1}",{},109451,118,140,22,0.1823
kube-fake,none,742,0,,,"{""api_errors"": 1, ""observe_down"": 1, ""pod_evicted"": 1, ""store_outage"": 1, ""zombie"": 1}",{},83153,122,126,27,0.2049
kube-fake,none,743,0,,,"{""api_errors"": 1, ""cap_change"": 1, ""crash"": 1, ""policy_fault"": 1, ""zombie"": 1}","{""start.after_call"": 1}",146962,174,184,34,0.3681
kube-fake,none,744,0,,,"{""cap_change"": 1, ""policy_fault"": 1, ""race_cancel"": 1}",{},52915,126,151,25,0.2467
kube-fake,none,745,0,,,"{""observe_down"": 1}",{},215187,140,163,28,0.2622
kube-fake,none,746,0,,,"{""cap_change"": 1, ""store_tx_fail"": 1}",{},0,114,126,23,0.1701
kube-fake,none,747,0,,,"{""crash"": 1, ""observe_stale"": 2, ""policy_fault"": 1, ""store_outage"": 1, ""store_tx_fail"": 1}","{""start.after_call"": 1}",76008,198,236,38,0.4107
kube-fake,none,748,0,,,"{""api_errors"": 1, ""cap_change"": 1, ""node_down"": 1, ""race_cancel"": 1, ""store_outage"": 1, ""zombie"": 1}",{},182499,162,161,33,0.2383
kube-fake,none,749,0,,,"{""api_errors"": 1, ""observe_down"": 1, ""race_cancel"": 1}",{},45485,114,126,25,0.1749
kube-fake,none,750,0,,,"{""observe_stale"": 1, ""zombie"": 1}",{},166200,132,114,29,0.2176
kube-fake,none,751,0,,,"{""api_errors"": 1, ""observe_stale"": 1, ""pod_evicted"": 1, ""zombie"": 1}",{},88056,194,202,38,0.3734
kube-fake,none,752,0,,,"{""job_pending"": 1, ""pod_evicted"": 1, ""zombie"": 1}",{},158108,136,153,26,0.2456
kube-fake,none,753,0,,,"{""policy_fault"": 1, ""preempt"": 1}",{},49894,120,138,23,0.2032
kube-fake,none,754,0,,,"{""job_pending"": 1, ""race_cancel"": 1, ""zombie"": 1}",{},69924,168,190,33,0.3448
kube-fake,none,755,0,,,"{""job_pending"": 1, ""observe_stale"": 1}",{},33535,186,214,36,0.458
kube-fake,none,756,0,,,"{""race_cancel"": 1, ""store_tx_fail"": 1}",{},167560,136,154,29,0.2465
kube-fake,none,757,0,,,"{""crash"": 1, ""node_down"": 1, ""observe_down"": 1}","{""ended.before_forget"": 1}",113648,176,193,36,0.3463
kube-fake,none,758,0,,,"{""crash"": 1}","{""ended.before_forget"": 1}",146591,144,169,33,0.2916
kube-fake,none,759,0,,,"{""race_cancel"": 1}",{},125764,199,213,36,0.467
kube-fake,none,760,0,,,"{""api_errors"": 1, ""pod_evicted"": 1}",{},80397,144,164,26,0.2111
kube-fake,none,761,0,,,"{""api_errors"": 1, ""crash"": 1, ""node_down"": 1, ""observe_down"": 1, ""pod_evicted"": 2}","{""requeue.before_commit"": 1}",71867,147,166,32,0.2942
kube-fake,none,762,0,,,"{""crash"": 1, ""store_tx_fail"": 1}","{""requeue.before_commit"": 1}",88764,148,171,33,0.2917
kube-fake,none,763,0,,,"{""observe_down"": 1}",{},69811,106,127,25,0.1756
kube-fake,none,764,0,,,"{""observe_stale"": 3, ""race_cancel"": 1, ""store_outage"": 1}",{},152537,150,192,31,0.2822
kube-fake,none,765,0,,,"{""store_tx_fail"": 1}",{},181496,206,228,40,0.479
kube-fake,none,766,0,,,"{""crash"": 1, ""observe_stale"": 2, ""pod_evicted"": 1, ""store_outage"": 1}","{""submit.after_commit"": 1}",220857,200,219,36,0.4556
kube-fake,none,767,0,,,"{""policy_fault"": 1, ""race_cancel"": 1}",{},135503,136,161,26,0.2349
kube-fake,none,768,0,,,"{""crash"": 1, ""observe_stale"": 1, ""pod_evicted"": 1}","{""start.after_call"": 1}",123851,147,161,29,0.29
kube-fake,none,769,0,,,"{""policy_fault"": 1, ""store_tx_fail"": 1}",{},96084,112,140,24,0.1993
kube-fake,none,770,0,,,"{""node_down"": 2, ""policy_fault"": 2}",{},168060,184,227,34,0.4647
kube-fake,none,771,0,,,"{""crash"": 1, ""job_pending"": 1, ""race_cancel"": 1, ""store_outage"": 2}","{""start.after_call"": 1}",120135,164,227,39,0.4856
kube-fake,none,772,0,,,"{""cap_change"": 1, ""observe_stale"": 3}",{},127511,134,152,26,0.3346
kube-fake,none,773,0,,,"{""zombie"": 1}",{},174627,142,138,31,0.2899
kube-fake,none,774,0,,,"{""api_errors"": 2, ""crash"": 1, ""node_down"": 1, ""pod_evicted"": 1, ""preempt"": 1}","{""start.after_call"": 1}",79933,118,139,20,0.2107
kube-fake,none,775,0,,,"{""observe_down"": 1, ""race_cancel"": 1, ""store_outage"": 1}",{},108252,142,188,28,0.3428
kube-fake,none,776,0,,,"{""node_down"": 1, ""policy_fault"": 1}",{},0,118,137,23,0.2488
kube-fake,none,777,0,,,"{""crash"": 1, ""observe_down"": 1, ""observe_stale"": 1}","{""requeue.before_commit"": 1}",133596,146,173,32,0.3385
kube-fake,none,778,0,,,"{""crash"": 1, ""observe_stale"": 1, ""policy_fault"": 1}","{""start.after_call"": 1}",33284,124,149,24,0.2801
kube-fake,none,779,0,,,"{""race_cancel"": 1}",{},55511,114,123,25,0.2125
kube-fake,none,780,0,,,"{""observe_down"": 1, ""observe_stale"": 1, ""pod_evicted"": 1, ""race_cancel"": 2, ""store_tx_fail"": 1}",{},173857,124,141,27,0.212
kube-fake,none,781,0,,,"{""pod_evicted"": 1}",{},218471,202,221,40,0.6027
kube-fake,none,782,0,,,"{""crash"": 1, ""observe_down"": 2, ""pod_evicted"": 1, ""zombie"": 1}","{""ended.before_forget"": 1}",68189,110,120,22,0.1726
kube-fake,none,783,0,,,"{""node_down"": 1, ""observe_stale"": 3, ""race_cancel"": 1}",{},84191,200,238,35,0.5198
kube-fake,none,784,0,,,"{""preempt"": 1}",{},72255,138,157,27,0.2653
kube-fake,none,785,0,,,"{""observe_stale"": 1}",{},142141,154,175,30,0.3105
kube-fake,none,786,0,,,"{""api_errors"": 1, ""observe_stale"": 1, ""pod_evicted"": 1}",{},33144,98,110,20,0.163
kube-fake,none,787,0,,,"{""pod_evicted"": 1}",{},78708,164,179,31,0.333
kube-fake,none,788,0,,,"{""crash"": 1, ""observe_stale"": 1, ""pod_evicted"": 1, ""store_tx_fail"": 1}","{""start.after_call"": 1}",0,100,115,20,0.1624
kube-fake,none,789,0,,,"{""observe_stale"": 1}",{},127979,172,186,33,0.3539
kube-fake,none,790,0,,,"{""node_down"": 1, ""observe_stale"": 1, ""pod_evicted"": 1}",{},230563,188,217,34,0.5381
kube-fake,none,791,0,,,"{""node_down"": 1, ""store_outage"": 1, ""store_tx_fail"": 1, ""zombie"": 2}",{},89701,202,204,39,0.5367
kube-fake,none,792,0,,,"{""crash"": 1}","{""stop.before_call"": 1}",338230,168,182,32,0.3668
kube-fake,none,793,0,,,"{""observe_down"": 1}",{},136294,185,192,31,0.4447
kube-fake,none,794,0,,,"{""observe_down"": 1, ""observe_stale"": 1, ""policy_fault"": 1}",{},184554,201,217,40,0.5885
kube-fake,none,795,0,,,"{""crash"": 1, ""node_down"": 1, ""policy_fault"": 1}","{""ended.before_forget"": 1}",164862,175,178,40,0.4231
kube-fake,none,796,0,,,"{""pod_evicted"": 2}",{},107447,162,165,33,0.3684
kube-fake,none,797,0,,,"{""observe_stale"": 1, ""race_cancel"": 1, ""store_tx_fail"": 2, ""zombie"": 2}",{},31114,145,149,33,0.2872
kube-fake,none,798,0,,,"{""cap_change"": 2, ""race_cancel"": 1}",{},48292,114,129,23,0.1866
kube-fake,none,799,0,,,"{""job_pending"": 1, ""race_cancel"": 2}",{},50014,95,126,22,0.1298
kube-fake,none,800,0,,,"{""crash"": 1, ""observe_stale"": 1, ""policy_fault"": 1, ""store_tx_fail"": 1, ""zombie"": 1}","{""submit.after_commit"": 1}",77625,126,135,24,0.1962
kube-fake,none,801,0,,,"{""observe_down"": 2, ""pod_evicted"": 1}",{},157368,142,171,26,0.2237
kube-fake,none,802,0,,,"{""cap_change"": 1, ""crash"": 1, ""policy_fault"": 1, ""race_cancel"": 1, ""store_tx_fail"": 1, ""zombie"": 1}","{""requeue.before_commit"": 1}",12327,124,113,27,0.1587
kube-fake,none,803,0,,,"{""cap_change"": 1, ""observe_stale"": 1, ""race_cancel"": 1}",{},124735,156,189,30,0.2872
kube-fake,none,804,0,,,"{""observe_stale"": 3, ""policy_fault"": 1}",{},9311,188,212,36,0.3746
kube-fake,none,805,0,,,"{""node_down"": 1, ""zombie"": 1}",{},184525,195,174,31,0.355
kube-fake,none,806,0,,,"{""cap_change"": 1, ""job_pending"": 1, ""observe_down"": 2, ""race_cancel"": 1}",{},138474,114,133,22,0.162
kube-fake,none,807,0,,,"{""observe_stale"": 1}",{},0,114,134,21,0.1466
kube-fake,none,808,0,,,"{""job_pending"": 1, ""observe_stale"": 1, ""race_cancel"": 1, ""zombie"": 1}",{},88772,186,168,41,0.3602
kube-fake,none,809,0,,,"{""preempt"": 1}",{},241465,136,152,28,0.2004
kube-fake,none,810,0,,,"{""crash"": 1, ""job_pending"": 1, ""observe_stale"": 1, ""zombie"": 1}","{""start.after_call"": 1}",95308,186,189,32,0.3524
kube-fake,none,811,0,,,"{""preempt"": 1, ""store_outage"": 1}",{},116585,164,190,30,0.2626
kube-fake,none,812,0,,,"{""cap_change"": 1, ""crash"": 1, ""pod_evicted"": 2}","{""ended.before_forget"": 1}",79566,136,154,27,0.2143
kube-fake,none,813,0,,,"{""crash"": 2, ""observe_stale"": 2, ""pod_evicted"": 1, ""preempt"": 1}","{""ended.before_forget"": 1, ""stop.before_call"": 1}",65731,196,220,35,0.4031
kube-fake,none,814,0,,,"{""observe_stale"": 3, ""race_cancel"": 1}",{},100752,159,197,33,0.3103
kube-fake,none,815,0,,,"{""crash"": 1, ""store_outage"": 1}","{""submit.after_commit"": 1}",72060,108,129,25,0.1649
kube-fake,none,816,0,,,"{""cap_change"": 1, ""crash"": 2}","{""stopped.before_commit"": 2}",61150,194,228,38,0.4275
kube-fake,none,817,0,,,"{""observe_stale"": 1}",{},121534,178,191,29,0.352
kube-fake,none,818,0,,,"{""cap_change"": 1, ""crash"": 1, ""observe_stale"": 2, ""store_tx_fail"": 1}","{""requeue.before_commit"": 1}",29047,112,144,21,0.2001
kube-fake,none,819,0,,,"{""crash"": 2, ""preempt"": 1}","{""start.after_call"": 1, ""submit.after_commit"": 1}",145517,192,219,33,0.3226
kube-fake,none,820,0,,,"{""store_tx_fail"": 1}",{},137800,136,132,28,0.1849
kube-fake,none,821,0,,,"{""api_errors"": 2, ""job_pending"": 1, ""observe_stale"": 1, ""store_outage"": 1}",{},39521,154,181,31,0.3031
kube-fake,none,822,0,,,"{""cap_change"": 1, ""crash"": 1, ""pod_evicted"": 1, ""store_outage"": 1}","{""ended.before_forget"": 1}",185383,200,213,40,0.4128
kube-fake,none,823,0,,,"{""job_pending"": 2, ""observe_stale"": 3}",{},182961,206,261,40,0.4987
kube-fake,none,824,0,,,"{""cap_change"": 1, ""crash"": 1, ""observe_stale"": 2}","{""submit.after_commit"": 1}",91824,143,175,26,0.2098
kube-fake,none,825,0,,,"{""crash"": 1, ""preempt"": 2, ""race_cancel"": 2}","{""ended.before_forget"": 1}",79233,112,129,21,0.1463
kube-fake,none,826,0,,,"{""cap_change"": 1, ""observe_stale"": 1, ""pod_evicted"": 1}",{},155726,149,167,21,0.2303
kube-fake,none,827,0,,,"{""observe_stale"": 1, ""store_outage"": 1}",{},303290,216,249,38,0.4542
kube-fake,none,828,0,,,"{""pod_evicted"": 2, ""store_outage"": 1, ""store_tx_fail"": 1, ""zombie"": 2}",{},194994,188,159,37,0.2895
kube-fake,none,829,0,,,"{""crash"": 1}","{""start.after_call"": 1}",155028,164,161,30,0.2848
kube-fake,none,830,0,,,"{""pod_evicted"": 1}",{},69966,130,147,25,0.2048
kube-fake,none,831,0,,,"{""node_down"": 1, ""pod_evicted"": 1, ""preempt"": 1, ""race_cancel"": 1, ""zombie"": 1}",{},0,171,158,29,0.3156
kube-fake,none,832,0,,,"{""crash"": 1, ""job_pending"": 1, ""pod_evicted"": 1, ""policy_fault"": 1}","{""start.after_call"": 1}",119006,209,242,37,0.4976
kube-fake,none,833,0,,,"{""node_down"": 4}",{},87593,212,220,40,0.4722
kube-fake,none,834,0,,,"{""zombie"": 1}",{},46728,124,139,28,0.1968
kube-fake,none,835,0,,,"{""cap_change"": 1}",{},56358,162,175,32,0.3048
kube-fake,none,836,0,,,"{""job_pending"": 1, ""node_down"": 1, ""observe_stale"": 1, ""preempt"": 1, ""store_tx_fail"": 1}",{},30984,160,172,32,0.3291
kube-fake,none,837,0,,,"{""cap_change"": 1, ""node_down"": 1, ""store_tx_fail"": 1}",{},173663,176,212,36,0.3961
kube-fake,none,838,0,,,"{""crash"": 1, ""job_pending"": 1, ""observe_stale"": 1}","{""stop.before_call"": 1}",150695,106,145,22,0.1833
kube-fake,none,839,0,,,"{""crash"": 1, ""observe_stale"": 1}","{""start.after_commit"": 1}",323359,126,145,24,0.17
kube-fake,none,840,0,,,"{""cap_change"": 1, ""crash"": 2, ""preempt"": 1, ""race_cancel"": 1, ""zombie"": 1}","{""ended.before_forget"": 1, ""start.after_commit"": 1}",101071,212,229,43,0.4778
kube-fake,none,841,0,,,"{""store_tx_fail"": 1}",{},118735,98,110,21,0.1576
kube-fake,none,842,0,,,"{""crash"": 1, ""pod_evicted"": 1, ""race_cancel"": 1, ""store_tx_fail"": 1}","{""ended.before_forget"": 1}",104697,108,127,22,0.1597
kube-fake,none,843,0,,,"{""observe_down"": 1, ""store_outage"": 1}",{},16877,128,141,25,0.2117
kube-fake,none,844,0,,,"{""crash"": 1, ""policy_fault"": 2, ""preempt"": 1}","{""submit.after_commit"": 1}",33712,134,163,22,0.2237
kube-fake,none,845,0,,,"{""crash"": 1, ""node_down"": 1}","{""submit.after_commit"": 1}",199635,195,224,36,0.4552
kube-fake,none,846,0,,,"{""cap_change"": 1, ""node_down"": 1, ""observe_stale"": 1, ""store_outage"": 1}",{},111149,119,147,22,0.1819
kube-fake,none,847,0,,,"{""node_down"": 1, ""observe_stale"": 1, ""preempt"": 1, ""zombie"": 2}",{},161612,219,222,43,0.4985
kube-fake,none,848,0,,,"{""cap_change"": 1, ""job_pending"": 1, ""observe_down"": 1, ""observe_stale"": 1}",{},110093,194,231,38,0.4139
kube-fake,none,849,0,,,"{""race_cancel"": 1}",{},188356,168,193,34,0.3315
kube-fake,none,850,0,,,"{""api_errors"": 1, ""store_tx_fail"": 2}",{},87721,116,145,25,0.1764
kube-fake,none,851,0,,,"{""crash"": 2, ""store_tx_fail"": 1, ""zombie"": 1}","{""stop.before_call"": 1, ""submit.after_commit"": 1}",182607,186,198,40,0.4673
kube-fake,none,852,0,,,"{""crash"": 1, ""observe_stale"": 1, ""race_cancel"": 1}","{""submit.after_commit"": 1}",63728,112,132,26,0.1796
kube-fake,none,853,0,,,"{""cap_change"": 1, ""observe_stale"": 1, ""pod_evicted"": 1}",{},88199,253,266,37,0.6386
kube-fake,none,854,0,,,"{""observe_down"": 1, ""zombie"": 1}",{},184268,118,119,25,0.1521
kube-fake,none,855,0,,,"{""preempt"": 1, ""race_cancel"": 1, ""store_tx_fail"": 1, ""zombie"": 1}",{},144144,186,202,40,0.4351
kube-fake,none,856,0,,,"{""observe_down"": 1, ""pod_evicted"": 1}",{},155903,172,173,34,0.2943
kube-fake,none,857,0,,,"{""api_errors"": 1, ""cap_change"": 2, ""zombie"": 2}",{},118835,136,141,27,0.2129
kube-fake,none,858,0,,,"{""node_down"": 1, ""pod_evicted"": 2, ""race_cancel"": 1}",{},187273,136,158,29,0.2326
kube-fake,none,859,0,,,"{""observe_stale"": 1}",{},153384,166,187,32,0.2948
kube-fake,none,860,0,,,"{""policy_fault"": 1, ""race_cancel"": 1}",{},115709,132,150,28,0.2204
kube-fake,none,861,0,,,"{""race_cancel"": 1, ""store_tx_fail"": 1, ""zombie"": 2}",{},81507,152,154,31,0.2705
kube-fake,none,862,0,,,"{""api_errors"": 1, ""crash"": 1, ""zombie"": 1}","{""start.after_commit"": 1}",200500,226,200,36,0.472
kube-fake,none,863,0,,,"{""cap_change"": 1, ""job_pending"": 1, ""zombie"": 1}",{},95552,182,209,38,0.4132
kube-fake,none,864,0,,,"{""api_errors"": 1, ""observe_down"": 1, ""observe_stale"": 1, ""race_cancel"": 1}",{},107597,114,132,23,0.1956
kube-fake,none,865,0,,,"{""api_errors"": 1, ""job_pending"": 1, ""observe_stale"": 1}",{},185390,144,178,28,0.3049
kube-fake,none,866,0,,,"{""node_down"": 2, ""observe_stale"": 1}",{},103907,108,122,20,0.2131
kube-fake,none,867,0,,,"{""policy_fault"": 1}",{},148602,224,219,39,0.5822
kube-fake,none,868,0,,,"{""crash"": 1, ""node_down"": 1, ""pod_evicted"": 1, ""race_cancel"": 2, ""zombie"": 1}","{""submit.after_commit"": 1}",83974,206,196,40,0.6066
kube-fake,none,869,0,,,"{""pod_evicted"": 1, ""policy_fault"": 1, ""race_cancel"": 1}",{},114578,164,184,37,0.3633
kube-fake,none,870,0,,,"{""job_pending"": 1}",{},169878,204,249,38,0.6152
kube-fake,none,871,0,,,"{""observe_down"": 2, ""race_cancel"": 1, ""store_outage"": 1}",{},110921,312,286,40,0.7491
kube-fake,none,872,0,,,"{""observe_down"": 1, ""pod_evicted"": 1, ""preempt"": 1, ""race_cancel"": 1}",{},131333,236,246,40,0.6411
kube-fake,none,873,0,,,"{""preempt"": 1, ""store_tx_fail"": 1}",{},69076,192,192,29,0.4482
kube-fake,none,874,0,,,"{""crash"": 1, ""node_down"": 2, ""race_cancel"": 1}","{""submit.after_commit"": 1}",63559,176,194,33,0.4213
kube-fake,none,875,0,,,"{""cap_change"": 1, ""race_cancel"": 1}",{},0,108,135,22,0.2139
kube-fake,none,876,0,,,"{""job_pending"": 1, ""pod_evicted"": 1, ""store_tx_fail"": 1}",{},167255,226,249,39,0.6934
kube-fake,none,877,0,,,"{""crash"": 2, ""race_cancel"": 1, ""store_tx_fail"": 1}","{""stop.before_call"": 1, ""stopped.before_commit"": 1}",161726,148,162,29,0.3041
kube-fake,none,878,0,,,"{""api_errors"": 1, ""observe_down"": 1, ""observe_stale"": 1, ""race_cancel"": 1}",{},108708,160,177,28,0.3554
kube-fake,none,879,0,,,"{""job_pending"": 1, ""preempt"": 1}",{},155818,192,208,38,0.5467
kube-fake,none,880,0,,,"{""crash"": 2, ""node_down"": 1, ""observe_stale"": 1}","{""requeue.before_commit"": 1, ""stopped.before_commit"": 1}",109852,208,239,39,0.6127
kube-fake,none,881,0,,,"{""crash"": 1, ""observe_down"": 1, ""preempt"": 1}","{""start.after_call"": 1}",100608,99,110,20,0.1518
kube-fake,none,882,0,,,"{""crash"": 1, ""node_down"": 1, ""observe_down"": 1, ""observe_stale"": 1, ""store_outage"": 1}","{""requeue.before_commit"": 1}",343230,196,237,34,0.5638
kube-fake,none,883,0,,,"{""job_pending"": 1, ""observe_down"": 1, ""zombie"": 1}",{},76133,157,170,31,0.3565
kube-fake,none,884,0,,,"{""crash"": 1, ""zombie"": 1}","{""stopped.before_commit"": 1}",122234,259,230,44,0.7037
kube-fake,none,885,0,,,"{""crash"": 1, ""race_cancel"": 1, ""store_tx_fail"": 1}","{""stop.before_call"": 1}",153271,176,203,33,0.447
kube-fake,none,886,0,,,"{""api_errors"": 1, ""job_pending"": 1, ""race_cancel"": 4}",{},89348,167,185,34,0.5035
kube-fake,none,887,0,,,"{""crash"": 1, ""job_pending"": 1, ""observe_stale"": 4}","{""start.after_commit"": 1}",107434,98,120,24,0.1754
kube-fake,none,888,0,,,"{""preempt"": 1, ""race_cancel"": 1, ""store_tx_fail"": 1}",{},157035,146,159,30,0.302
kube-fake,none,889,0,,,"{""crash"": 1, ""job_pending"": 1, ""node_down"": 1}","{""ended.before_forget"": 1}",72330,185,241,37,0.6145
kube-fake,none,890,0,,,"{""cap_change"": 1}",{},105860,141,153,29,0.3134
kube-fake,none,891,0,,,"{""job_pending"": 1, ""observe_stale"": 1, ""policy_fault"": 1, ""store_tx_fail"": 2, ""zombie"": 1}",{},46365,145,161,31,0.2984
kube-fake,none,892,0,,,"{""cap_change"": 1, ""node_down"": 1, ""pod_evicted"": 1, ""preempt"": 1, ""zombie"": 1}",{},147518,237,225,42,0.6972
kube-fake,none,893,0,,,"{""crash"": 1, ""observe_down"": 1, ""observe_stale"": 2}","{""stop.before_call"": 1}",183586,178,211,35,0.4771
kube-fake,none,894,0,,,"{""job_pending"": 1, ""zombie"": 1}",{},136170,106,133,21,0.1817
kube-fake,none,895,0,,,"{""api_errors"": 1, ""cap_change"": 1, ""crash"": 1, ""store_outage"": 1, ""store_tx_fail"": 1}","{""requeue.before_commit"": 1}",85401,165,202,35,0.4668
kube-fake,none,896,0,,,"{""observe_stale"": 1, ""store_tx_fail"": 1}",{},122473,162,176,30,0.406
kube-fake,none,897,0,,,"{""cap_change"": 2, ""pod_evicted"": 1}",{},0,137,165,26,0.3245
kube-fake,none,898,0,,,"{""api_errors"": 1, ""crash"": 1, ""job_pending"": 1}","{""start.after_call"": 1}",64518,132,148,27,0.2509
kube-fake,none,899,0,,,"{""crash"": 1}","{""ended.before_forget"": 1}",95273,106,117,21,0.2178
kube-fake,none,900,0,,,"{""node_down"": 1, ""observe_stale"": 1, ""pod_evicted"": 1, ""store_outage"": 1, ""store_tx_fail"": 2}",{},70506,144,179,28,0.2966
kube-fake,none,901,0,,,"{""crash"": 1, ""job_pending"": 1, ""pod_evicted"": 1, ""race_cancel"": 1, ""store_outage"": 1}","{""requeue.before_commit"": 1}",184947,102,123,22,0.1476
kube-fake,none,902,0,,,"{""api_errors"": 1, ""cap_change"": 1, ""crash"": 1, ""policy_fault"": 1, ""store_tx_fail"": 1}","{""ended.before_forget"": 1}",137834,136,163,28,0.2826
kube-fake,none,903,0,,,"{""api_errors"": 1, ""node_down"": 1, ""observe_down"": 1, ""race_cancel"": 1, ""zombie"": 1}",{},103355,150,155,27,0.3012
kube-fake,none,904,0,,,"{""store_tx_fail"": 1}",{},46920,152,170,28,0.3387
kube-fake,none,905,0,,,"{""crash"": 1, ""store_tx_fail"": 1}","{""requeue.before_commit"": 1}",160886,194,225,37,0.4801
kube-fake,none,906,0,,,"{""cap_change"": 1}",{},126281,126,138,25,0.2699
kube-fake,none,907,0,,,"{""crash"": 2, ""observe_down"": 1, ""observe_stale"": 1}","{""ended.before_forget"": 1, ""submit.after_commit"": 1}",81555,162,178,37,0.3833
kube-fake,none,908,0,,,"{""crash"": 1, ""node_down"": 1, ""store_outage"": 1, ""zombie"": 1}","{""start.after_call"": 1}",0,142,143,27,0.3291
kube-fake,none,909,0,,,"{""crash"": 1, ""race_cancel"": 1, ""store_outage"": 1}","{""ended.before_forget"": 1}",137814,145,185,34,0.423
kube-fake,none,910,0,,,"{""crash"": 1, ""observe_stale"": 1, ""race_cancel"": 1}","{""start.after_commit"": 1}",136745,130,160,29,0.2843
kube-fake,none,911,0,,,"{""api_errors"": 1, ""observe_down"": 1, ""observe_stale"": 1, ""race_cancel"": 1}",{},70239,136,153,25,0.2665
kube-fake,none,912,0,,,"{""crash"": 1}","{""requeue.before_commit"": 1}",256681,152,168,30,0.3778
kube-fake,none,913,0,,,"{""crash"": 1, ""node_down"": 1, ""pod_evicted"": 1, ""race_cancel"": 1, ""store_outage"": 1, ""store_tx_fail"": 1}","{""ended.before_forget"": 1}",43639,137,168,29,0.2879
kube-fake,none,914,0,,,"{""crash"": 1}","{""stopped.before_commit"": 1}",64922,108,99,22,0.1768
kube-fake,none,915,0,,,"{""crash"": 1, ""observe_stale"": 1, ""pod_evicted"": 3, ""policy_fault"": 1}","{""stopped.before_commit"": 1}",81513,208,237,37,0.5711
kube-fake,none,916,0,,,"{""api_errors"": 1, ""pod_evicted"": 1, ""zombie"": 1}",{},87615,166,171,32,0.3172
kube-fake,none,917,0,,,"{""crash"": 1, ""store_outage"": 1, ""zombie"": 1}","{""stopped.before_commit"": 1}",127583,192,205,42,0.5037
kube-fake,none,918,0,,,"{""pod_evicted"": 1, ""policy_fault"": 2, ""race_cancel"": 2}",{},136986,190,206,36,0.4889
kube-fake,none,919,0,,,"{""api_errors"": 1, ""node_down"": 1, ""observe_stale"": 1, ""pod_evicted"": 2, ""store_tx_fail"": 1}",{},100664,127,150,24,0.2441
kube-fake,none,920,0,,,"{""api_errors"": 1, ""cap_change"": 1}",{},64470,151,171,29,0.3188
kube-fake,none,921,0,,,"{""cap_change"": 1, ""job_pending"": 1, ""observe_stale"": 1, ""race_cancel"": 2, ""zombie"": 1}",{},175446,171,201,39,0.4825
kube-fake,none,922,0,,,"{""observe_stale"": 1, ""preempt"": 1, ""race_cancel"": 2, ""store_outage"": 1}",{},29797,124,149,26,0.2345
kube-fake,none,923,0,,,"{""crash"": 1, ""job_pending"": 1, ""observe_stale"": 1, ""pod_evicted"": 1}","{""submit.after_commit"": 1}",1536,116,139,22,0.236
kube-fake,none,924,0,,,"{""api_errors"": 1}",{},34717,104,118,23,0.1696
kube-fake,none,925,0,,,"{""cap_change"": 1, ""observe_stale"": 1, ""pod_evicted"": 1, ""preempt"": 1, ""store_outage"": 2}",{},16937,118,155,20,0.2138
kube-fake,none,926,0,,,"{""observe_down"": 1, ""race_cancel"": 1, ""store_tx_fail"": 1}",{},233950,179,214,35,0.4449
kube-fake,none,927,0,,,"{""crash"": 1, ""observe_stale"": 1, ""zombie"": 1}","{""submit.after_commit"": 1}",129289,222,245,44,0.5683
kube-fake,none,928,0,,,"{""api_errors"": 1, ""node_down"": 1, ""preempt"": 1}",{},86553,160,173,26,0.2873
kube-fake,none,929,0,,,"{""crash"": 1, ""store_tx_fail"": 1}","{""start.after_commit"": 1}",125080,150,177,32,0.4038
kube-fake,none,930,0,,,"{""cap_change"": 1, ""node_down"": 1}",{},132090,104,120,22,0.17
kube-fake,none,931,0,,,"{""cap_change"": 1, ""observe_stale"": 1, ""race_cancel"": 1}",{},135446,114,139,25,0.2048
kube-fake,none,932,0,,,"{""cap_change"": 2, ""zombie"": 1}",{},148906,186,146,41,0.392
kube-fake,none,933,0,,,"{""cap_change"": 1}",{},180861,164,189,36,0.361
kube-fake,none,934,0,,,"{""crash"": 2}","{""start.after_call"": 1, ""submit.after_commit"": 1}",178025,168,175,33,0.3306
kube-fake,none,935,0,,,"{""cap_change"": 2, ""crash"": 1, ""observe_down"": 1}","{""stopped.before_commit"": 1}",183261,130,154,29,0.2538
kube-fake,none,936,0,,,"{""api_errors"": 1, ""observe_down"": 1, ""observe_stale"": 1, ""zombie"": 1}",{},76638,132,120,25,0.3082
kube-fake,none,937,0,,,"{""node_down"": 1, ""observe_stale"": 1}",{},43522,148,176,28,0.2915
kube-fake,none,938,0,,,"{""observe_stale"": 1, ""pod_evicted"": 1}",{},139477,154,173,32,0.3125
kube-fake,none,939,0,,,"{""observe_stale"": 1}",{},140253,208,233,40,0.5846
kube-fake,none,940,0,,,"{""api_errors"": 1}",{},132087,605,311,35,1.3573
kube-fake,none,941,0,,,"{""crash"": 1, ""observe_down"": 1, ""store_outage"": 1}","{""stopped.before_commit"": 1}",107616,102,145,22,0.1617
kube-fake,none,942,0,,,"{""job_pending"": 1, ""observe_stale"": 3}",{},166767,164,183,36,0.4244
kube-fake,none,943,0,,,"{""api_errors"": 1, ""crash"": 1, ""node_down"": 2, ""pod_evicted"": 1, ""policy_fault"": 1}","{""requeue.before_commit"": 1}",33709,141,164,23,0.2583
kube-fake,none,944,0,,,"{""api_errors"": 2, ""cap_change"": 1, ""observe_down"": 1}",{},162044,166,187,34,0.4169
kube-fake,none,945,0,,,"{""store_tx_fail"": 1}",{},159653,214,247,39,0.6255
kube-fake,none,946,0,,,"{""crash"": 1}","{""submit.after_commit"": 1}",132198,140,160,31,0.2737
kube-fake,none,947,0,,,"{""zombie"": 1}",{},191430,146,157,27,0.3057
kube-fake,none,948,0,,,"{""race_cancel"": 3}",{},84915,184,204,37,0.4911
kube-fake,none,949,0,,,"{""observe_down"": 1, ""preempt"": 1, ""race_cancel"": 1, ""zombie"": 1}",{},124491,146,163,29,0.3331
kube-fake,none,950,0,,,"{""api_errors"": 1, ""crash"": 1, ""observe_stale"": 3}","{""start.after_call"": 1}",80558,94,119,21,0.172
kube-fake,none,951,0,,,"{""store_tx_fail"": 1}",{},120756,118,137,21,0.2044
kube-fake,none,952,0,,,"{""observe_down"": 1, ""pod_evicted"": 1, ""race_cancel"": 2, ""store_outage"": 1, ""zombie"": 1}",{},36976,198,216,42,0.4617
kube-fake,none,953,0,,,"{""api_errors"": 1, ""cap_change"": 1, ""crash"": 1, ""job_pending"": 1, ""preempt"": 1, ""zombie"": 1}","{""ended.before_forget"": 1}",149596,138,136,30,0.3033
kube-fake,none,954,0,,,"{""job_pending"": 1, ""observe_down"": 1, ""pod_evicted"": 1, ""policy_fault"": 1, ""preempt"": 1, ""race_cancel"": 1}",{},133345,116,140,25,0.2246
kube-fake,none,955,0,,,"{""zombie"": 1}",{},178552,180,201,31,0.416
kube-fake,none,956,0,,,"{""api_errors"": 1, ""crash"": 1, ""observe_down"": 1}","{""start.after_call"": 1}",195559,180,181,35,0.424
kube-fake,none,957,0,,,"{""cap_change"": 1, ""race_cancel"": 1, ""store_tx_fail"": 1, ""zombie"": 1}",{},14957,192,215,35,0.4852
kube-fake,none,958,0,,,"{""race_cancel"": 2}",{},61092,118,143,25,0.2689
kube-fake,none,959,0,,,"{""crash"": 1, ""observe_stale"": 1, ""policy_fault"": 1}","{""ended.before_forget"": 1}",101387,196,234,37,0.5636
kube-fake,none,960,0,,,"{""node_down"": 1, ""pod_evicted"": 1, ""preempt"": 1, ""race_cancel"": 3}",{},172308,174,205,35,0.3902
kube-fake,none,961,0,,,"{""race_cancel"": 2, ""store_outage"": 1, ""store_tx_fail"": 2, ""zombie"": 1}",{},79114,108,130,24,0.2025
kube-fake,none,962,0,,,"{""race_cancel"": 1}",{},161119,130,148,28,0.2381
kube-fake,none,963,0,,,"{""zombie"": 1}",{},123787,144,160,28,0.2444
kube-fake,none,964,0,,,"{""observe_down"": 1}",{},131313,166,190,34,0.3642
kube-fake,none,965,0,,,"{""api_errors"": 2, ""job_pending"": 1, ""node_down"": 1}",{},0,164,186,32,0.3583
kube-fake,none,966,0,,,"{""crash"": 1}","{""ended.before_forget"": 1}",78888,196,220,39,0.4775
kube-fake,none,967,0,,,"{""cap_change"": 1, ""race_cancel"": 1, ""store_tx_fail"": 2}",{},68133,158,186,33,0.3651
kube-fake,none,968,0,,,"{""job_pending"": 1, ""observe_stale"": 1, ""preempt"": 1}",{},94062,158,182,34,0.4148
kube-fake,none,969,0,,,"{""job_pending"": 1, ""node_down"": 1, ""preempt"": 1, ""zombie"": 1}",{},91138,169,167,33,0.3318
kube-fake,none,970,0,,,"{""cap_change"": 2, ""crash"": 1, ""pod_evicted"": 1, ""preempt"": 1}","{""stopped.before_commit"": 1}",125752,132,141,30,0.2498
kube-fake,none,971,0,,,"{""crash"": 1, ""store_outage"": 1, ""zombie"": 1}","{""requeue.before_commit"": 1}",194993,228,246,42,0.6295
kube-fake,none,972,0,,,"{""race_cancel"": 1}",{},316809,112,116,20,0.1844
kube-fake,none,973,0,,,"{""api_errors"": 1, ""observe_stale"": 1, ""zombie"": 1}",{},198913,204,196,41,0.5574
kube-fake,none,974,0,,,"{""api_errors"": 1, ""cap_change"": 1}",{},49197,148,159,30,0.3282
kube-fake,none,975,0,,,"{""crash"": 2, ""observe_down"": 1, ""preempt"": 1, ""zombie"": 1}","{""stop.before_call"": 1, ""stopped.before_commit"": 1}",111091,200,232,38,0.5655
kube-fake,none,976,0,,,"{""job_pending"": 1, ""store_tx_fail"": 1}",{},113213,88,126,20,0.1533
kube-fake,none,977,0,,,"{""crash"": 1, ""observe_stale"": 2, ""pod_evicted"": 1, ""race_cancel"": 1, ""store_outage"": 1}","{""start.after_commit"": 1}",47347,161,185,32,0.413
kube-fake,none,978,0,,,"{""api_errors"": 1, ""crash"": 1, ""node_down"": 1, ""observe_stale"": 1, ""race_cancel"": 1, ""zombie"": 1}","{""stopped.before_commit"": 1}",98258,123,143,23,0.2337
kube-fake,none,979,0,,,"{""cap_change"": 1, ""job_pending"": 1, ""store_outage"": 1, ""zombie"": 3}",{},121416,188,154,34,0.3644
kube-fake,none,980,0,,,"{""api_errors"": 1, ""crash"": 2, ""pod_evicted"": 1}","{""ended.before_forget"": 2}",150480,162,187,31,0.3834
kube-fake,none,981,0,,,"{""crash"": 1, ""observe_down"": 1, ""pod_evicted"": 1}","{""ended.before_forget"": 1}",152119,180,193,38,0.4424
kube-fake,none,982,0,,,"{""job_pending"": 1, ""preempt"": 1, ""zombie"": 1}",{},162930,112,113,23,0.2151
kube-fake,none,983,0,,,"{""crash"": 1}","{""start.after_call"": 1}",135149,100,116,20,0.2056
kube-fake,none,984,0,,,"{""store_tx_fail"": 1, ""zombie"": 1}",{},52914,184,206,36,0.5047
kube-fake,none,985,0,,,"{""job_pending"": 1, ""observe_stale"": 1, ""preempt"": 1}",{},0,98,116,22,0.1743
kube-fake,none,986,0,,,"{""api_errors"": 1, ""preempt"": 2}",{},9318,130,148,28,0.2805
kube-fake,none,987,0,,,"{""crash"": 1, ""observe_stale"": 1, ""preempt"": 1, ""zombie"": 1}","{""start.after_call"": 1}",116980,134,144,25,0.313
kube-fake,none,988,0,,,"{""job_pending"": 1}",{},20704,170,191,33,0.427
kube-fake,none,989,0,,,"{""job_pending"": 1, ""node_down"": 1, ""race_cancel"": 1, ""store_outage"": 1}",{},126601,98,138,20,0.2243
kube-fake,none,990,0,,,"{""policy_fault"": 1, ""preempt"": 1, ""store_tx_fail"": 1, ""zombie"": 1}",{},98102,186,205,35,0.6318
kube-fake,none,991,0,,,"{""crash"": 1}","{""stopped.before_commit"": 1}",134836,219,189,33,0.5748
kube-fake,none,992,0,,,"{""crash"": 1, ""job_pending"": 1, ""node_down"": 1, ""race_cancel"": 1}","{""start.after_call"": 1}",66333,193,210,39,0.6399
kube-fake,none,993,0,,,"{""api_errors"": 1, ""job_pending"": 1, ""preempt"": 1, ""race_cancel"": 1}",{},119932,227,247,39,0.7856
kube-fake,none,994,0,,,"{""crash"": 1, ""zombie"": 1}","{""start.after_commit"": 1}",84310,212,212,37,0.6943
kube-fake,none,995,0,,,"{""node_down"": 1}",{},166575,189,212,38,0.5668
kube-fake,none,996,0,,,"{""store_outage"": 1, ""zombie"": 1}",{},145912,158,171,34,0.3963
kube-fake,none,997,0,,,"{""cap_change"": 1}",{},107312,132,155,25,0.3133
kube-fake,none,998,0,,,"{""store_tx_fail"": 1, ""zombie"": 1}",{},158771,186,212,34,0.563
kube-fake,none,999,0,,,"{""api_errors"": 1, ""node_down"": 1, ""race_cancel"": 1, ""store_outage"": 1}",{},2744,125,141,23,0.3335
kube-fake,none,1000,0,,,"{""api_errors"": 1, ""preempt"": 1, ""race_cancel"": 1, ""store_tx_fail"": 1}",{},83154,136,155,30,0.3806
kube-fake,none,1001,0,,,"{""node_down"": 1, ""race_cancel"": 2}",{},136429,170,185,29,0.5095
kube-fake,none,1002,0,,,"{""pod_evicted"": 1}",{},163722,152,168,32,0.4257
kube-fake,none,1003,0,,,"{""pod_evicted"": 1}",{},172016,180,180,33,0.5058
kube-fake,none,1004,0,,,"{""observe_down"": 1, ""observe_stale"": 1, ""preempt"": 1}",{},115138,233,248,39,0.8667
kube-fake,none,1005,0,,,"{""zombie"": 1}",{},373841,234,209,45,0.6797
kube-fake,none,1006,0,,,"{""cap_change"": 1, ""race_cancel"": 1, ""zombie"": 3}",{},57942,137,120,34,0.3111
kube-fake,none,1007,0,,,{},{},106578,176,191,33,0.5499
kube-fake,none,1008,0,,,"{""api_errors"": 2, ""race_cancel"": 1}",{},122987,106,128,22,0.2433
kube-fake,none,1009,0,,,"{""race_cancel"": 1, ""store_outage"": 1, ""zombie"": 1}",{},10504,125,127,28,0.3045
kube-fake,none,1010,0,,,"{""cap_change"": 1, ""crash"": 1, ""policy_fault"": 1, ""preempt"": 1, ""zombie"": 2}","{""requeue.before_commit"": 1}",173071,176,174,32,0.5248
kube-fake,none,1011,0,,,"{""crash"": 1, ""observe_stale"": 2, ""race_cancel"": 1, ""store_tx_fail"": 1, ""zombie"": 1}","{""stopped.before_commit"": 1}",247121,250,259,43,0.8972
kube-fake,none,1012,0,,,{},{},101620,156,157,33,0.4396
kube-fake,none,1013,0,,,"{""observe_down"": 1, ""race_cancel"": 1}",{},129353,167,182,32,0.4889
kube-fake,none,1014,0,,,"{""crash"": 1, ""observe_down"": 1, ""observe_stale"": 1, ""race_cancel"": 1, ""zombie"": 1}","{""start.after_commit"": 1}",189281,129,142,26,0.3171
kube-fake,none,1015,0,,,"{""job_pending"": 1, ""store_tx_fail"": 1}",{},162459,126,161,24,0.3453
kube-fake,none,1016,0,,,"{""job_pending"": 1, ""race_cancel"": 1}",{},122443,114,146,26,0.2647
kube-fake,none,1017,0,,,"{""crash"": 1, ""race_cancel"": 1, ""zombie"": 4}","{""start.after_commit"": 1}",324877,256,249,52,0.9861
kube-fake,none,1018,0,,,"{""api_errors"": 1, ""observe_stale"": 2, ""store_outage"": 1}",{},155556,94,122,20,0.221
kube-fake,none,1019,0,,,"{""zombie"": 1}",{},196860,170,181,34,0.5509
kube-fake,none,1020,0,,,"{""race_cancel"": 1, ""store_outage"": 1}",{},43794,160,184,32,0.44
kube-fake,none,1021,0,,,"{""cap_change"": 1, ""crash"": 1, ""node_down"": 1, ""store_outage"": 1}","{""submit.after_commit"": 1}",29552,130,162,25,0.3566
kube-fake,none,1022,0,,,"{""crash"": 2, ""node_down"": 1, ""observe_stale"": 1, ""pod_evicted"": 1, ""store_tx_fail"": 1}","{""ended.before_forget"": 1, ""stopped.before_commit"": 1}",130029,165,195,36,0.5604
kube-fake,none,1023,0,,,"{""cap_change"": 1, ""observe_stale"": 1, ""race_cancel"": 1, ""zombie"": 1}",{},104485,146,151,31,0.3791
kube-fake,none,1024,0,,,"{""crash"": 1, ""job_pending"": 1, ""race_cancel"": 1, ""store_tx_fail"": 1}","{""start.after_call"": 1}",48375,162,197,28,0.4705
kube-fake,none,1025,0,,,"{""cap_change"": 1, ""pod_evicted"": 1, ""store_tx_fail"": 1, ""zombie"": 1}",{},89926,102,113,21,0.194
kube-fake,none,1026,0,,,"{""crash"": 1, ""pod_evicted"": 1, ""race_cancel"": 2, ""store_tx_fail"": 1}","{""submit.after_commit"": 1}",179544,241,269,39,0.7424
kube-fake,none,1027,0,,,"{""store_outage"": 1}",{},44041,92,113,20,0.1757
kube-fake,none,1028,0,,,"{""api_errors"": 1, ""observe_down"": 1, ""policy_fault"": 1}",{},119496,150,176,35,0.4644
kube-fake,none,1029,0,,,"{""crash"": 1, ""pod_evicted"": 1}","{""submit.after_commit"": 1}",175694,108,121,24,0.2597
kube-fake,none,1030,0,,,"{""observe_down"": 1, ""observe_stale"": 1, ""preempt"": 1, ""race_cancel"": 1}",{},175662,180,198,36,0.3942
kube-fake,none,1031,0,,,"{""zombie"": 1}",{},131982,148,152,34,0.2676
kube-fake,none,1032,0,,,"{""crash"": 1, ""job_pending"": 1, ""node_down"": 1, ""observe_down"": 1, ""observe_stale"": 1, ""race_cancel"": 1}","{""start.after_call"": 1}",155147,85,140,21,0.1217
kube-fake,none,1033,0,,,"{""api_errors"": 1, ""crash"": 1}","{""start.after_commit"": 1}",108655,134,154,28,0.2355
kube-fake,none,1034,0,,,"{""crash"": 1, ""observe_down"": 1, ""observe_stale"": 1, ""policy_fault"": 1, ""preempt"": 1}","{""start.after_commit"": 1}",71299,185,206,35,0.4116
kube-fake,none,1035,0,,,"{""job_pending"": 2, ""observe_down"": 1, ""pod_evicted"": 1, ""race_cancel"": 1, ""store_tx_fail"": 1}",{},109480,194,248,39,0.4265
kube-fake,none,1036,0,,,"{""observe_stale"": 1, ""store_outage"": 1}",{},162892,106,131,24,0.1597
kube-fake,none,1037,0,,,"{""crash"": 1, ""observe_stale"": 2, ""pod_evicted"": 1}","{""requeue.before_commit"": 1}",123858,216,244,39,0.5647
kube-fake,none,1038,0,,,"{""api_errors"": 1, ""crash"": 1, ""race_cancel"": 2}","{""requeue.before_commit"": 1}",96849,199,225,38,0.4854
kube-fake,none,1039,0,,,"{""crash"": 1, ""job_pending"": 1, ""node_down"": 1, ""observe_down"": 1, ""store_outage"": 1}","{""stop.before_call"": 1}",108406,201,226,40,0.4905
kube-fake,none,1040,0,,,"{""crash"": 2}","{""ended.before_forget"": 1, ""stopped.before_commit"": 1}",190241,182,203,35,0.3442
kube-fake,none,1041,0,,,"{""cap_change"": 1, ""job_pending"": 1, ""node_down"": 2, ""preempt"": 1, ""store_tx_fail"": 1}",{},80512,226,242,38,0.6073
kube-fake,none,1042,0,,,"{""race_cancel"": 1}",{},90921,179,198,34,0.3231
kube-fake,none,1043,0,,,"{""cap_change"": 1, ""observe_stale"": 2, ""pod_evicted"": 1}",{},135058,188,225,32,0.4581
kube-fake,none,1044,0,,,"{""crash"": 1, ""node_down"": 1}","{""start.after_commit"": 1}",85391,160,175,32,0.355
kube-fake,none,1045,0,,,"{""crash"": 2, ""observe_down"": 1, ""store_outage"": 1, ""zombie"": 2}","{""stop.before_call"": 1, ""stopped.before_commit"": 1}",186605,226,224,44,0.5421
kube-fake,none,1046,0,,,"{""cap_change"": 1, ""observe_down"": 1, ""pod_evicted"": 1, ""store_tx_fail"": 1, ""zombie"": 2}",{},114208,140,143,31,0.3108
kube-fake,none,1047,0,,,"{""observe_stale"": 1, ""race_cancel"": 1}",{},171198,152,161,34,0.2936
kube-fake,none,1048,0,,,"{""cap_change"": 1}",{},13740,100,109,23,0.1634
kube-fake,none,1049,0,,,"{""observe_stale"": 2, ""preempt"": 2}",{},131888,110,130,23,0.1973
kube-fake,none,1050,0,,,"{""observe_down"": 1, ""observe_stale"": 1}",{},193503,142,194,33,0.3784
kube-fake,none,1051,0,,,"{""job_pending"": 1, ""node_down"": 1, ""observe_stale"": 1, ""pod_evicted"": 1, ""policy_fault"": 1, ""race_cancel"": 1}",{},43516,144,190,29,0.3794
kube-fake,none,1052,0,,,"{""crash"": 1, ""observe_stale"": 1}","{""start.after_call"": 1}",160688,88,103,22,0.1463
kube-fake,none,1053,0,,,"{""cap_change"": 1, ""crash"": 1, ""observe_stale"": 1, ""pod_evicted"": 1, ""store_tx_fail"": 1}","{""start.after_commit"": 1}",77048,198,204,37,0.456
kube-fake,none,1054,0,,,"{""crash"": 1, ""observe_down"": 1, ""policy_fault"": 1, ""store_outage"": 2, ""store_tx_fail"": 1}","{""ended.before_forget"": 1}",140301,160,194,32,0.3414
kube-fake,none,1055,0,,,"{""api_errors"": 1, ""node_down"": 1}",{},52274,121,136,21,0.2292
kube-fake,none,1056,0,,,"{""job_pending"": 2, ""store_outage"": 1, ""store_tx_fail"": 1}",{},2227,127,162,27,0.2763
kube-fake,none,1057,0,,,"{""api_errors"": 1, ""cap_change"": 1}",{},156294,184,198,39,0.4858
kube-fake,none,1058,0,,,"{""cap_change"": 1, ""observe_stale"": 1, ""zombie"": 1}",{},24984,137,141,27,0.3187
kube-fake,none,1059,0,,,"{""node_down"": 1, ""observe_down"": 1, ""pod_evicted"": 1, ""race_cancel"": 2}",{},108666,95,117,21,0.1773
kube-fake,none,1060,0,,,"{""cap_change"": 2, ""pod_evicted"": 1, ""policy_fault"": 1, ""race_cancel"": 1}",{},0,105,124,22,0.2164
kube-fake,none,1061,0,,,"{""api_errors"": 1, ""cap_change"": 1, ""node_down"": 1, ""race_cancel"": 1, ""store_tx_fail"": 1, ""zombie"": 1}",{},164758,121,111,23,0.2439
kube-fake,none,1062,0,,,"{""observe_down"": 1, ""preempt"": 2, ""race_cancel"": 1}",{},122281,159,188,28,0.3682
kube-fake,none,1063,0,,,"{""observe_stale"": 1, ""preempt"": 1, ""store_outage"": 2}",{},141754,148,176,26,0.3089
kube-fake,none,1064,0,,,"{""api_errors"": 1, ""preempt"": 1, ""store_tx_fail"": 1, ""zombie"": 1}",{},108825,136,136,29,0.2678
kube-fake,none,1065,0,,,"{""preempt"": 2}",{},159871,178,190,31,0.3749
kube-fake,none,1066,0,,,"{""crash"": 1, ""pod_evicted"": 2}","{""start.after_commit"": 1}",134369,156,170,34,0.3438
kube-fake,none,1067,0,,,"{""observe_down"": 1, ""store_outage"": 1}",{},160546,122,131,22,0.2313
kube-fake,none,1068,0,,,"{""job_pending"": 1, ""pod_evicted"": 1, ""policy_fault"": 1, ""zombie"": 1}",{},108861,152,156,30,0.3432
kube-fake,none,1069,0,,,"{""node_down"": 1, ""observe_down"": 1, ""policy_fault"": 1, ""zombie"": 1}",{},152274,139,147,28,0.3479
kube-fake,none,1070,0,,,"{""pod_evicted"": 1}",{},151221,174,207,37,0.4919
kube-fake,none,1071,0,,,"{""crash"": 1}","{""stopped.before_commit"": 1}",163036,170,181,35,0.4143
kube-fake,none,1072,0,,,"{""api_errors"": 1, ""observe_down"": 1, ""preempt"": 2}",{},65364,132,4623,23,3.4134
kube-fake,none,1073,0,,,"{""api_errors"": 1, ""preempt"": 1}",{},93087,104,121,21,0.2385
kube-fake,none,1074,0,,,"{""cap_change"": 1, ""job_pending"": 1, ""node_down"": 1, ""pod_evicted"": 1, ""policy_fault"": 1, ""store_outage"": 1}",{},137305,177,219,34,0.4782
kube-fake,none,1075,0,,,"{""observe_stale"": 1}",{},73037,92,102,21,0.1823
kube-fake,none,1076,0,,,"{""api_errors"": 2, ""job_pending"": 1, ""observe_down"": 1}",{},78358,200,239,34,0.5387
kube-fake,none,1077,0,,,"{""observe_stale"": 1, ""pod_evicted"": 1, ""store_outage"": 1, ""store_tx_fail"": 1}",{},153785,124,156,24,0.2469
kube-fake,none,1078,0,,,"{""crash"": 1, ""job_pending"": 1, ""preempt"": 1}","{""requeue.before_commit"": 1}",185153,116,129,24,0.2464
kube-fake,none,1079,0,,,"{""crash"": 1, ""race_cancel"": 1}","{""submit.after_commit"": 1}",167105,208,232,38,0.5916
kube-fake,none,1080,0,,,"{""crash"": 2, ""observe_stale"": 2, ""zombie"": 1}","{""requeue.before_commit"": 2}",89778,184,185,37,0.4238
kube-fake,none,1081,0,,,"{""crash"": 1}","{""start.after_call"": 1}",148440,102,128,23,0.1981
kube-fake,none,1082,0,,,"{""crash"": 1, ""node_down"": 1, ""preempt"": 1}","{""ended.before_forget"": 1}",93841,191,177,38,0.4396
kube-fake,none,1083,0,,,"{""node_down"": 1, ""observe_stale"": 2, ""preempt"": 1, ""store_outage"": 1, ""zombie"": 1}",{},202731,185,198,39,0.5189
kube-fake,none,1084,0,,,"{""crash"": 1, ""job_pending"": 1, ""pod_evicted"": 1, ""store_tx_fail"": 1}","{""ended.before_forget"": 1}",54351,168,200,35,0.4781
kube-fake,none,1085,0,,,"{""api_errors"": 1, ""race_cancel"": 1}",{},174699,162,178,36,0.4294
kube-fake,none,1086,0,,,"{""node_down"": 1}",{},105260,193,215,37,0.5398
kube-fake,none,1087,0,,,"{""cap_change"": 1, ""crash"": 1, ""observe_stale"": 2, ""store_outage"": 1, ""zombie"": 1}","{""start.after_call"": 1}",74456,186,188,37,0.3826
kube-fake,none,1088,0,,,"{""cap_change"": 2, ""policy_fault"": 1}",{},154295,166,185,32,0.401
kube-fake,none,1089,0,,,"{""race_cancel"": 1}",{},100197,204,219,38,0.5493
kube-fake,none,1090,0,,,"{""pod_evicted"": 1, ""policy_fault"": 1, ""zombie"": 1}",{},76931,114,122,21,0.1752
kube-fake,none,1091,0,,,"{""preempt"": 1, ""store_outage"": 1}",{},125405,88,97,20,0.1298
kube-fake,none,1092,0,,,"{""crash"": 1, ""observe_stale"": 2, ""race_cancel"": 1}","{""submit.after_commit"": 1}",114222,134,164,32,0.3522
kube-fake,none,1093,0,,,"{""preempt"": 1, ""race_cancel"": 1}",{},76594,174,201,33,0.3871
kube-fake,none,1094,0,,,"{""cap_change"": 1, ""observe_stale"": 1, ""race_cancel"": 1, ""store_tx_fail"": 1}",{},111845,148,172,34,0.3032
kube-fake,none,1095,0,,,"{""cap_change"": 1, ""observe_stale"": 1, ""pod_evicted"": 1, ""race_cancel"": 1}",{},130663,180,199,37,0.4492
kube-fake,none,1096,0,,,"{""api_errors"": 1, ""node_down"": 1, ""observe_stale"": 1, ""preempt"": 1, ""zombie"": 1}",{},0,132,145,23,0.2562
kube-fake,none,1097,0,,,"{""crash"": 1, ""pod_evicted"": 1, ""race_cancel"": 2, ""store_tx_fail"": 1, ""zombie"": 1}","{""stop.before_call"": 1}",72848,112,105,24,0.2202
kube-fake,none,1098,0,,,"{""crash"": 2, ""pod_evicted"": 1, ""preempt"": 1, ""race_cancel"": 1}","{""stopped.before_commit"": 1, ""submit.after_commit"": 1}",170548,132,165,27,0.2799
kube-fake,none,1099,0,,,"{""race_cancel"": 1}",{},60961,106,118,20,0.1777
kube-fake,none,1100,0,,,"{""crash"": 2, ""observe_down"": 1, ""observe_stale"": 1, ""policy_fault"": 1}","{""start.after_call"": 2}",265885,158,188,34,0.3571
kube-fake,none,1101,0,,,"{""crash"": 1, ""observe_stale"": 1, ""race_cancel"": 1, ""zombie"": 2}","{""start.after_commit"": 1}",110197,174,170,35,0.4283
kube-fake,none,1102,0,,,"{""api_errors"": 1, ""cap_change"": 3, ""job_pending"": 1, ""race_cancel"": 1}",{},0,150,186,30,0.3546
kube-fake,none,1103,0,,,"{""api_errors"": 1, ""node_down"": 1, ""race_cancel"": 1}",{},162050,140,158,27,0.3089
kube-fake,none,1104,0,,,"{""api_errors"": 1, ""node_down"": 1, ""store_outage"": 1}",{},117225,170,198,34,0.456
kube-fake,none,1105,0,,,"{""race_cancel"": 1}",{},98634,154,182,29,0.2913
kube-fake,none,1106,0,,,{},{},78258,203,203,37,0.5087
kube-fake,none,1107,0,,,"{""crash"": 1, ""job_pending"": 1, ""observe_stale"": 1, ""policy_fault"": 1}","{""stop.before_call"": 1}",77099,158,192,33,0.3441
kube-fake,none,1108,0,,,"{""cap_change"": 1, ""crash"": 2, ""observe_stale"": 2, ""preempt"": 1}","{""start.after_call"": 1, ""submit.after_commit"": 1}",217445,150,161,26,0.2834
kube-fake,none,1109,0,,,"{""observe_stale"": 1, ""pod_evicted"": 1}",{},0,162,180,39,0.3916
kube-fake,none,1110,0,,,"{""crash"": 2, ""observe_stale"": 1, ""policy_fault"": 1}","{""ended.before_forget"": 1, ""stopped.before_commit"": 1}",39863,154,187,30,0.3674
kube-fake,none,1111,0,,,"{""store_outage"": 1}",{},142472,180,212,37,0.5133
kube-fake,none,1112,0,,,"{""race_cancel"": 1}",{},120504,114,129,21,0.2367
kube-fake,none,1113,0,,,"{""observe_down"": 1, ""observe_stale"": 1, ""store_outage"": 1, ""zombie"": 1}",{},192299,198,183,39,0.429
kube-fake,none,1114,0,,,"{""store_outage"": 1}",{},81067,130,150,25,0.2538
kube-fake,none,1115,0,,,"{""job_pending"": 2, ""observe_down"": 1, ""pod_evicted"": 1, ""store_outage"": 1}",{},61041,198,239,38,0.5343
kube-fake,none,1116,0,,,"{""api_errors"": 1, ""zombie"": 2}",{},269240,130,123,25,0.199
kube-fake,none,1117,0,,,"{""crash"": 3, ""store_tx_fail"": 1, ""zombie"": 1}","{""start.after_call"": 1, ""stop.before_call"": 1, ""stopped.before_commit"": 1}",33173,192,207,35,0.5793
kube-fake,none,1118,0,,,"{""crash"": 1}","{""requeue.before_commit"": 1}",131698,176,182,32,0.4247
kube-fake,none,1119,0,,,"{""crash"": 1}","{""requeue.before_commit"": 1}",229411,182,202,34,0.479
kube-fake,none,1120,0,,,"{""race_cancel"": 1, ""store_outage"": 1}",{},166509,132,161,28,0.3264
kube-fake,none,1121,0,,,"{""crash"": 2, ""job_pending"": 1, ""race_cancel"": 1}","{""ended.before_forget"": 1, ""start.after_commit"": 1}",69402,110,129,22,0.2199
kube-fake,none,1122,0,,,"{""crash"": 2, ""preempt"": 1, ""store_tx_fail"": 1}","{""start.after_commit"": 1, ""stop.before_call"": 1}",221691,206,228,32,0.5169
kube-fake,none,1123,0,,,"{""node_down"": 1, ""preempt"": 1, ""race_cancel"": 1}",{},45223,143,159,28,0.2848
kube-fake,none,1124,0,,,"{""store_outage"": 1}",{},105453,128,144,26,0.2466
kube-fake,none,1125,0,,,"{""job_pending"": 1, ""node_down"": 1, ""observe_stale"": 1, ""preempt"": 1, ""store_tx_fail"": 1}",{},177416,168,192,32,0.3748
kube-fake,none,1126,0,,,"{""race_cancel"": 1}",{},156184,165,186,33,0.4165
kube-fake,none,1127,0,,,"{""crash"": 1, ""observe_down"": 1, ""pod_evicted"": 1, ""preempt"": 1, ""zombie"": 1}","{""requeue.before_commit"": 1}",147366,222,210,38,0.5937
kube-fake,none,1128,0,,,"{""crash"": 1, ""job_pending"": 1, ""policy_fault"": 1, ""race_cancel"": 1, ""zombie"": 1}","{""stop.before_call"": 1}",205011,196,229,38,0.4701
kube-fake,none,1129,0,,,"{""observe_down"": 1, ""observe_stale"": 1, ""pod_evicted"": 1, ""policy_fault"": 1}",{},57235,130,166,23,0.291
kube-fake,none,1130,0,,,"{""crash"": 1, ""store_outage"": 1}","{""start.after_commit"": 1}",201811,178,217,40,0.5157
kube-fake,none,1131,0,,,"{""cap_change"": 1, ""job_pending"": 1, ""observe_stale"": 2, ""race_cancel"": 1, ""store_tx_fail"": 1}",{},145424,173,228,37,0.4807
kube-fake,none,1132,0,,,"{""crash"": 1, ""policy_fault"": 1, ""zombie"": 1}","{""start.after_commit"": 1}",191320,244,229,44,0.7816
kube-fake,none,1133,0,,,"{""crash"": 2, ""node_down"": 1, ""preempt"": 1, ""race_cancel"": 1}","{""ended.before_forget"": 1, ""stop.before_call"": 1}",92982,156,181,29,0.3824
kube-fake,none,1134,0,,,"{""job_pending"": 1, ""pod_evicted"": 1, ""race_cancel"": 1}",{},137472,167,190,35,0.3975
kube-fake,none,1135,0,,,"{""cap_change"": 1, ""pod_evicted"": 1, ""policy_fault"": 1, ""race_cancel"": 1, ""store_outage"": 1, ""zombie"": 1}",{},83963,162,196,35,0.411
kube-fake,none,1136,0,,,"{""observe_down"": 1}",{},201455,210,224,40,0.6183
kube-fake,none,1137,0,,,"{""api_errors"": 1, ""crash"": 1, ""observe_stale"": 1, ""pod_evicted"": 1, ""zombie"": 1}","{""ended.before_forget"": 1}",222704,170,185,26,0.3272
kube-fake,none,1138,0,,,"{""store_tx_fail"": 1}",{},143334,182,206,34,0.4732
kube-fake,none,1139,0,,,"{""observe_stale"": 1, ""preempt"": 1, ""zombie"": 2}",{},188887,210,194,42,0.5009
kube-fake,none,1140,0,,,"{""crash"": 1, ""observe_down"": 1, ""preempt"": 1}","{""ended.before_forget"": 1}",43057,126,141,30,0.2432
kube-fake,none,1141,0,,,"{""api_errors"": 1, ""job_pending"": 1, ""pod_evicted"": 1}",{},188456,110,131,20,0.2145
kube-fake,none,1142,0,,,"{""crash"": 1, ""observe_stale"": 2, ""zombie"": 1}","{""requeue.before_commit"": 1}",82319,158,165,37,0.3375
kube-fake,none,1143,0,,,"{""api_errors"": 1, ""crash"": 1, ""observe_down"": 1, ""observe_stale"": 1, ""race_cancel"": 1}","{""stopped.before_commit"": 1}",131091,110,131,23,0.2059
kube-fake,none,1144,0,,,"{""job_pending"": 1, ""zombie"": 1}",{},168518,154,158,32,0.3373
kube-fake,none,1145,0,,,"{""cap_change"": 1, ""pod_evicted"": 1, ""preempt"": 1, ""zombie"": 1}",{},88946,122,115,26,0.2057
kube-fake,none,1146,0,,,"{""job_pending"": 1, ""pod_evicted"": 1, ""preempt"": 1}",{},82255,96,129,20,0.2282
kube-fake,none,1147,0,,,"{""pod_evicted"": 1, ""policy_fault"": 2, ""preempt"": 1, ""zombie"": 1}",{},119037,104,124,20,0.1736
kube-fake,none,1148,0,,,"{""observe_down"": 2, ""policy_fault"": 1, ""race_cancel"": 1}",{},82189,116,131,24,0.1708
kube-fake,none,1149,0,,,"{""crash"": 1, ""observe_stale"": 1, ""race_cancel"": 1, ""zombie"": 1}","{""ended.before_forget"": 1}",91986,155,162,31,0.3924
kube-fake,none,1150,0,,,{},{},96457,142,164,30,0.3085
kube-fake,none,1151,0,,,"{""observe_stale"": 2, ""preempt"": 1}",{},106020,132,153,25,0.2788
kube-fake,none,1152,0,,,"{""store_tx_fail"": 1}",{},145661,190,218,36,0.5139
kube-fake,none,1153,0,,,"{""observe_down"": 1, ""store_tx_fail"": 1, ""zombie"": 1}",{},81850,166,179,39,0.4716
kube-fake,none,1154,0,,,"{""cap_change"": 1, ""job_pending"": 1, ""preempt"": 1, ""zombie"": 2}",{},180756,153,128,24,0.2608
kube-fake,none,1155,0,,,"{""cap_change"": 1, ""node_down"": 1, ""observe_down"": 1, ""observe_stale"": 1}",{},3906,165,202,34,0.4029
kube-fake,none,1156,0,,,"{""cap_change"": 1, ""observe_down"": 1}",{},102880,202,217,38,0.4695
kube-fake,none,1157,0,,,"{""observe_stale"": 1, ""policy_fault"": 1, ""race_cancel"": 1}",{},33547,164,187,32,0.3894
kube-fake,none,1158,0,,,"{""crash"": 2, ""observe_down"": 1, ""observe_stale"": 1, ""pod_evicted"": 1, ""store_tx_fail"": 1}","{""ended.before_forget"": 1, ""start.after_commit"": 1}",44794,202,226,39,0.5885
kube-fake,none,1159,0,,,"{""race_cancel"": 1, ""store_tx_fail"": 2, ""zombie"": 1}",{},126289,188,181,41,0.4142
kube-fake,none,1160,0,,,"{""crash"": 1, ""observe_down"": 2, ""race_cancel"": 1, ""store_outage"": 2}","{""stop.before_call"": 1}",3772,150,169,30,0.3148
kube-fake,none,1161,0,,,"{""node_down"": 1, ""observe_down"": 1, ""pod_evicted"": 1, ""store_outage"": 1, ""zombie"": 1}",{},119450,191,212,33,0.605
kube-fake,none,1162,0,,,"{""observe_stale"": 1, ""race_cancel"": 1}",{},133540,203,227,39,0.5179
kube-fake,none,1163,0,,,"{""race_cancel"": 1, ""zombie"": 1}",{},95588,231,203,36,0.713
kube-fake,none,1164,0,,,"{""api_errors"": 1, ""race_cancel"": 2, ""store_tx_fail"": 2}",{},31620,195,232,39,0.6077
kube-fake,none,1165,0,,,"{""crash"": 1, ""observe_down"": 1, ""policy_fault"": 1, ""preempt"": 1}","{""ended.before_forget"": 1}",66636,160,178,34,0.424
kube-fake,none,1166,0,,,"{""policy_fault"": 1}",{},155593,180,199,35,0.4766
kube-fake,none,1167,0,,,"{""cap_change"": 1, ""crash"": 1, ""observe_down"": 1}","{""requeue.before_commit"": 1}",148580,152,182,32,0.377
kube-fake,none,1168,0,,,"{""api_errors"": 1, ""crash"": 1, ""job_pending"": 1, ""race_cancel"": 1, ""zombie"": 1}","{""stop.before_call"": 1}",59145,145,168,31,0.4084
kube-fake,none,1169,0,,,"{""api_errors"": 1, ""observe_down"": 2, ""pod_evicted"": 1, ""store_tx_fail"": 1, ""zombie"": 1}",{},173105,190,15915,33,10.057
kube-fake,none,1170,0,,,"{""crash"": 1, ""race_cancel"": 2, ""store_outage"": 1}","{""stopped.before_commit"": 1}",121337,162,191,36,0.4295
kube-fake,none,1171,0,,,"{""api_errors"": 1, ""crash"": 1, ""observe_down"": 1, ""observe_stale"": 1, ""zombie"": 1}","{""ended.before_forget"": 1}",26044,178,186,36,0.5401
kube-fake,none,1172,0,,,"{""crash"": 1, ""store_outage"": 1}","{""ended.before_forget"": 1}",120590,114,136,25,0.2792
kube-fake,none,1173,0,,,"{""policy_fault"": 1, ""preempt"": 2, ""race_cancel"": 1}",{},153216,198,217,36,0.6105
kube-fake,none,1174,0,,,"{""node_down"": 1, ""observe_down"": 1, ""observe_stale"": 1, ""race_cancel"": 1}",{},113631,138,167,27,0.4234
kube-fake,none,1175,0,,,"{""pod_evicted"": 1, ""zombie"": 1}",{},112925,164,159,31,0.4271
kube-fake,none,1176,0,,,"{""crash"": 1, ""observe_down"": 1, ""preempt"": 3, ""store_tx_fail"": 1}","{""stopped.before_commit"": 1}",98191,117,147,25,0.2813
kube-fake,none,1177,0,,,{},{},49973,108,121,24,0.2401
kube-fake,none,1178,0,,,"{""observe_down"": 1, ""observe_stale"": 2, ""preempt"": 1}",{},96011,182,181,31,0.5292
kube-fake,none,1179,0,,,"{""pod_evicted"": 2}",{},162375,174,186,35,0.5419
kube-fake,none,1180,0,,,"{""crash"": 2}","{""ended.before_forget"": 1, ""start.after_commit"": 1}",152998,226,237,40,0.7571
kube-fake,none,1181,0,,,"{""observe_stale"": 1, ""preempt"": 1, ""race_cancel"": 1, ""store_outage"": 1, ""zombie"": 1}",{},117907,184,197,37,0.5044
kube-fake,none,1182,0,,,"{""api_errors"": 1, ""pod_evicted"": 1}",{},134045,190,218,39,0.5637
kube-fake,none,1183,0,,,"{""node_down"": 1, ""observe_stale"": 1, ""preempt"": 1, ""zombie"": 1}",{},99599,197,213,38,0.6644
kube-fake,none,1184,0,,,"{""cap_change"": 1, ""store_tx_fail"": 1}",{},0,140,153,29,0.3584
kube-fake,none,1185,0,,,"{""node_down"": 1, ""observe_stale"": 1}",{},162427,167,192,31,0.4945
kube-fake,none,1186,0,,,"{""crash"": 1, ""node_down"": 1, ""pod_evicted"": 1, ""store_outage"": 1}","{""ended.before_forget"": 1}",171175,174,211,37,0.5837
kube-fake,none,1187,0,,,"{""node_down"": 1}",{},176154,107,119,20,0.2053
kube-fake,none,1188,0,,,"{""cap_change"": 1, ""crash"": 1, ""pod_evicted"": 1}","{""ended.before_forget"": 1}",54570,132,151,24,0.3014
kube-fake,none,1189,0,,,"{""observe_down"": 1, ""pod_evicted"": 1, ""policy_fault"": 1, ""race_cancel"": 1, ""store_tx_fail"": 1, ""zombie"": 1}",{},71961,188,188,42,0.5254
kube-fake,none,1190,0,,,"{""pod_evicted"": 2, ""policy_fault"": 1, ""zombie"": 1}",{},182871,162,173,31,0.4127
kube-fake,none,1191,0,,,"{""node_down"": 1}",{},184733,167,168,32,0.4288
kube-fake,none,1192,0,,,"{""race_cancel"": 1, ""store_tx_fail"": 1}",{},110572,188,209,35,0.5326
kube-fake,none,1193,0,,,"{""observe_stale"": 1, ""pod_evicted"": 1, ""store_outage"": 1}",{},75497,150,184,32,0.4069
kube-fake,none,1194,0,,,"{""cap_change"": 1, ""crash"": 1, ""node_down"": 1, ""pod_evicted"": 1, ""preempt"": 1}","{""stop.before_call"": 1}",56258,138,162,27,0.3678
kube-fake,none,1195,0,,,"{""observe_stale"": 1, ""policy_fault"": 1}",{},195746,126,142,21,0.2622
kube-fake,none,1196,0,,,"{""policy_fault"": 1, ""store_tx_fail"": 1}",{},175551,118,136,25,0.2775
kube-fake,none,1197,0,,,"{""crash"": 2, ""job_pending"": 1, ""node_down"": 1, ""pod_evicted"": 1, ""race_cancel"": 1}","{""start.after_call"": 2}",111199,115,144,23,0.2805
kube-fake,none,1198,0,,,"{""api_errors"": 1, ""crash"": 2, ""observe_down"": 1, ""preempt"": 1, ""store_tx_fail"": 1}","{""ended.before_forget"": 1, ""start.after_call"": 1}",10891,122,141,25,0.2959
kube-fake,none,1199,0,,,"{""crash"": 3, ""node_down"": 1, ""preempt"": 1, ""zombie"": 1}","{""stopped.before_commit"": 1, ""submit.after_commit"": 2}",224241,258,277,40,0.8668
kube-fake,none,1200,0,,,"{""job_pending"": 1}",{},171005,96,125,20,0.1914
kube-fake,none,1201,0,,,"{""crash"": 1, ""observe_down"": 1, ""observe_stale"": 1, ""pod_evicted"": 1, ""preempt"": 1}","{""requeue.before_commit"": 1}",94146,160,185,29,0.4176
kube-fake,none,1202,0,,,"{""cap_change"": 1, ""job_pending"": 1, ""node_down"": 1, ""observe_stale"": 1, ""pod_evicted"": 1, ""preempt"": 1}",{},188296,171,229,32,0.5881
kube-fake,none,1203,0,,,"{""api_errors"": 1, ""crash"": 2}","{""start.after_call"": 1, ""stop.before_call"": 1}",179182,142,162,30,0.3642
kube-fake,none,1204,0,,,"{""policy_fault"": 1, ""race_cancel"": 1, ""zombie"": 1}",{},194701,135,137,30,0.301
kube-fake,none,1205,0,,,"{""job_pending"": 1, ""node_down"": 1, ""observe_down"": 1, ""policy_fault"": 1}",{},88693,106,128,21,0.2224
kube-fake,none,1206,0,,,"{""job_pending"": 1, ""observe_down"": 1, ""observe_stale"": 1, ""pod_evicted"": 1, ""policy_fault"": 1}",{},77975,178,217,29,0.5225
kube-fake,none,1207,0,,,"{""observe_down"": 1, ""store_outage"": 1, ""zombie"": 1}",{},118551,198,207,37,0.5567
kube-fake,none,1208,0,,,"{""store_tx_fail"": 1}",{},125421,120,148,26,0.3131
kube-fake,none,1209,0,,,"{""observe_stale"": 1}",{},45982,138,139,31,0.3557
kube-fake,none,1210,0,,,"{""observe_down"": 1, ""observe_stale"": 1, ""zombie"": 1}",{},10646,122,132,23,0.2981
kube-fake,none,1211,0,,,"{""cap_change"": 1, ""job_pending"": 1, ""node_down"": 1}",{},39681,94,121,20,0.2147
kube-fake,none,1212,0,,,"{""crash"": 1, ""race_cancel"": 1}","{""stopped.before_commit"": 1}",107783,126,146,26,0.2988
kube-fake,none,1213,0,,,"{""race_cancel"": 1}",{},24247,183,208,37,0.5055
kube-fake,none,1214,0,,,{},{},64282,104,116,20,0.2173
kube-fake,none,1215,0,,,"{""observe_down"": 2, ""pod_evicted"": 1, ""policy_fault"": 1}",{},77476,114,138,20,0.2661
kube-fake,none,1216,0,,,"{""cap_change"": 1, ""crash"": 1, ""job_pending"": 1, ""observe_stale"": 1, ""store_outage"": 1, ""zombie"": 1}","{""start.after_call"": 1}",31085,166,199,37,0.4669
kube-fake,none,1217,0,,,"{""pod_evicted"": 1, ""policy_fault"": 1, ""race_cancel"": 1, ""store_outage"": 1, ""zombie"": 1}",{},48145,163,182,34,0.4887
kube-fake,none,1218,0,,,"{""api_errors"": 1, ""observe_down"": 1, ""observe_stale"": 1, ""store_outage"": 1, ""store_tx_fail"": 1}",{},163134,164,199,34,0.4773
kube-fake,none,1219,0,,,"{""cap_change"": 1, ""store_outage"": 1, ""store_tx_fail"": 1}",{},92019,96,113,22,0.1916
kube-fake,none,1220,0,,,"{""observe_stale"": 2, ""pod_evicted"": 1, ""race_cancel"": 1}",{},116936,128,155,30,0.3549
kube-fake,none,1221,0,,,"{""job_pending"": 1, ""policy_fault"": 1, ""race_cancel"": 1}",{},176678,230,265,40,0.7817
kube-fake,none,1222,0,,,"{""cap_change"": 1, ""node_down"": 1, ""observe_down"": 1, ""observe_stale"": 1, ""pod_evicted"": 1}",{},85765,116,155,21,0.2606
kube-fake,none,1223,0,,,"{""policy_fault"": 1, ""store_tx_fail"": 2, ""zombie"": 1}",{},13295,154,170,34,0.442
kube-fake,none,1224,0,,,"{""api_errors"": 1, ""node_down"": 1, ""observe_stale"": 1, ""pod_evicted"": 1, ""policy_fault"": 1}",{},177571,243,259,35,0.7838
kube-fake,none,1225,0,,,"{""node_down"": 1, ""observe_stale"": 2, ""race_cancel"": 1}",{},75139,142,166,21,0.3869
kube-fake,none,1226,0,,,"{""api_errors"": 2}",{},147237,132,159,24,0.3416
kube-fake,none,1227,0,,,"{""api_errors"": 1, ""crash"": 2, ""store_tx_fail"": 2, ""zombie"": 1}","{""requeue.before_commit"": 2}",42837,166,191,31,0.5729
kube-fake,none,1228,0,,,"{""crash"": 1, ""pod_evicted"": 1}","{""start.after_commit"": 1}",145189,128,154,27,0.3589
kube-fake,none,1229,0,,,"{""zombie"": 1}",{},144845,180,185,38,0.5698
kube-fake,none,1230,0,,,"{""crash"": 1, ""job_pending"": 1, ""preempt"": 1, ""race_cancel"": 1, ""zombie"": 1}","{""submit.after_commit"": 1}",94599,184,185,37,0.6039
kube-fake,none,1231,0,,,"{""job_pending"": 1, ""race_cancel"": 1}",{},63038,175,203,38,0.5074
kube-fake,none,1232,0,,,"{""cap_change"": 1, ""observe_stale"": 1, ""pod_evicted"": 1}",{},43357,122,144,23,0.2631
kube-fake,none,1233,0,,,"{""crash"": 1, ""store_outage"": 1}","{""start.after_call"": 1}",94074,100,108,22,0.222
kube-fake,none,1234,0,,,"{""job_pending"": 1, ""pod_evicted"": 1, ""preempt"": 1, ""store_outage"": 1, ""zombie"": 1}",{},41027,176,183,33,0.4835
kube-fake,none,1235,0,,,"{""crash"": 1, ""node_down"": 1, ""observe_down"": 1, ""observe_stale"": 1, ""race_cancel"": 1, ""zombie"": 1}","{""stop.before_call"": 1}",122100,156,171,32,0.4115
kube-fake,none,1236,0,,,"{""cap_change"": 1, ""job_pending"": 1, ""store_tx_fail"": 1}",{},165416,184,217,37,0.5338
kube-fake,none,1237,0,,,"{""job_pending"": 1, ""observe_stale"": 1, ""preempt"": 1, ""race_cancel"": 1}",{},98033,165,165,28,0.4473
kube-fake,none,1238,0,,,"{""crash"": 1, ""observe_stale"": 1, ""pod_evicted"": 1, ""preempt"": 1}","{""ended.before_forget"": 1}",75578,192,218,35,0.6595
kube-fake,none,1239,0,,,"{""race_cancel"": 1}",{},153423,162,182,33,0.5055
kube-fake,none,1240,0,,,"{""observe_down"": 1, ""pod_evicted"": 1, ""policy_fault"": 1, ""race_cancel"": 1, ""zombie"": 1}",{},135907,138,137,26,0.278
kube-fake,none,1241,0,,,"{""crash"": 1, ""observe_down"": 1, ""observe_stale"": 1, ""preempt"": 1, ""store_outage"": 1}","{""requeue.before_commit"": 1}",14230,198,230,37,0.5564
kube-fake,none,1242,0,,,"{""observe_stale"": 1, ""policy_fault"": 1}",{},147771,104,125,23,0.2338
kube-fake,none,1243,0,,,"{""pod_evicted"": 1}",{},134430,188,193,38,0.6119
kube-fake,none,1244,0,,,"{""api_errors"": 1, ""node_down"": 1, ""store_tx_fail"": 1}",{},175512,194,213,31,0.637
kube-fake,none,1245,0,,,"{""observe_stale"": 1, ""race_cancel"": 1}",{},216096,216,229,38,0.6714
kube-fake,none,1246,0,,,"{""node_down"": 1, ""preempt"": 1, ""race_cancel"": 1, ""store_tx_fail"": 1}",{},114152,176,199,36,0.5267
kube-fake,none,1247,0,,,"{""crash"": 1, ""policy_fault"": 1, ""zombie"": 3}","{""submit.after_commit"": 1}",66051,248,215,46,0.8614
kube-fake,none,1248,0,,,"{""observe_down"": 1, ""observe_stale"": 1, ""preempt"": 1, ""race_cancel"": 1}",{},145569,166,190,38,0.482
kube-fake,none,1249,0,,,"{""job_pending"": 1, ""store_outage"": 1}",{},150203,110,141,23,0.2669
kube-fake,none,1250,0,,,"{""observe_stale"": 1, ""store_outage"": 2}",{},76597,158,193,35,0.4164
kube-fake,none,1251,0,,,"{""api_errors"": 1, ""job_pending"": 1}",{},152475,128,149,26,0.2906
kube-fake,none,1252,0,,,"{""crash"": 1, ""observe_down"": 3, ""observe_stale"": 1, ""pod_evicted"": 1}","{""ended.before_forget"": 1}",108246,190,215,39,0.5154
kube-fake,none,1253,0,,,"{""api_errors"": 1, ""cap_change"": 1, ""node_down"": 1}",{},109512,124,155,23,0.2822
kube-fake,none,1254,0,,,"{""api_errors"": 2, ""pod_evicted"": 1}",{},73534,166,204,32,0.4506
kube-fake,none,1255,0,,,"{""node_down"": 1, ""pod_evicted"": 1}",{},86449,186,191,37,0.5032
kube-fake,none,1256,0,,,"{""observe_down"": 1, ""race_cancel"": 1, ""store_outage"": 1, ""store_tx_fail"": 1}",{},69695,147,179,27,0.3586
kube-fake,none,1257,0,,,"{""cap_change"": 1, ""node_down"": 1, ""pod_evicted"": 1, ""store_outage"": 1, ""store_tx_fail"": 1}",{},34794,211,256,37,0.7049
kube-fake,none,1258,0,,,"{""crash"": 2, ""race_cancel"": 1, ""zombie"": 1}","{""requeue.before_commit"": 1, ""start.after_commit"": 1}",97414,188,212,36,0.6034
kube-fake,none,1259,0,,,"{""crash"": 1, ""node_down"": 1}","{""submit.after_commit"": 1}",126853,86,102,21,0.1752
kube-fake,none,1260,0,,,"{""preempt"": 1, ""race_cancel"": 1, ""store_tx_fail"": 1}",{},165359,167,184,29,0.4744
kube-fake,none,1261,0,,,"{""crash"": 2, ""observe_stale"": 1, ""store_outage"": 1}","{""requeue.before_commit"": 1, ""start.after_call"": 1}",161468,198,249,39,0.7268
kube-fake,none,1262,0,,,"{""crash"": 1, ""pod_evicted"": 1, ""policy_fault"": 1, ""store_outage"": 1, ""zombie"": 1}","{""start.after_commit"": 1}",169431,248,238,44,6.5949
kube-fake,none,1263,0,,,"{""pod_evicted"": 1, ""race_cancel"": 1, ""store_tx_fail"": 1}",{},163882,176,203,35,0.444
kube-fake,none,1264,0,,,"{""pod_evicted"": 1, ""store_outage"": 1, ""store_tx_fail"": 1, ""zombie"": 1}",{},139124,214,216,40,0.6114
kube-fake,none,1265,0,,,"{""api_errors"": 1, ""observe_stale"": 1, ""pod_evicted"": 2, ""race_cancel"": 1, ""zombie"": 1}",{},100032,152,164,28,0.3451
kube-fake,none,1266,0,,,"{""crash"": 1, ""job_pending"": 1, ""race_cancel"": 1, ""zombie"": 1}","{""start.after_commit"": 1}",66051,134,146,28,0.2576
kube-fake,none,1267,0,,,"{""crash"": 1, ""observe_stale"": 1}","{""start.after_call"": 1}",152902,186,211,32,0.4168
kube-fake,none,1268,0,,,"{""job_pending"": 1}",{},131588,188,217,39,0.4881
kube-fake,none,1269,0,,,"{""job_pending"": 1, ""observe_stale"": 2, ""race_cancel"": 1}",{},83705,204,231,34,0.5078
kube-fake,none,1270,0,,,"{""node_down"": 1, ""observe_down"": 1, ""race_cancel"": 1}",{},14793,122,139,24,0.2117
kube-fake,none,1271,0,,,"{""zombie"": 1}",{},120129,158,164,31,0.3721
kube-fake,none,1272,0,,,"{""crash"": 1, ""observe_down"": 1, ""observe_stale"": 2, ""store_outage"": 1}","{""stopped.before_commit"": 1}",70558,192,227,35,0.4964
kube-fake,none,1273,0,,,"{""api_errors"": 1, ""observe_stale"": 1}",{},80589,156,180,31,0.3549
kube-fake,none,1274,0,,,"{""observe_stale"": 1, ""race_cancel"": 1}",{},103829,118,138,22,0.2092
kube-fake,none,1275,0,,,"{""policy_fault"": 1, ""race_cancel"": 2, ""store_outage"": 1}",{},96925,134,154,27,0.2829
kube-fake,none,1276,0,,,"{""crash"": 1, ""node_down"": 1, ""store_tx_fail"": 1}","{""submit.after_commit"": 1}",119376,213,225,35,0.5663
kube-fake,none,1277,0,,,"{""crash"": 1, ""observe_stale"": 1, ""zombie"": 1}","{""start.after_call"": 1}",177325,243,230,42,0.6362
kube-fake,none,1278,0,,,"{""api_errors"": 1, ""policy_fault"": 1, ""race_cancel"": 1, ""zombie"": 1}",{},161936,188,180,37,0.3925
kube-fake,none,1279,0,,,"{""crash"": 2, ""observe_stale"": 1, ""zombie"": 1}","{""stop.before_call"": 1, ""submit.after_commit"": 1}",129567,244,237,43,0.6743
kube-fake,none,1280,0,,,"{""observe_down"": 1, ""observe_stale"": 1, ""pod_evicted"": 1}",{},49224,128,158,25,0.3402
kube-fake,none,1281,0,,,"{""crash"": 1, ""observe_stale"": 2, ""store_tx_fail"": 1}","{""ended.before_forget"": 1}",131081,206,231,36,0.6265
kube-fake,none,1282,0,,,"{""race_cancel"": 1, ""store_tx_fail"": 1}",{},114512,126,148,28,0.3122
kube-fake,none,1283,0,,,"{""zombie"": 2}",{},261133,176,137,34,0.3429
kube-fake,none,1284,0,,,"{""pod_evicted"": 1, ""store_tx_fail"": 1}",{},0,172,162,36,0.3952
kube-fake,none,1285,0,,,"{""cap_change"": 1, ""crash"": 1, ""node_down"": 1, ""policy_fault"": 1}","{""stopped.before_commit"": 1}",137298,147,175,27,0.3261
kube-fake,none,1286,0,,,"{""observe_stale"": 1, ""preempt"": 1}",{},66863,130,155,25,0.2917
kube-fake,none,1287,0,,,"{""race_cancel"": 1}",{},164994,164,197,33,0.3918
kube-fake,none,1288,0,,,"{""preempt"": 1}",{},156691,170,169,36,0.3564
kube-fake,none,1289,0,,,"{""crash"": 1}","{""requeue.before_commit"": 1}",32406,120,149,26,0.3132
kube-fake,none,1290,0,,,{},{},213218,198,212,38,0.4925
kube-fake,none,1291,0,,,"{""cap_change"": 1, ""job_pending"": 2, ""pod_evicted"": 1, ""zombie"": 1}",{},93203,116,121,27,0.2452
kube-fake,none,1292,0,,,"{""crash"": 1, ""observe_stale"": 1, ""race_cancel"": 1}","{""requeue.before_commit"": 1}",84769,122,144,23,0.2229
kube-fake,none,1293,0,,,"{""job_pending"": 1, ""race_cancel"": 1}",{},7516,190,204,36,0.4677
kube-fake,none,1294,0,,,"{""store_outage"": 1}",{},82975,114,147,28,0.2319
kube-fake,none,1295,0,,,"{""api_errors"": 1, ""crash"": 2, ""observe_down"": 1, ""preempt"": 1, ""store_tx_fail"": 1}","{""stop.before_call"": 1, ""submit.after_commit"": 1}",19651,156,176,33,0.3825
kube-fake,none,1296,0,,,"{""job_pending"": 1, ""node_down"": 1, ""observe_stale"": 1, ""store_outage"": 1}",{},99688,145,176,30,0.3733
kube-fake,none,1297,0,,,"{""node_down"": 1, ""observe_stale"": 1, ""race_cancel"": 1}",{},158244,178,204,34,0.4036
kube-fake,none,1298,0,,,"{""crash"": 1, ""pod_evicted"": 1}","{""start.after_commit"": 1}",55399,112,123,22,0.2118
kube-fake,none,1299,0,,,"{""crash"": 1, ""preempt"": 1, ""race_cancel"": 1, ""store_outage"": 1}","{""requeue.before_commit"": 1}",81242,190,209,34,0.4583
kube-fake,none,1300,0,,,"{""api_errors"": 1, ""crash"": 1, ""store_outage"": 1}","{""ended.before_forget"": 1}",128577,96,124,20,0.1321
kube-fake,none,1301,0,,,"{""pod_evicted"": 1, ""store_tx_fail"": 2, ""zombie"": 1}",{},44503,195,212,39,0.5701
kube-fake,none,1302,0,,,"{""api_errors"": 1, ""policy_fault"": 1, ""race_cancel"": 1, ""zombie"": 1}",{},77918,142,151,30,0.2685
kube-fake,none,1303,0,,,"{""api_errors"": 1, ""race_cancel"": 2, ""zombie"": 1}",{},76486,182,197,38,0.4474
kube-fake,none,1304,0,,,"{""pod_evicted"": 1, ""race_cancel"": 1}",{},78881,118,142,26,0.2669
kube-fake,none,1305,0,,,"{""observe_stale"": 1, ""store_outage"": 1, ""zombie"": 1}",{},104401,212,237,39,0.571
kube-fake,none,1306,0,,,"{""policy_fault"": 1}",{},149930,184,209,39,0.4813
kube-fake,none,1307,0,,,"{""cap_change"": 1, ""crash"": 1, ""job_pending"": 1}","{""stopped.before_commit"": 1}",123709,179,189,33,0.4608
kube-fake,none,1308,0,,,"{""crash"": 1}","{""submit.after_commit"": 1}",107995,172,189,35,0.3606
kube-fake,none,1309,0,,,"{""cap_change"": 1, ""crash"": 1, ""job_pending"": 1, ""policy_fault"": 1, ""preempt"": 1, ""race_cancel"": 1}","{""stopped.before_commit"": 1}",114144,136,161,29,0.2952
kube-fake,none,1310,0,,,"{""cap_change"": 1, ""zombie"": 3}",{},99696,156,113,33,0.304
kube-fake,none,1311,0,,,"{""job_pending"": 1, ""node_down"": 1, ""observe_down"": 1, ""pod_evicted"": 1, ""race_cancel"": 1, ""store_tx_fail"": 1}",{},76898,157,189,32,0.3447
kube-fake,none,1312,0,,,"{""crash"": 1, ""pod_evicted"": 1, ""race_cancel"": 1, ""store_outage"": 1}","{""start.after_commit"": 1}",63657,124,155,27,0.2831
kube-fake,none,1313,0,,,"{""crash"": 2, ""node_down"": 1, ""store_tx_fail"": 1}","{""ended.before_forget"": 1, ""submit.after_commit"": 1}",102365,112,138,20,0.2087
kube-fake,none,1314,0,,,"{""crash"": 1, ""observe_stale"": 2, ""zombie"": 1}","{""start.after_call"": 1}",235235,142,153,31,0.3472
kube-fake,none,1315,0,,,"{""job_pending"": 1}",{},192034,218,255,40,0.5257
kube-fake,none,1316,0,,,"{""crash"": 1, ""observe_down"": 1, ""race_cancel"": 1, ""store_outage"": 1}","{""submit.after_commit"": 1}",144827,184,210,35,0.4612
kube-fake,none,1317,0,,,"{""observe_stale"": 2, ""policy_fault"": 1}",{},93706,272,216,28,0.538
kube-fake,none,1318,0,,,"{""observe_stale"": 1}",{},14906,118,137,23,0.2255
kube-fake,none,1319,0,,,"{""crash"": 1}","{""requeue.before_commit"": 1}",115073,200,205,31,0.4818
kube-fake,none,1320,0,,,"{""crash"": 1, ""observe_down"": 1, ""observe_stale"": 1, ""policy_fault"": 2, ""race_cancel"": 1}","{""submit.after_commit"": 1}",98275,117,155,24,0.2405
kube-fake,none,1321,0,,,"{""api_errors"": 1, ""job_pending"": 1, ""observe_stale"": 1, ""pod_evicted"": 1}",{},95200,104,144,21,0.1787
kube-fake,none,1322,0,,,"{""cap_change"": 1, ""policy_fault"": 1, ""race_cancel"": 1, ""zombie"": 1}",{},131026,169,190,34,0.4106
kube-fake,none,1323,0,,,"{""cap_change"": 1, ""crash"": 1, ""race_cancel"": 1}","{""start.after_call"": 1}",118419,186,223,37,0.5179
kube-fake,none,1324,0,,,"{""zombie"": 2}",{},148407,138,107,31,0.2524
kube-fake,none,1325,0,,,"{""crash"": 1, ""preempt"": 1}","{""requeue.before_commit"": 1}",173421,186,207,32,0.4126
kube-fake,none,1326,0,,,"{""job_pending"": 1, ""policy_fault"": 1, ""store_tx_fail"": 1, ""zombie"": 2}",{},52240,168,152,36,0.3851
kube-fake,none,1327,0,,,"{""crash"": 1}","{""requeue.before_commit"": 1}",86506,164,180,32,0.3697
kube-fake,none,1328,0,,,"{""node_down"": 1, ""observe_stale"": 1, ""race_cancel"": 2}",{},167388,142,157,26,0.317
kube-fake,none,1329,0,,,"{""api_errors"": 1, ""crash"": 1, ""policy_fault"": 1, ""race_cancel"": 1, ""zombie"": 1}","{""ended.before_forget"": 1}",105875,138,140,29,0.2854
kube-fake,none,1330,0,,,"{""cap_change"": 1, ""observe_down"": 1, ""store_tx_fail"": 1}",{},14204,181,191,29,0.3906
kube-fake,none,1331,0,,,"{""pod_evicted"": 1, ""zombie"": 1}",{},145738,182,155,35,0.3854
kube-fake,none,1332,0,,,"{""zombie"": 1}",{},267175,210,213,41,0.5796
kube-fake,none,1333,0,,,"{""api_errors"": 1, ""cap_change"": 1, ""node_down"": 1, ""policy_fault"": 1}",{},87243,144,170,30,0.3967
kube-fake,none,1334,0,,,"{""api_errors"": 2, ""crash"": 2, ""race_cancel"": 1, ""zombie"": 1}","{""ended.before_forget"": 2}",146007,140,141,30,0.2844
kube-fake,none,1335,0,,,"{""crash"": 2, ""observe_down"": 1, ""policy_fault"": 1, ""race_cancel"": 1}","{""start.after_call"": 1, ""submit.after_commit"": 1}",153514,203,231,39,0.5158
kube-fake,none,1336,0,,,"{""crash"": 1}","{""requeue.before_commit"": 1}",111922,188,209,35,0.5649
kube-fake,none,1337,0,,,"{""cap_change"": 1, ""crash"": 1}","{""start.after_call"": 1}",164261,175,200,35,0.4317
kube-fake,none,1338,0,,,"{""cap_change"": 1, ""node_down"": 1, ""policy_fault"": 1, ""store_outage"": 1}",{},150227,208,253,36,0.6143
kube-fake,none,1339,0,,,"{""crash"": 1, ""race_cancel"": 1}","{""ended.before_forget"": 1}",96952,167,183,34,0.4332
kube-fake,none,1340,0,,,"{""cap_change"": 1, ""observe_stale"": 1, ""pod_evicted"": 1, ""zombie"": 1}",{},147838,152,168,32,0.3557
kube-fake,none,1341,0,,,"{""node_down"": 1, ""store_tx_fail"": 1}",{},152524,120,138,23,0.2483
kube-fake,none,1342,0,,,"{""job_pending"": 1, ""observe_down"": 1, ""policy_fault"": 1, ""race_cancel"": 1, ""store_outage"": 1}",{},77256,154,193,34,0.4352
kube-fake,none,1343,0,,,"{""crash"": 1, ""store_tx_fail"": 1}","{""submit.after_commit"": 1}",169663,108,123,23,0.2062
kube-fake,none,1344,0,,,"{""zombie"": 1}",{},234881,202,207,40,0.4924
kube-fake,none,1345,0,,,"{""node_down"": 1, ""observe_stale"": 1, ""store_outage"": 1, ""store_tx_fail"": 1}",{},119830,143,179,31,0.3548
kube-fake,none,1346,0,,,"{""cap_change"": 1, ""observe_stale"": 1, ""race_cancel"": 2, ""zombie"": 1}",{},74321,117,126,22,0.2075
kube-fake,none,1347,0,,,"{""observe_down"": 1, ""pod_evicted"": 1, ""policy_fault"": 1, ""race_cancel"": 1}",{},187200,210,245,40,0.5951
kube-fake,none,1348,0,,,"{""job_pending"": 1, ""observe_stale"": 1, ""race_cancel"": 1, ""store_tx_fail"": 1}",{},190469,202,238,40,0.5959
kube-fake,none,1349,0,,,"{""cap_change"": 1, ""observe_down"": 1, ""zombie"": 3}",{},153382,160,138,37,0.3513
kube-fake,none,1350,0,,,"{""crash"": 2, ""observe_down"": 1, ""observe_stale"": 1, ""pod_evicted"": 1, ""race_cancel"": 1}","{""ended.before_forget"": 1, ""start.after_commit"": 1}",90744,190,211,33,0.5089
kube-fake,none,1351,0,,,"{""crash"": 1, ""observe_down"": 1}","{""submit.after_commit"": 1}",116084,170,194,35,0.372
kube-fake,none,1352,0,,,"{""crash"": 1, ""pod_evicted"": 1, ""zombie"": 1}","{""start.after_call"": 1}",128926,140,127,29,0.2351
kube-fake,none,1353,0,,,"{""crash"": 1}","{""stopped.before_commit"": 1}",149554,172,194,33,0.4086
kube-fake,none,1354,0,,,"{""crash"": 1, ""observe_down"": 1}","{""start.after_commit"": 1}",146504,188,204,32,0.43
kube-fake,none,1355,0,,,"{""cap_change"": 1, ""policy_fault"": 1, ""store_tx_fail"": 1}",{},70420,208,230,38,0.5225
kube-fake,none,1356,0,,,"{""job_pending"": 2, ""race_cancel"": 1, ""store_outage"": 1}",{},242167,200,212,32,0.4182
kube-fake,none,1357,0,,,"{""crash"": 1, ""store_outage"": 2}","{""requeue.before_commit"": 1}",120464,136,167,30,0.3218
kube-fake,none,1358,0,,,"{""cap_change"": 1, ""job_pending"": 1, ""zombie"": 2}",{},61050,136,135,28,0.2785
kube-fake,none,1359,0,,,"{""observe_stale"": 1, ""race_cancel"": 1}",{},101163,131,155,25,0.2491
kube-fake,none,1360,0,,,"{""crash"": 2, ""observe_stale"": 1, ""race_cancel"": 1, ""store_tx_fail"": 1}","{""start.after_call"": 1, ""submit.after_commit"": 1}",156057,110,132,25,0.1843
kube-fake,none,1361,0,,,"{""cap_change"": 1, ""preempt"": 1, ""race_cancel"": 3, ""store_outage"": 1}",{},106822,144,178,30,0.2822
kube-fake,none,1362,0,,,"{""crash"": 1, ""observe_stale"": 1, ""policy_fault"": 1, ""preempt"": 1, ""store_tx_fail"": 1}","{""start.after_call"": 1}",167728,186,198,40,0.4696
kube-fake,none,1363,0,,,"{""crash"": 1, ""policy_fault"": 1}","{""ended.before_forget"": 1}",34452,84,99,21,0.1404
kube-fake,none,1364,0,,,"{""observe_down"": 2, ""store_outage"": 1}",{},183984,159,2141,33,2.6064
kube-fake,none,1365,0,,,"{""crash"": 1, ""observe_stale"": 1}","{""start.after_commit"": 1}",4946,106,124,23,0.1885
kube-fake,none,1366,0,,,"{""observe_down"": 1}",{},0,162,173,33,0.4606
kube-fake,none,1367,0,,,"{""cap_change"": 1, ""race_cancel"": 1, ""store_tx_fail"": 1}",{},120031,84,97,20,0.1408
kube-fake,none,1368,0,,,"{""api_errors"": 1, ""cap_change"": 1, ""observe_stale"": 1, ""race_cancel"": 1, ""store_tx_fail"": 1}",{},111245,180,186,37,0.446
kube-fake,none,1369,0,,,"{""observe_stale"": 1}",{},153117,184,205,40,0.512
kube-fake,none,1370,0,,,"{""crash"": 1, ""observe_down"": 1, ""observe_stale"": 1, ""policy_fault"": 1, ""race_cancel"": 1}","{""start.after_commit"": 1}",151627,249,257,40,0.8602
kube-fake,none,1371,0,,,"{""cap_change"": 1, ""observe_stale"": 1, ""store_tx_fail"": 1, ""zombie"": 1}",{},221280,156,152,33,0.4019
kube-fake,none,1372,0,,,"{""race_cancel"": 1}",{},173188,160,171,31,0.3837
kube-fake,none,1373,0,,,"{""zombie"": 1}",{},155317,140,125,31,0.3234
kube-fake,none,1374,0,,,"{""api_errors"": 1, ""node_down"": 1, ""observe_down"": 1, ""store_tx_fail"": 1, ""zombie"": 2}",{},99662,130,132,25,0.2655
kube-fake,none,1375,0,,,"{""crash"": 1, ""race_cancel"": 2, ""store_tx_fail"": 1}","{""start.after_commit"": 1}",113268,107,121,22,0.2365
kube-fake,none,1376,0,,,"{""crash"": 1, ""node_down"": 1, ""observe_down"": 1, ""observe_stale"": 2, ""zombie"": 1}","{""submit.after_commit"": 1}",132318,157,172,34,0.4774
kube-fake,none,1377,0,,,"{""cap_change"": 1, ""crash"": 1, ""preempt"": 1, ""race_cancel"": 1, ""zombie"": 1}","{""ended.before_forget"": 1}",169438,228,235,43,0.7145
kube-fake,none,1378,0,,,"{""api_errors"": 2, ""crash"": 1, ""observe_stale"": 1, ""store_tx_fail"": 1, ""zombie"": 1}","{""ended.before_forget"": 1}",60064,182,191,41,0.6056
kube-fake,none,1379,0,,,"{""job_pending"": 1}",{},110186,98,125,21,0.2427
kube-fake,none,1380,0,,,"{""crash"": 1, ""race_cancel"": 1, ""zombie"": 1}","{""stop.before_call"": 1}",139501,160,179,35,0.4535
kube-fake,none,1381,0,,,"{""crash"": 2, ""pod_evicted"": 1}","{""stopped.before_commit"": 2}",97787,120,131,24,0.3111
kube-fake,none,1382,0,,,"{""crash"": 1, ""pod_evicted"": 1, ""policy_fault"": 1, ""store_tx_fail"": 2, ""zombie"": 1}","{""start.after_call"": 1}",117300,176,198,37,0.4992
kube-fake,none,1383,0,,,"{""job_pending"": 1, ""observe_down"": 1, ""observe_stale"": 1, ""pod_evicted"": 1}",{},122855,143,167,23,0.4012
kube-fake,none,1384,0,,,"{""api_errors"": 1, ""crash"": 1, ""node_down"": 1, ""observe_down"": 1, ""observe_stale"": 1, ""store_tx_fail"": 1}","{""ended.before_forget"": 1}",184305,138,162,28,0.3648
kube-fake,none,1385,0,,,"{""cap_change"": 1, ""crash"": 3, ""observe_down"": 1, ""zombie"": 1}","{""start.after_call"": 1, ""stopped.before_commit"": 1, ""submit.after_commit"": 1}",0,158,164,30,0.4532
kube-fake,none,1386,0,,,"{""observe_down"": 1, ""observe_stale"": 2, ""pod_evicted"": 2, ""zombie"": 1}",{},128851,170,174,37,0.5468
kube-fake,none,1387,0,,,"{""crash"": 1, ""node_down"": 2, ""observe_stale"": 1, ""preempt"": 1, ""store_tx_fail"": 1}","{""ended.before_forget"": 1}",59525,178,189,25,0.4603
kube-fake,none,1388,0,,,"{""zombie"": 1}",{},129369,124,136,31,0.3173
kube-fake,none,1389,0,,,"{""api_errors"": 2, ""crash"": 2, ""node_down"": 1, ""race_cancel"": 1}","{""start.after_commit"": 1, ""submit.after_commit"": 1}",178814,183,208,38,0.541
kube-fake,none,1390,0,,,"{""cap_change"": 1, ""preempt"": 1, ""store_outage"": 1, ""zombie"": 2}",{},115666,206,164,41,9.2694
kube-fake,none,1391,0,,,"{""api_errors"": 2, ""store_outage"": 1}",{},18685,120,150,24,0.2807
kube-fake,none,1392,0,,,"{""zombie"": 1}",{},148868,172,176,35,0.5855
kube-fake,none,1393,0,,,"{""preempt"": 1, ""race_cancel"": 2, ""zombie"": 2}",{},168687,203,214,43,0.613
kube-fake,none,1394,0,,,"{""observe_down"": 1, ""observe_stale"": 1}",{},199000,200,216,38,0.6395
kube-fake,none,1395,0,,,"{""pod_evicted"": 2, ""store_outage"": 1}",{},174070,110,127,21,0.2155
kube-fake,none,1396,0,,,"{""observe_stale"": 1, ""preempt"": 1, ""zombie"": 1}",{},148852,136,142,27,0.3066
kube-fake,none,1397,0,,,"{""pod_evicted"": 1}",{},91086,132,142,26,0.338
kube-fake,none,1398,0,,,"{""crash"": 1, ""observe_down"": 1, ""race_cancel"": 1, ""zombie"": 1}","{""ended.before_forget"": 1}",211470,202,185,38,0.5443
kube-fake,none,1399,0,,,"{""crash"": 3, ""policy_fault"": 1, ""preempt"": 1}","{""ended.before_forget"": 1, ""start.after_call"": 1, ""submit.after_commit"": 1}",19632,116,129,25,0.2808
kube-fake,none,1400,0,,,"{""zombie"": 1}",{},134101,216,224,40,0.6863
kube-fake,none,1401,0,,,"{""api_errors"": 1, ""crash"": 1, ""observe_stale"": 1, ""preempt"": 1, ""race_cancel"": 1}","{""start.after_call"": 1}",169402,150,174,29,0.4487
kube-fake,none,1402,0,,,"{""crash"": 1, ""zombie"": 1}","{""start.after_commit"": 1}",163448,142,136,24,0.2895
kube-fake,none,1403,0,,,"{""observe_stale"": 1, ""pod_evicted"": 2, ""policy_fault"": 1}",{},44820,132,158,26,0.3215
kube-fake,none,1404,0,,,"{""observe_down"": 1, ""race_cancel"": 1, ""zombie"": 2}",{},25699,160,126,34,0.4408
kube-fake,none,1405,0,,,"{""crash"": 1, ""observe_stale"": 1, ""zombie"": 1}","{""start.after_commit"": 1}",94489,167,153,30,0.3564
kube-fake,none,1406,0,,,"{""api_errors"": 1, ""observe_stale"": 2, ""race_cancel"": 1}",{},42736,200,225,38,0.6545
kube-fake,none,1407,0,,,"{""api_errors"": 1, ""crash"": 1, ""node_down"": 1, ""pod_evicted"": 1, ""store_tx_fail"": 1}","{""start.after_commit"": 1}",97493,164,188,34,0.4213
kube-fake,none,1408,0,,,"{""cap_change"": 1, ""crash"": 1, ""observe_down"": 1}","{""start.after_call"": 1}",148667,152,177,30,0.3913
kube-fake,none,1409,0,,,"{""api_errors"": 1, ""zombie"": 1}",{},171851,194,187,41,0.5038
kube-fake,none,1410,0,,,"{""node_down"": 2, ""observe_stale"": 1, ""race_cancel"": 2}",{},176002,113,140,20,0.2396
kube-fake,none,1411,0,,,"{""store_tx_fail"": 1}",{},146402,166,205,37,0.4854
kube-fake,none,1412,0,,,"{""race_cancel"": 1}",{},71849,110,119,23,0.2899
kube-fake,none,1413,0,,,"{""store_outage"": 1}",{},104506,184,213,37,0.5593
kube-fake,none,1414,0,,,"{""observe_down"": 1, ""preempt"": 2, ""zombie"": 1}",{},70796,191,211,42,0.6666
kube-fake,none,1415,0,,,"{""crash"": 3, ""job_pending"": 2, ""observe_down"": 1}","{""requeue.before_commit"": 1, ""stop.before_call"": 1, ""stopped.before_commit"": 1}",303777,212,8790,36,8.9416
kube-fake,none,1416,0,,,"{""api_errors"": 1, ""cap_change"": 1, ""crash"": 1, ""pod_evicted"": 2}","{""submit.after_commit"": 1}",122141,188,201,37,0.5036
kube-fake,none,1417,0,,,"{""api_errors"": 2, ""crash"": 1, ""store_outage"": 1, ""zombie"": 1}","{""start.after_commit"": 1}",93436,100,124,23,0.2281
kube-fake,none,1418,0,,,"{""observe_stale"": 1, ""policy_fault"": 1}",{},153987,184,191,35,0.5786
kube-fake,none,1419,0,,,"{""cap_change"": 2, ""crash"": 1, ""job_pending"": 1, ""observe_down"": 2}","{""start.after_call"": 1}",131478,188,211,40,0.5933
kube-fake,none,1420,0,,,"{""node_down"": 1, ""observe_down"": 1, ""policy_fault"": 1}",{},119955,165,181,32,0.4755
kube-fake,none,1421,0,,,"{""job_pending"": 1}",{},166924,190,230,40,0.7288
kube-fake,none,1422,0,,,"{""cap_change"": 1, ""job_pending"": 1}",{},103550,152,176,32,0.4475
kube-fake,none,1423,0,,,"{""api_errors"": 1, ""cap_change"": 1, ""crash"": 1, ""observe_down"": 1, ""zombie"": 1}","{""start.after_call"": 1}",154431,158,167,33,0.4177
kube-fake,none,1424,0,,,"{""api_errors"": 1, ""observe_down"": 1}",{},14954,154,180,31,0.4581
kube-fake,none,1425,0,,,"{""crash"": 2, ""job_pending"": 1, ""node_down"": 1, ""observe_stale"": 1}","{""ended.before_forget"": 1, ""start.after_call"": 1}",153925,184,191,33,0.534
kube-fake,none,1426,0,,,"{""observe_stale"": 1, ""preempt"": 1, ""store_outage"": 1, ""store_tx_fail"": 1}",{},152728,94,115,20,0.1958
kube-fake,none,1427,0,,,"{""cap_change"": 1, ""job_pending"": 1, ""observe_down"": 1, ""policy_fault"": 1, ""preempt"": 1, ""race_cancel"": 1}",{},95776,125,166,26,0.3216
kube-fake,none,1428,0,,,"{""api_errors"": 1, ""zombie"": 1}",{},189299,160,151,32,0.4436
kube-fake,none,1429,0,,,"{""preempt"": 1}",{},128821,164,183,31,0.4959
kube-fake,none,1430,0,,,"{""cap_change"": 1, ""job_pending"": 1, ""pod_evicted"": 1, ""race_cancel"": 1}",{},170147,211,235,40,0.7604
kube-fake,none,1431,0,,,"{""api_errors"": 1, ""node_down"": 1, ""race_cancel"": 1, ""store_outage"": 1}",{},228017,153,184,28,0.4399
kube-fake,none,1432,0,,,"{""node_down"": 1, ""race_cancel"": 1, ""zombie"": 1}",{},162399,195,174,43,0.5136
kube-fake,none,1433,0,,,"{""cap_change"": 1, ""node_down"": 1, ""zombie"": 1}",{},99773,154,159,28,0.3724
kube-fake,none,1434,0,,,"{""api_errors"": 1, ""preempt"": 2, ""race_cancel"": 1}",{},16961,128,146,23,0.3301
kube-fake,none,1435,0,,,"{""observe_down"": 1, ""preempt"": 1, ""race_cancel"": 1, ""zombie"": 2}",{},20756,142,150,30,0.4136
kube-fake,none,1436,0,,,"{""crash"": 1, ""race_cancel"": 1, ""zombie"": 2}","{""requeue.before_commit"": 1}",78621,218,201,42,0.7026
kube-fake,none,1437,0,,,"{""race_cancel"": 1, ""store_outage"": 1}",{},79986,175,195,34,0.4954
kube-fake,none,1438,0,,,"{""crash"": 1, ""job_pending"": 1, ""node_down"": 1, ""observe_down"": 1, ""zombie"": 1}","{""ended.before_forget"": 1}",51446,187,196,33,0.5997
kube-fake,none,1439,0,,,"{""crash"": 1, ""pod_evicted"": 1, ""store_outage"": 2}","{""submit.after_commit"": 1}",152053,198,236,39,0.6103
kube-fake,none,1440,0,,,"{""observe_down"": 1, ""observe_stale"": 1, ""race_cancel"": 1, ""zombie"": 1}",{},121919,118,116,26,0.2037
kube-fake,none,1441,0,,,"{""observe_stale"": 1, ""pod_evicted"": 1, ""policy_fault"": 1}",{},31354,120,143,27,0.3152
kube-fake,none,1442,0,,,"{""cap_change"": 1, ""observe_stale"": 2, ""race_cancel"": 1}",{},43102,112,131,23,0.2317
kube-fake,none,1443,0,,,"{""api_errors"": 1, ""observe_down"": 2, ""race_cancel"": 2}",{},119815,222,258,40,0.6929
kube-fake,none,1444,0,,,"{""api_errors"": 1, ""crash"": 1, ""policy_fault"": 2}","{""ended.before_forget"": 1}",79661,194,211,38,0.6178
kube-fake,none,1445,0,,,"{""observe_stale"": 2}",{},74115,210,228,39,0.6532
kube-fake,none,1446,0,,,"{""observe_stale"": 2, ""race_cancel"": 1, ""store_tx_fail"": 1}",{},118881,150,176,29,0.349
kube-fake,none,1447,0,,,"{""pod_evicted"": 1}",{},158215,198,228,39,0.6002
kube-fake,none,1448,0,,,"{""race_cancel"": 1}",{},127464,197,204,36,0.5694
kube-fake,none,1449,0,,,"{""api_errors"": 1, ""cap_change"": 1, ""job_pending"": 1, ""policy_fault"": 1, ""race_cancel"": 1, ""zombie"": 1}",{},0,158,161,33,0.4131
kube-fake,none,1450,0,,,"{""job_pending"": 2, ""observe_down"": 1, ""pod_evicted"": 1}",{},103526,122,149,24,0.3129
kube-fake,none,1451,0,,,"{""api_errors"": 1, ""crash"": 1, ""job_pending"": 1, ""observe_down"": 1, ""preempt"": 1}","{""ended.before_forget"": 1}",166897,128,151,28,0.3144
kube-fake,none,1452,0,,,"{""observe_stale"": 1, ""policy_fault"": 1, ""zombie"": 2}",{},192561,236,230,42,0.8484
kube-fake,none,1453,0,,,"{""crash"": 2, ""observe_stale"": 2, ""race_cancel"": 1}","{""start.after_call"": 1, ""start.after_commit"": 1}",58436,140,163,26,0.3663
kube-fake,none,1454,0,,,"{""api_errors"": 1}",{},157706,120,136,26,0.2793
kube-fake,none,1455,0,,,"{""job_pending"": 1, ""node_down"": 1, ""store_outage"": 1}",{},82049,98,122,20,0.1919
kube-fake,none,1456,0,,,"{""preempt"": 1, ""zombie"": 1}",{},113626,198,160,43,0.5629
kube-fake,none,1457,0,,,"{""pod_evicted"": 1, ""race_cancel"": 1, ""store_outage"": 2, ""zombie"": 1}",{},73186,169,203,34,0.4589
kube-fake,none,1458,0,,,"{""node_down"": 1, ""store_outage"": 1}",{},69373,110,128,20,0.2169
kube-fake,none,1459,0,,,"{""observe_stale"": 2}",{},246995,192,212,40,0.6404
kube-fake,none,1460,0,,,"{""api_errors"": 1, ""crash"": 1, ""zombie"": 1}","{""ended.before_forget"": 1}",67612,100,95,21,0.1984
kube-fake,none,1461,0,,,"{""observe_stale"": 1}",{},139022,100,112,21,0.1954
kube-fake,none,1462,0,,,"{""cap_change"": 1, ""observe_stale"": 2, ""policy_fault"": 1, ""store_outage"": 1}",{},161436,162,202,30,0.4222
kube-fake,none,1463,0,,,"{""zombie"": 1}",{},139342,194,202,40,0.6259
kube-fake,none,1464,0,,,"{""cap_change"": 2, ""observe_stale"": 1, ""store_tx_fail"": 1}",{},0,106,122,21,0.2699
kube-fake,none,1465,0,,,"{""crash"": 1, ""observe_stale"": 1, ""policy_fault"": 1}","{""start.after_call"": 1}",32358,96,123,21,0.1931
kube-fake,none,1466,0,,,"{""pod_evicted"": 1, ""race_cancel"": 1}",{},86392,123,134,23,0.26
kube-fake,none,1467,0,,,"{""cap_change"": 1, ""job_pending"": 1, ""race_cancel"": 1, ""store_outage"": 1}",{},36580,168,195,33,0.4395
kube-fake,none,1468,0,,,"{""cap_change"": 1, ""crash"": 1}","{""start.after_commit"": 1}",0,183,208,35,0.5071
kube-fake,none,1469,0,,,"{""crash"": 1, ""job_pending"": 1, ""observe_down"": 1, ""policy_fault"": 1, ""store_tx_fail"": 1}","{""start.after_commit"": 1}",97897,104,130,23,0.2154
kube-fake,none,1470,0,,,"{""observe_stale"": 1, ""preempt"": 1, ""store_outage"": 1, ""store_tx_fail"": 1, ""zombie"": 1}",{},219100,186,209,36,0.5618
kube-fake,none,1471,0,,,"{""policy_fault"": 1}",{},97292,190,214,38,0.5494
kube-fake,none,1472,0,,,"{""observe_stale"": 1, ""pod_evicted"": 1, ""race_cancel"": 1}",{},12575,112,136,22,0.2294
kube-fake,none,1473,0,,,"{""api_errors"": 1, ""cap_change"": 1, ""observe_stale"": 2, ""preempt"": 1, ""zombie"": 1}",{},46683,158,169,32,0.4055
kube-fake,none,1474,0,,,"{""cap_change"": 1, ""crash"": 1, ""job_pending"": 1, ""preempt"": 1, ""race_cancel"": 1}","{""requeue.before_commit"": 1}",112618,131,151,21,0.2476
kube-fake,none,1475,0,,,"{""observe_stale"": 1, ""pod_evicted"": 1, ""preempt"": 2, ""race_cancel"": 1}",{},42576,150,171,28,0.4006
kube-fake,none,1476,0,,,"{""node_down"": 1}",{},49261,161,187,34,0.4434
kube-fake,none,1477,0,,,"{""crash"": 1, ""observe_stale"": 1, ""pod_evicted"": 1, ""store_outage"": 1, ""store_tx_fail"": 1}","{""start.after_call"": 1}",24352,170,198,33,0.5682
kube-fake,none,1478,0,,,"{""api_errors"": 1, ""node_down"": 2, ""preempt"": 1}",{},11544,116,140,26,0.323
kube-fake,none,1479,0,,,"{""api_errors"": 1, ""observe_down"": 1, ""observe_stale"": 2, ""store_tx_fail"": 1}",{},975,132,164,27,0.3885
kube-fake,none,1480,0,,,"{""store_outage"": 1}",{},159616,136,156,28,0.4051
kube-fake,none,1481,0,,,"{""api_errors"": 1, ""observe_down"": 1, ""preempt"": 1}",{},53286,109,122,23,0.2254
kube-fake,none,1482,0,,,"{""crash"": 1, ""observe_stale"": 1}","{""submit.after_commit"": 1}",175711,174,198,38,0.586
kube-fake,none,1483,0,,,"{""job_pending"": 1, ""node_down"": 1, ""race_cancel"": 2}",{},90771,111,143,24,0.3016
kube-fake,none,1484,0,,,"{""policy_fault"": 1}",{},99181,152,173,32,0.4281
kube-fake,none,1485,0,,,"{""store_outage"": 1}",{},64928,190,182,40,0.5149
kube-fake,none,1486,0,,,"{""crash"": 1, ""job_pending"": 1, ""observe_stale"": 1}","{""start.after_commit"": 1}",166693,178,208,35,0.5339
kube-fake,none,1487,0,,,"{""crash"": 1, ""observe_down"": 1, ""preempt"": 1}","{""submit.after_commit"": 1}",61670,106,126,22,0.2202
kube-fake,none,1488,0,,,"{""job_pending"": 1, ""observe_stale"": 1, ""policy_fault"": 1, ""race_cancel"": 1, ""store_outage"": 1}",{},75405,165,219,36,0.4919
kube-fake,none,1489,0,,,"{""cap_change"": 1, ""crash"": 2, ""node_down"": 1, ""observe_stale"": 1, ""store_tx_fail"": 1}","{""ended.before_forget"": 1, ""stopped.before_commit"": 1}",150510,105,136,20,0.2583
kube-fake,none,1490,0,,,"{""api_errors"": 1, ""observe_stale"": 1}",{},130132,144,167,30,0.3573
kube-fake,none,1491,0,,,"{""job_pending"": 1}",{},122719,188,204,37,0.52
kube-fake,none,1492,0,,,"{""preempt"": 1, ""store_tx_fail"": 1}",{},197854,106,121,23,0.2201
kube-fake,none,1493,0,,,"{""store_outage"": 1, ""zombie"": 2}",{},127183,168,175,31,0.4347
kube-fake,none,1494,0,,,"{""pod_evicted"": 1}",{},121439,114,130,23,0.2131
kube-fake,none,1495,0,,,"{""job_pending"": 1, ""race_cancel"": 1}",{},180275,89,123,22,0.2062
kube-fake,none,1496,0,,,"{""race_cancel"": 1, ""zombie"": 1}",{},166435,162,156,30,0.3931
kube-fake,none,1497,0,,,"{""cap_change"": 1, ""race_cancel"": 1}",{},158211,142,162,30,0.3201
kube-fake,none,1498,0,,,"{""job_pending"": 1, ""observe_down"": 2, ""observe_stale"": 2, ""policy_fault"": 1}",{},173194,200,224,38,0.5401
kube-fake,none,1499,0,,,"{""crash"": 1, ""job_pending"": 1, ""policy_fault"": 1}","{""ended.before_forget"": 1}",165762,166,177,33,0.4302
kube-fake,none,1500,0,,,"{""crash"": 1, ""observe_stale"": 1, ""preempt"": 1, ""store_outage"": 1}","{""submit.after_commit"": 1}",116289,208,232,38,0.5672
kube-fake,none,1501,0,,,{},{},72176,115,133,24,0.2275
kube-fake,none,1502,0,,,"{""crash"": 1, ""observe_down"": 1}","{""requeue.before_commit"": 1}",158605,138,158,24,0.297
kube-fake,none,1503,0,,,"{""api_errors"": 1, ""job_pending"": 1, ""observe_stale"": 1, ""race_cancel"": 1, ""store_outage"": 1}",{},67457,162,194,30,0.4294
kube-fake,none,1504,0,,,"{""job_pending"": 1, ""pod_evicted"": 1, ""zombie"": 1}",{},80527,116,104,24,0.1889
kube-fake,none,1505,0,,,"{""job_pending"": 2, ""observe_stale"": 1, ""race_cancel"": 1, ""store_outage"": 1, ""zombie"": 1}",{},143570,151,174,29,0.4402
kube-fake,none,1506,0,,,"{""crash"": 1, ""node_down"": 1, ""pod_evicted"": 1, ""race_cancel"": 1}","{""requeue.before_commit"": 1}",51840,198,225,39,0.5557
kube-fake,none,1507,0,,,"{""job_pending"": 1, ""observe_stale"": 1, ""store_outage"": 2}",{},193635,124,161,25,0.2528
kube-fake,none,1508,0,,,"{""job_pending"": 1}",{},105764,156,187,32,0.4035
kube-fake,none,1509,0,,,"{""store_outage"": 1}",{},74429,128,143,21,0.2407
kube-fake,none,1510,0,,,"{""pod_evicted"": 1, ""preempt"": 1, ""store_outage"": 1}",{},152567,144,165,30,0.2764
kube-fake,none,1511,0,,,"{""cap_change"": 1, ""crash"": 1, ""node_down"": 1, ""store_outage"": 1}","{""start.after_call"": 1}",157090,149,199,29,0.3379
kube-fake,none,1512,0,,,"{""crash"": 1, ""store_tx_fail"": 1}","{""start.after_call"": 1}",77199,106,124,21,0.1933
kube-fake,none,1513,0,,,"{""crash"": 2, ""job_pending"": 1, ""observe_down"": 2}","{""stopped.before_commit"": 1, ""submit.after_commit"": 1}",108391,242,255,32,0.7017
kube-fake,none,1514,0,,,"{""crash"": 1, ""observe_stale"": 1, ""preempt"": 1, ""race_cancel"": 1, ""store_tx_fail"": 1}","{""submit.after_commit"": 1}",99593,116,136,26,0.2415
kube-fake,none,1515,0,,,"{""cap_change"": 1, ""crash"": 1, ""observe_stale"": 3, ""race_cancel"": 1}","{""start.after_commit"": 1}",103560,150,174,30,0.3309
kube-fake,none,1516,0,,,"{""race_cancel"": 1, ""zombie"": 1}",{},178128,170,183,37,0.4178
kube-fake,none,1517,0,,,"{""api_errors"": 1, ""pod_evicted"": 1, ""preempt"": 1, ""race_cancel"": 1}",{},63632,146,163,29,0.2957
kube-fake,none,1518,0,,,"{""api_errors"": 1, ""cap_change"": 1, ""observe_stale"": 1, ""policy_fault"": 1, ""store_tx_fail"": 1}",{},42715,148,167,29,0.2983
kube-fake,none,1519,0,,,"{""race_cancel"": 1}",{},78170,192,228,39,0.5327
kube-fake,none,1520,0,,,"{""crash"": 3, ""job_pending"": 1, ""node_down"": 1, ""observe_down"": 1}","{""ended.before_forget"": 1, ""requeue.before_commit"": 1, ""start.after_commit"": 1}",146495,115,148,24,0.2551
kube-fake,none,1521,0,,,"{""crash"": 1, ""observe_down"": 2, ""observe_stale"": 1}","{""start.after_commit"": 1}",155978,172,206,34,0.4146
kube-fake,none,1522,0,,,"{""crash"": 1, ""policy_fault"": 1, ""store_outage"": 2}","{""start.after_call"": 1}",12433,99,119,22,0.1805
kube-fake,none,1523,0,,,"{""policy_fault"": 1, ""race_cancel"": 1, ""store_tx_fail"": 2}",{},153676,214,219,38,0.5475
kube-fake,none,1524,0,,,"{""crash"": 2, ""observe_stale"": 1, ""pod_evicted"": 1, ""preempt"": 1}","{""requeue.before_commit"": 1, ""stopped.before_commit"": 1}",73657,146,167,29,0.3311
kube-fake,none,1525,0,,,"{""cap_change"": 1, ""observe_stale"": 1}",{},126267,142,167,31,0.2768
kube-fake,none,1526,0,,,"{""api_errors"": 1, ""observe_down"": 2, ""observe_stale"": 1}",{},81062,162,195,30,0.387
kube-fake,none,1527,0,,,"{""observe_stale"": 1, ""pod_evicted"": 1}",{},176482,130,153,23,0.2509
kube-fake,none,1528,0,,,"{""pod_evicted"": 1}",{},93499,136,165,23,0.3186
kube-fake,none,1529,0,,,"{""pod_evicted"": 1}",{},15037,162,178,34,0.4265
kube-fake,none,1530,0,,,"{""node_down"": 1, ""observe_stale"": 3, ""store_tx_fail"": 1}",{},96678,115,134,22,0.208
kube-fake,none,1531,0,,,"{""crash"": 1, ""pod_evicted"": 1, ""policy_fault"": 1}","{""requeue.before_commit"": 1}",101426,124,134,26,0.2075
kube-fake,none,1532,0,,,"{""race_cancel"": 1}",{},181038,182,183,40,0.4233
kube-fake,none,1533,0,,,"{""crash"": 2, ""node_down"": 1, ""observe_stale"": 1, ""zombie"": 1}","{""ended.before_forget"": 1, ""start.after_commit"": 1}",249561,161,192,29,0.3314
kube-fake,none,1534,0,,,"{""job_pending"": 1, ""observe_down"": 1, ""policy_fault"": 2}",{},118506,138,180,27,0.332
kube-fake,none,1535,0,,,"{""job_pending"": 1}",{},177584,188,200,33,0.4468
kube-fake,none,1536,0,,,"{""crash"": 1, ""pod_evicted"": 1}","{""ended.before_forget"": 1}",174661,126,140,26,0.2288
kube-fake,none,1537,0,,,"{""cap_change"": 1, ""crash"": 1, ""node_down"": 3}","{""ended.before_forget"": 1}",116848,165,206,28,0.385
kube-fake,none,1538,0,,,"{""crash"": 2, ""observe_stale"": 1}","{""ended.before_forget"": 1, ""submit.after_commit"": 1}",227760,178,208,33,0.4206
kube-fake,none,1539,0,,,"{""crash"": 2, ""store_outage"": 1, ""zombie"": 1}","{""stop.before_call"": 1, ""submit.after_commit"": 1}",195719,237,235,42,0.6343
kube-fake,none,1540,0,,,"{""crash"": 1, ""observe_down"": 1, ""race_cancel"": 1, ""zombie"": 1}","{""stop.before_call"": 1}",143083,230,211,39,0.5609
kube-fake,none,1541,0,,,"{""policy_fault"": 1, ""store_tx_fail"": 1, ""zombie"": 1}",{},188341,126,124,26,0.265
kube-fake,none,1542,0,,,"{""api_errors"": 1, ""cap_change"": 1, ""crash"": 2, ""node_down"": 1}","{""stop.before_call"": 1, ""stopped.before_commit"": 1}",198317,167,195,30,0.3757
kube-fake,none,1543,0,,,"{""crash"": 3, ""node_down"": 1, ""observe_stale"": 1, ""race_cancel"": 1}","{""start.after_call"": 2, ""stop.before_call"": 1}",97969,129,145,23,0.2764
kube-fake,none,1544,0,,,"{""api_errors"": 1, ""crash"": 1, ""observe_stale"": 1, ""pod_evicted"": 1, ""zombie"": 1}","{""stopped.before_commit"": 1}",33706,154,161,30,0.2902
kube-fake,none,1545,0,,,"{""race_cancel"": 1}",{},147855,157,176,32,0.3685
kube-fake,none,1546,0,,,"{""crash"": 2, ""observe_stale"": 1, ""race_cancel"": 1, ""store_outage"": 1, ""store_tx_fail"": 1}","{""ended.before_forget"": 2}",75168,156,203,33,0.4513
kube-fake,none,1547,0,,,"{""crash"": 1, ""store_tx_fail"": 1}","{""ended.before_forget"": 1}",91548,136,139,28,0.2632
kube-fake,none,1548,0,,,"{""crash"": 1, ""race_cancel"": 2, ""store_outage"": 1, ""store_tx_fail"": 1}","{""stop.before_call"": 1}",159182,155,189,29,0.3432
kube-fake,none,1549,0,,,"{""observe_stale"": 1, ""pod_evicted"": 1, ""race_cancel"": 1}",{},85035,241,237,37,0.6829
kube-fake,none,1550,0,,,"{""cap_change"": 1, ""crash"": 1, ""job_pending"": 1, ""race_cancel"": 2}","{""start.after_commit"": 1}",122985,153,184,30,0.3631
kube-fake,none,1551,0,,,"{""preempt"": 1}",{},66602,128,131,30,0.2769
kube-fake,none,1552,0,,,"{""crash"": 1}","{""stopped.before_commit"": 1}",168402,146,165,31,0.3382
kube-fake,none,1553,0,,,"{""observe_down"": 1, ""pod_evicted"": 3, ""preempt"": 1}",{},52142,133,155,25,0.2884
kube-fake,none,1554,0,,,"{""job_pending"": 1}",{},198297,176,202,38,0.4915
kube-fake,none,1555,0,,,"{""node_down"": 1, ""race_cancel"": 1, ""store_tx_fail"": 1, ""zombie"": 1}",{},91916,237,221,35,0.581
kube-fake,none,1556,0,,,"{""crash"": 1, ""node_down"": 1, ""observe_stale"": 1, ""zombie"": 1}","{""requeue.before_commit"": 1}",145308,191,177,33,0.491
kube-fake,none,1557,0,,,{},{},154830,118,139,26,0.2802
kube-fake,none,1558,0,,,"{""observe_stale"": 1, ""store_tx_fail"": 1}",{},150106,162,180,30,0.4035
kube-fake,none,1559,0,,,"{""preempt"": 1, ""race_cancel"": 2}",{},67893,124,137,26,0.2451
kube-fake,none,1560,0,,,"{""crash"": 1, ""race_cancel"": 2}","{""requeue.before_commit"": 1}",114997,181,189,29,0.4332
kube-fake,none,1561,0,,,"{""pod_evicted"": 1, ""store_outage"": 1}",{},169395,204,230,37,0.561
kube-fake,none,1562,0,,,"{""node_down"": 1}",{},191167,258,244,40,0.7778
kube-fake,none,1563,0,,,"{""api_errors"": 1, ""node_down"": 1, ""observe_down"": 1, ""pod_evicted"": 1, ""preempt"": 1, ""store_outage"": 1}",{},9033,179,206,34,0.4722
kube-fake,none,1564,0,,,"{""cap_change"": 1, ""observe_down"": 1, ""policy_fault"": 1, ""store_outage"": 1}",{},80611,186,213,38,0.5474
kube-fake,none,1565,0,,,"{""cap_change"": 1, ""observe_stale"": 1}",{},192738,177,195,36,0.4004
kube-fake,none,1566,0,,,"{""cap_change"": 2, ""node_down"": 1, ""store_outage"": 1, ""store_tx_fail"": 2}",{},73536,101,124,21,0.2141
kube-fake,none,1567,0,,,"{""api_errors"": 1, ""crash"": 1, ""policy_fault"": 1}","{""start.after_commit"": 1}",167802,186,191,35,0.4719
kube-fake,none,1568,0,,,"{""job_pending"": 1, ""node_down"": 1, ""pod_evicted"": 1, ""store_tx_fail"": 1}",{},0,114,149,22,0.2223
kube-fake,none,1569,0,,,"{""crash"": 1, ""policy_fault"": 1, ""race_cancel"": 1, ""store_tx_fail"": 1, ""zombie"": 2}","{""stopped.before_commit"": 1}",142700,182,175,39,0.3403
kube-fake,none,1570,0,,,"{""node_down"": 3, ""observe_down"": 1, ""policy_fault"": 1}",{},114222,168,193,29,0.4414
kube-fake,none,1571,0,,,"{""observe_down"": 1, ""observe_stale"": 3, ""policy_fault"": 1, ""store_tx_fail"": 1}",{},5608,152,193,33,0.3944
kube-fake,none,1572,0,,,"{""pod_evicted"": 1, ""policy_fault"": 1, ""zombie"": 2}",{},106654,126,131,27,0.2573
kube-fake,none,1573,0,,,"{""preempt"": 1}",{},35844,96,108,22,0.1565
kube-fake,none,1574,0,,,"{""observe_down"": 1, ""observe_stale"": 1, ""store_tx_fail"": 1}",{},251567,215,217,37,0.5599
kube-fake,none,1575,0,,,"{""cap_change"": 1, ""preempt"": 1}",{},167874,154,164,31,0.3469
kube-fake,none,1576,0,,,"{""cap_change"": 2, ""observe_stale"": 1, ""race_cancel"": 1}",{},120227,204,219,35,0.4562
kube-fake,none,1577,0,,,"{""crash"": 1, ""pod_evicted"": 1, ""policy_fault"": 1, ""store_outage"": 1, ""store_tx_fail"": 1}","{""stopped.before_commit"": 1}",93729,158,181,35,0.4115
kube-fake,none,1578,0,,,"{""race_cancel"": 1}",{},219920,192,188,38,0.4751
kube-fake,none,1579,0,,,"{""crash"": 1, ""job_pending"": 1, ""store_outage"": 1}","{""ended.before_forget"": 1}",72792,144,186,28,0.2959
kube-fake,none,1580,0,,,"{""node_down"": 1, ""observe_down"": 1, ""preempt"": 1}",{},115807,189,215,36,0.4686
kube-fake,none,1581,0,,,"{""crash"": 1, ""job_pending"": 1, ""pod_evicted"": 1, ""race_cancel"": 1, ""zombie"": 1}","{""requeue.before_commit"": 1}",147207,126,152,24,0.2627
kube-fake,none,1582,0,,,"{""cap_change"": 1, ""crash"": 1, ""node_down"": 2, ""policy_fault"": 1}","{""stopped.before_commit"": 1}",173159,181,215,32,0.4489
kube-fake,none,1583,0,,,"{""observe_stale"": 1}",{},230051,174,199,34,0.4138
kube-fake,none,1584,0,,,"{""api_errors"": 2, ""crash"": 1, ""node_down"": 1, ""preempt"": 1, ""zombie"": 1}","{""submit.after_commit"": 1}",89671,166,194,35,0.4211
kube-fake,none,1585,0,,,"{""cap_change"": 1, ""zombie"": 2}",{},69317,142,112,34,0.3636
kube-fake,none,1586,0,,,"{""observe_down"": 1, ""race_cancel"": 1, ""store_outage"": 1}",{},64892,154,179,35,0.3643
kube-fake,none,1587,0,,,"{""observe_down"": 2, ""observe_stale"": 1, ""pod_evicted"": 1, ""store_tx_fail"": 1}",{},120975,134,169,29,0.4077
kube-fake,none,1588,0,,,"{""observe_stale"": 1, ""pod_evicted"": 1, ""store_tx_fail"": 1, ""zombie"": 1}",{},141227,144,149,26,0.2919
kube-fake,none,1589,0,,,"{""node_down"": 1}",{},190374,192,218,38,0.5941
kube-fake,none,1590,0,,,"{""node_down"": 1, ""observe_stale"": 1, ""race_cancel"": 2, ""zombie"": 1}",{},180219,202,209,36,0.5202
kube-fake,none,1591,0,,,"{""crash"": 1, ""job_pending"": 2, ""store_outage"": 1, ""store_tx_fail"": 2}","{""start.after_commit"": 1}",120042,166,205,36,0.5302
kube-fake,none,1592,0,,,"{""observe_stale"": 1, ""policy_fault"": 1, ""preempt"": 2, ""zombie"": 1}",{},185169,178,174,39,0.5227
kube-fake,none,1593,0,,,"{""race_cancel"": 1}",{},154407,172,191,35,0.4465
kube-fake,none,1594,0,,,"{""observe_stale"": 1}",{},145902,123,140,24,0.3096
kube-fake,none,1595,0,,,"{""cap_change"": 1, ""pod_evicted"": 1, ""store_outage"": 1}",{},157710,200,209,40,0.6103
kube-fake,none,1596,0,,,"{""race_cancel"": 1, ""zombie"": 1}",{},101216,142,132,26,0.317
kube-fake,none,1597,0,,,"{""crash"": 1, ""pod_evicted"": 1, ""store_outage"": 1}","{""start.after_commit"": 1}",69117,130,152,25,0.3236
kube-fake,none,1598,0,,,"{""pod_evicted"": 1, ""zombie"": 1}",{},54914,92,106,21,0.208
kube-fake,none,1599,0,,,"{""job_pending"": 1, ""observe_stale"": 1, ""store_outage"": 2, ""zombie"": 2}",{},191701,184,194,41,0.5778
kube-fake,none,1600,0,,,"{""crash"": 1, ""zombie"": 1}","{""start.after_call"": 1}",170998,124,131,26,0.2893
kube-fake,none,1601,0,,,"{""node_down"": 1, ""store_outage"": 1}",{},161758,176,211,28,0.5399
kube-fake,none,1602,0,,,"{""cap_change"": 1, ""crash"": 2, ""node_down"": 1, ""observe_down"": 1}","{""start.after_commit"": 1, ""stop.before_call"": 1}",52340,180,205,38,0.6296
kube-fake,none,1603,0,,,"{""pod_evicted"": 1}",{},250942,176,195,36,0.5534
kube-fake,none,1604,0,,,"{""node_down"": 2, ""observe_stale"": 1, ""store_tx_fail"": 1}",{},45081,104,128,20,0.2278
kube-fake,none,1605,0,,,"{""policy_fault"": 1}",{},188633,198,213,36,0.636
kube-fake,none,1606,0,,,"{""node_down"": 1, ""observe_stale"": 2, ""pod_evicted"": 1}",{},140252,150,174,34,0.4677
kube-fake,none,1607,0,,,"{""observe_down"": 1, ""observe_stale"": 4, ""race_cancel"": 1}",{},138810,184,220,39,0.649
kube-fake,none,1608,0,,,"{""crash"": 2, ""observe_down"": 1, ""store_tx_fail"": 1}","{""start.after_call"": 1, ""stop.before_call"": 1}",114374,190,222,40,0.6497
kube-fake,none,1609,0,,,"{""cap_change"": 1, ""crash"": 1, ""node_down"": 1, ""pod_evicted"": 1, ""race_cancel"": 1}","{""submit.after_commit"": 1}",0,111,126,20,0.245
kube-fake,none,1610,0,,,"{""crash"": 1, ""observe_stale"": 1}","{""stop.before_call"": 1}",96482,122,147,21,0.2823
kube-fake,none,1611,0,,,"{""crash"": 1, ""node_down"": 1, ""preempt"": 1}","{""requeue.before_commit"": 1}",73009,162,193,34,0.4689
kube-fake,none,1612,0,,,"{""cap_change"": 1, ""observe_down"": 1, ""pod_evicted"": 1, ""policy_fault"": 1}",{},76695,156,158,31,0.3582
kube-fake,none,1613,0,,,"{""api_errors"": 1, ""observe_stale"": 2, ""store_tx_fail"": 1}",{},115562,190,232,37,0.5503
kube-fake,none,1614,0,,,"{""api_errors"": 1, ""crash"": 2, ""race_cancel"": 1, ""store_tx_fail"": 1, ""zombie"": 1}","{""requeue.before_commit"": 1, ""start.after_call"": 1}",138323,86,100,20,0.1984
kube-fake,none,1615,0,,,"{""node_down"": 1, ""store_tx_fail"": 1, ""zombie"": 1}",{},114286,151,160,27,0.4059
kube-fake,none,1616,0,,,"{""pod_evicted"": 1, ""zombie"": 2}",{},168942,176,162,36,0.5637
kube-fake,none,1617,0,,,"{""api_errors"": 1, ""crash"": 1, ""race_cancel"": 1}","{""ended.before_forget"": 1}",121480,164,195,32,0.5432
kube-fake,none,1618,0,,,"{""cap_change"": 1, ""crash"": 1, ""node_down"": 1, ""store_outage"": 1, ""zombie"": 1}","{""ended.before_forget"": 1}",126098,126,146,27,0.2849
kube-fake,none,1619,0,,,"{""cap_change"": 1, ""crash"": 2, ""store_tx_fail"": 2}","{""requeue.before_commit"": 1, ""start.after_call"": 1}",35723,116,134,27,0.297
kube-fake,none,1620,0,,,"{""crash"": 1, ""store_outage"": 1, ""zombie"": 1}","{""stop.before_call"": 1}",139015,173,180,30,0.3859
kube-fake,none,1621,0,,,"{""node_down"": 1, ""observe_stale"": 1, ""race_cancel"": 1, ""zombie"": 1}",{},85291,160,160,31,0.4639
kube-fake,none,1622,0,,,"{""crash"": 2, ""preempt"": 1, ""race_cancel"": 2}","{""requeue.before_commit"": 1, ""submit.after_commit"": 1}",147422,154,177,31,0.488
kube-fake,none,1623,0,,,"{""api_errors"": 1, ""job_pending"": 1, ""pod_evicted"": 1, ""race_cancel"": 1, ""store_tx_fail"": 1}",{},149352,192,231,39,0.6763
kube-fake,none,1624,0,,,"{""observe_down"": 2}",{},131764,132,141,28,0.3575
kube-fake,none,1625,0,,,"{""api_errors"": 1, ""crash"": 1, ""observe_stale"": 1}","{""start.after_call"": 1}",140301,104,116,22,0.205
kube-fake,none,1626,0,,,"{""api_errors"": 1, ""observe_stale"": 1, ""pod_evicted"": 1}",{},23745,184,202,37,0.5823
kube-fake,none,1627,0,,,"{""api_errors"": 1, ""crash"": 1, ""node_down"": 1, ""observe_stale"": 1, ""race_cancel"": 1, ""zombie"": 1}","{""stopped.before_commit"": 1}",162513,219,243,44,0.8153
kube-fake,none,1628,0,,,"{""crash"": 3, ""observe_stale"": 1}","{""ended.before_forget"": 2, ""start.after_call"": 1}",83531,156,171,36,0.4446
kube-fake,none,1629,0,,,"{""race_cancel"": 1}",{},312311,136,152,28,0.3269
kube-fake,none,1630,0,,,"{""crash"": 1, ""job_pending"": 1, ""race_cancel"": 2}","{""stopped.before_commit"": 1}",75217,121,152,28,0.3322
kube-fake,none,1631,0,,,"{""observe_stale"": 1}",{},93334,114,133,21,0.2685
kube-fake,none,1632,0,,,"{""cap_change"": 1, ""observe_stale"": 1, ""store_outage"": 1, ""store_tx_fail"": 1}",{},112871,94,124,22,0.1997
kube-fake,none,1633,0,,,"{""cap_change"": 1, ""job_pending"": 1, ""store_tx_fail"": 1}",{},131199,156,169,31,0.4759
kube-fake,none,1634,0,,,"{""crash"": 1, ""observe_stale"": 1, ""store_tx_fail"": 2, ""zombie"": 1}","{""ended.before_forget"": 1}",213578,178,184,40,0.4874
kube-fake,none,1635,0,,,"{""store_tx_fail"": 2}",{},130855,189,212,34,0.5606
kube-fake,none,1636,0,,,"{""observe_stale"": 1, ""pod_evicted"": 1, ""policy_fault"": 1, ""preempt"": 1, ""race_cancel"": 1}",{},0,98,106,20,0.1802
kube-fake,none,1637,0,,,"{""zombie"": 1}",{},175956,164,171,32,0.3862
kube-fake,none,1638,0,,,"{""crash"": 1}","{""requeue.before_commit"": 1}",102771,150,173,34,0.493
kube-fake,none,1639,0,,,"{""race_cancel"": 1, ""store_tx_fail"": 1}",{},100960,189,210,37,0.5323
kube-fake,none,1640,0,,,"{""cap_change"": 1, ""crash"": 2, ""observe_stale"": 1}","{""requeue.before_commit"": 1, ""stopped.before_commit"": 1}",92414,198,242,39,0.638
kube-fake,none,1641,0,,,"{""crash"": 1, ""observe_stale"": 1, ""policy_fault"": 2}","{""start.after_commit"": 1}",78855,178,198,38,0.5144
kube-fake,none,1642,0,,,"{""race_cancel"": 2, ""store_tx_fail"": 1}",{},122977,127,149,23,0.2847
kube-fake,none,1643,0,,,"{""observe_stale"": 1, ""policy_fault"": 1, ""preempt"": 1}",{},26804,114,133,20,0.2537
kube-fake,none,1644,0,,,"{""node_down"": 1, ""observe_stale"": 1, ""zombie"": 1}",{},118609,227,238,44,0.704
kube-fake,none,1645,0,,,"{""cap_change"": 1, ""pod_evicted"": 1, ""preempt"": 1}",{},103653,231,228,37,0.7193
kube-fake,none,1646,0,,,"{""job_pending"": 1, ""observe_stale"": 1}",{},125576,178,197,38,0.4979
kube-fake,none,1647,0,,,"{""crash"": 1, ""observe_down"": 2}","{""stopped.before_commit"": 1}",139488,112,150,24,0.2722
kube-fake,none,1648,0,,,"{""job_pending"": 1, ""node_down"": 1, ""policy_fault"": 1, ""store_outage"": 2, ""zombie"": 1}",{},72276,144,164,27,0.3383
kube-fake,none,1649,0,,,"{""api_errors"": 1, ""crash"": 1, ""observe_down"": 1, ""observe_stale"": 1}","{""ended.before_forget"": 1}",105409,176,204,40,0.5163
kube-fake,none,1650,0,,,"{""job_pending"": 1}",{},81655,108,133,22,0.2349
kube-fake,none,1651,0,,,"{""cap_change"": 1, ""observe_down"": 1, ""observe_stale"": 1, ""zombie"": 1}",{},1898,148,145,31,0.3948
kube-fake,none,1652,0,,,"{""job_pending"": 1, ""observe_stale"": 1, ""policy_fault"": 1, ""race_cancel"": 1, ""store_outage"": 1}",{},98780,152,196,32,0.4921
kube-fake,none,1653,0,,,"{""api_errors"": 1, ""observe_stale"": 2}",{},31484,122,137,25,0.2971
kube-fake,none,1654,0,,,"{""crash"": 2, ""policy_fault"": 1}","{""requeue.before_commit"": 1, ""submit.after_commit"": 1}",293433,184,220,33,0.5759
kube-fake,none,1655,0,,,"{""preempt"": 1, ""store_outage"": 1}",{},168181,167,196,30,0.4613
kube-fake,none,1656,0,,,"{""crash"": 1, ""node_down"": 1}","{""start.after_commit"": 1}",101538,178,205,32,0.5115
kube-fake,none,1657,0,,,{},{},107055,110,134,25,0.2712
kube-fake,none,1658,0,,,"{""api_errors"": 1, ""pod_evicted"": 1}",{},90771,174,190,35,0.4819
kube-fake,none,1659,0,,,"{""node_down"": 1, ""policy_fault"": 1, ""preempt"": 1}",{},239036,186,190,28,0.5156
kube-fake,none,1660,0,,,"{""crash"": 1, ""node_down"": 1, ""preempt"": 1}","{""requeue.before_commit"": 1}",43438,130,155,27,0.3392
kube-fake,none,1661,0,,,"{""pod_evicted"": 2}",{},161353,277,238,39,0.886
kube-fake,none,1662,0,,,"{""policy_fault"": 1, ""zombie"": 1}",{},173216,168,157,29,0.397
kube-fake,none,1663,0,,,"{""store_outage"": 1}",{},141354,144,156,32,0.3584
kube-fake,none,1664,0,,,"{""store_outage"": 1}",{},145446,112,135,21,0.2667
kube-fake,none,1665,0,,,"{""node_down"": 1, ""store_tx_fail"": 1}",{},0,106,126,23,0.2388
kube-fake,none,1666,0,,,"{""observe_stale"": 1, ""zombie"": 2}",{},77298,182,180,38,0.4539
kube-fake,none,1667,0,,,"{""api_errors"": 1, ""pod_evicted"": 1, ""preempt"": 1, ""race_cancel"": 1, ""zombie"": 2}",{},108357,213,183,39,0.5658
kube-fake,none,1668,0,,,"{""crash"": 1, ""job_pending"": 1, ""observe_down"": 1, ""observe_stale"": 1, ""race_cancel"": 1, ""store_tx_fail"": 1}","{""start.after_call"": 1}",97128,208,217,39,0.605
kube-fake,none,1669,0,,,"{""job_pending"": 1, ""node_down"": 2, ""observe_stale"": 1, ""race_cancel"": 1, ""zombie"": 1}",{},0,100,106,26,0.2293
kube-fake,none,1670,0,,,"{""cap_change"": 2}",{},53878,136,160,27,0.355
kube-fake,none,1671,0,,,"{""job_pending"": 2}",{},82483,150,182,25,0.4411
kube-fake,none,1672,0,,,"{""cap_change"": 1, ""node_down"": 1, ""store_outage"": 1}",{},52680,108,133,21,0.226
kube-fake,none,1673,0,,,"{""api_errors"": 1, ""store_tx_fail"": 1}",{},71488,126,139,25,0.3066
kube-fake,none,1674,0,,,"{""crash"": 1, ""policy_fault"": 1}","{""start.after_call"": 1}",0,118,135,23,0.2834
kube-fake,none,1675,0,,,"{""api_errors"": 1, ""job_pending"": 1}",{},196188,156,165,29,0.4333
kube-fake,none,1676,0,,,"{""pod_evicted"": 1, ""race_cancel"": 1}",{},128655,133,153,24,0.3035
kube-fake,none,1677,0,,,"{""job_pending"": 1, ""node_down"": 1, ""observe_down"": 1, ""policy_fault"": 1}",{},31688,100,124,24,0.2319
kube-fake,none,1678,0,,,"{""crash"": 1, ""node_down"": 1, ""store_tx_fail"": 1, ""zombie"": 1}","{""start.after_commit"": 1}",180987,93,110,21,0.1787
kube-fake,none,1679,0,,,"{""node_down"": 1, ""observe_stale"": 1, ""race_cancel"": 1}",{},9048,134,156,29,0.3672
kube-fake,none,1680,0,,,"{""race_cancel"": 1}",{},118499,186,195,37,0.4973
kube-fake,none,1681,0,,,"{""policy_fault"": 1, ""store_tx_fail"": 1, ""zombie"": 2}",{},105318,148,148,34,0.3743
kube-fake,none,1682,0,,,"{""api_errors"": 1, ""observe_down"": 1, ""policy_fault"": 1, ""preempt"": 1}",{},211773,166,196,29,0.4256
kube-fake,none,1683,0,,,"{""observe_stale"": 1, ""preempt"": 1, ""zombie"": 1}",{},130125,142,145,29,0.3413
kube-fake,none,1684,0,,,"{""observe_stale"": 1, ""preempt"": 1, ""store_tx_fail"": 1, ""zombie"": 1}",{},126651,168,171,35,0.4472
kube-fake,none,1685,0,,,"{""cap_change"": 1, ""crash"": 1, ""job_pending"": 1, ""node_down"": 1, ""store_tx_fail"": 1}","{""start.after_call"": 1}",114395,178,220,34,0.5763
kube-fake,none,1686,0,,,"{""crash"": 1, ""job_pending"": 1, ""preempt"": 1, ""store_outage"": 1, ""zombie"": 1}","{""ended.before_forget"": 1}",114479,120,152,22,0.3225
kube-fake,none,1687,0,,,"{""api_errors"": 3, ""policy_fault"": 1}",{},56755,158,197,37,0.4969
kube-fake,none,1688,0,,,"{""policy_fault"": 1}",{},234188,186,177,34,0.514
kube-fake,none,1689,0,,,"{""crash"": 1, ""zombie"": 1}","{""submit.after_commit"": 1}",169007,128,134,29,0.3534
kube-fake,none,1690,0,,,"{""job_pending"": 1, ""observe_stale"": 2, ""pod_evicted"": 1}",{},56387,138,177,32,0.4112
kube-fake,none,1691,0,,,"{""preempt"": 1, ""store_tx_fail"": 1}",{},157144,170,191,32,0.4509
kube-fake,none,1692,0,,,"{""observe_stale"": 1, ""store_tx_fail"": 1}",{},69781,122,143,23,0.2758
kube-fake,none,1693,0,,,"{""cap_change"": 1, ""race_cancel"": 1}",{},101508,119,147,22,0.2777
kube-fake,none,1694,0,,,"{""api_errors"": 1, ""cap_change"": 1, ""job_pending"": 1, ""observe_stale"": 1, ""pod_evicted"": 1}",{},111200,118,153,24,0.2964
kube-fake,none,1695,0,,,"{""observe_stale"": 1, ""policy_fault"": 1, ""preempt"": 1}",{},26019,177,205,36,0.5353
kube-fake,none,1696,0,,,"{""store_tx_fail"": 1}",{},72519,164,189,32,0.5463
kube-fake,none,1697,0,,,"{""cap_change"": 1, ""crash"": 1, ""observe_stale"": 2, ""store_outage"": 1, ""zombie"": 1}","{""start.after_call"": 1}",188275,122,133,24,0.256
kube-fake,none,1698,0,,,"{""observe_down"": 1, ""policy_fault"": 1, ""preempt"": 1, ""race_cancel"": 1, ""store_outage"": 1}",{},189786,169,200,29,0.4583
kube-fake,none,1699,0,,,"{""pod_evicted"": 1, ""policy_fault"": 1, ""race_cancel"": 1, ""store_outage"": 1}",{},123610,110,136,21,0.2217
kube-fake,none,1700,0,,,"{""job_pending"": 1, ""race_cancel"": 2, ""zombie"": 1}",{},131778,198,192,44,0.6569
kube-fake,none,1701,0,,,"{""node_down"": 2, ""preempt"": 1, ""race_cancel"": 1, ""store_outage"": 1}",{},116079,126,159,21,0.2754
kube-fake,none,1702,0,,,"{""node_down"": 1, ""policy_fault"": 1}",{},124524,166,186,35,0.4717
kube-fake,none,1703,0,,,"{""job_pending"": 1, ""observe_down"": 1, ""observe_stale"": 1, ""race_cancel"": 1, ""zombie"": 1}",{},72919,204,243,38,0.7712
kube-fake,none,1704,0,,,"{""crash"": 1, ""node_down"": 1, ""store_outage"": 1, ""store_tx_fail"": 1}","{""stopped.before_commit"": 1}",5311,144,160,29,0.4047
kube-fake,none,1705,0,,,"{""crash"": 2, ""store_tx_fail"": 1}","{""requeue.before_commit"": 1, ""stop.before_call"": 1}",142579,154,184,34,0.4219
kube-fake,none,1706,0,,,"{""job_pending"": 1, ""policy_fault"": 1, ""race_cancel"": 1}",{},326566,174,204,31,0.4847
kube-fake,none,1707,0,,,"{""crash"": 1, ""observe_down"": 1, ""observe_stale"": 1, ""policy_fault"": 2}","{""submit.after_commit"": 1}",61677,180,219,39,0.6229
kube-fake,none,1708,0,,,"{""api_errors"": 1, ""crash"": 1, ""node_down"": 1, ""observe_stale"": 1, ""zombie"": 1}","{""start.after_call"": 1}",84052,153,151,27,0.3938
kube-fake,none,1709,0,,,"{""cap_change"": 1, ""crash"": 1, ""observe_stale"": 1, ""zombie"": 1}","{""stop.before_call"": 1}",87481,134,130,29,0.3058
kube-fake,none,1710,0,,,"{""job_pending"": 1, ""observe_down"": 1, ""observe_stale"": 1, ""race_cancel"": 1}",{},44681,110,136,26,0.2441
kube-fake,none,1711,0,,,"{""observe_stale"": 2, ""race_cancel"": 2, ""zombie"": 1}",{},133565,188,177,41,0.5025
kube-fake,none,1712,0,,,"{""node_down"": 1, ""observe_down"": 1, ""preempt"": 1}",{},0,96,112,20,0.2028
kube-fake,none,1713,0,,,"{""job_pending"": 1, ""node_down"": 1, ""observe_down"": 1, ""pod_evicted"": 1}",{},157492,209,245,40,0.7688
kube-fake,none,1714,0,,,"{""crash"": 1, ""job_pending"": 1, ""observe_down"": 2, ""observe_stale"": 1}","{""ended.before_forget"": 1}",39776,116,152,26,0.3124
kube-fake,none,1715,0,,,"{""api_errors"": 1, ""crash"": 1, ""node_down"": 1, ""observe_down"": 1, ""store_tx_fail"": 1, ""zombie"": 1}","{""start.after_call"": 1}",149050,168,169,35,0.4783
kube-fake,none,1716,0,,,"{""node_down"": 1, ""store_outage"": 1}",{},116143,218,278,38,0.7619
kube-fake,none,1717,0,,,"{""crash"": 1, ""store_tx_fail"": 1}","{""start.after_commit"": 1}",132399,94,111,20,0.1896
kube-fake,none,1718,0,,,"{""policy_fault"": 1}",{},0,130,149,27,0.3374
kube-fake,none,1719,0,,,"{""api_errors"": 1, ""job_pending"": 1, ""observe_down"": 2, ""observe_stale"": 1, ""store_tx_fail"": 1}",{},53254,120,143,23,0.2668
kube-fake,none,1720,0,,,"{""observe_stale"": 1, ""preempt"": 1}",{},45941,162,181,33,0.4445
kube-fake,none,1721,0,,,"{""crash"": 1, ""observe_stale"": 1, ""zombie"": 1}","{""start.after_call"": 1}",163951,216,192,38,0.6458
kube-fake,none,1722,0,,,"{""crash"": 1, ""node_down"": 1, ""observe_stale"": 2, ""store_outage"": 1}","{""start.after_commit"": 1}",0,100,136,20,0.2368
kube-fake,none,1723,0,,,{},{},128505,116,136,27,0.3182
kube-fake,none,1724,0,,,"{""job_pending"": 1, ""observe_stale"": 1, ""store_tx_fail"": 1}",{},95297,192,225,39,0.567
kube-fake,none,1725,0,,,"{""crash"": 3, ""observe_stale"": 1}","{""requeue.before_commit"": 1, ""start.after_call"": 1, ""start.after_commit"": 1}",300714,174,191,33,0.5169
kube-fake,none,1726,0,,,"{""crash"": 1, ""observe_stale"": 1}","{""stop.before_call"": 1}",110661,90,110,21,0.1877
kube-fake,none,1727,0,,,"{""store_outage"": 1}",{},210359,212,235,38,0.7104
kube-fake,none,1728,0,,,"{""job_pending"": 2, ""pod_evicted"": 1, ""race_cancel"": 1}",{},11400,212,261,39,0.6946
kube-fake,none,1729,0,,,"{""job_pending"": 1, ""observe_stale"": 2, ""pod_evicted"": 1, ""policy_fault"": 2}",{},99241,156,177,32,0.3999
kube-fake,none,1730,0,,,"{""job_pending"": 1}",{},155761,120,149,21,0.3487
kube-fake,none,1731,0,,,"{""api_errors"": 1, ""crash"": 3, ""observe_stale"": 1, ""race_cancel"": 1}","{""requeue.before_commit"": 2, ""submit.after_commit"": 1}",174304,132,156,27,0.365
kube-fake,none,1732,0,,,"{""race_cancel"": 1}",{},92875,122,138,23,0.2784
kube-fake,none,1733,0,,,"{""observe_stale"": 2, ""zombie"": 1}",{},42562,145,171,31,0.3824
kube-fake,none,1734,0,,,"{""cap_change"": 1, ""crash"": 1, ""node_down"": 1, ""pod_evicted"": 2, ""policy_fault"": 1}","{""submit.after_commit"": 1}",165689,151,182,30,0.412
kube-fake,none,1735,0,,,"{""store_outage"": 1, ""zombie"": 1}",{},250754,188,191,36,0.5062
kube-fake,none,1736,0,,,"{""cap_change"": 1, ""job_pending"": 1, ""policy_fault"": 1, ""preempt"": 1, ""race_cancel"": 1}",{},81375,121,142,24,0.2725
kube-fake,none,1737,0,,,"{""policy_fault"": 1}",{},141864,200,231,40,0.6434
kube-fake,none,1738,0,,,"{""cap_change"": 1, ""race_cancel"": 2}",{},76118,110,130,23,0.2465
kube-fake,none,1739,0,,,"{""observe_down"": 1}",{},77875,114,125,20,0.2088
kube-fake,none,1740,0,,,"{""observe_stale"": 1, ""policy_fault"": 1, ""zombie"": 1}",{},30215,119,125,24,0.2363
kube-fake,none,1741,0,,,"{""preempt"": 1, ""race_cancel"": 1, ""zombie"": 1}",{},44894,102,115,22,0.1786
kube-fake,none,1742,0,,,"{""observe_down"": 1}",{},300607,211,183,32,0.549
kube-fake,none,1743,0,,,"{""api_errors"": 1, ""crash"": 1, ""node_down"": 1, ""observe_stale"": 1, ""store_tx_fail"": 1}","{""stop.before_call"": 1}",59465,150,174,27,0.3498
kube-fake,none,1744,0,,,"{""job_pending"": 1}",{},201066,230,265,37,0.7419
kube-fake,none,1745,0,,,"{""store_tx_fail"": 1}",{},160137,146,163,26,0.3741
kube-fake,none,1746,0,,,"{""api_errors"": 1, ""job_pending"": 1, ""store_outage"": 1}",{},259754,191,227,39,0.5502
kube-fake,none,1747,0,,,"{""observe_down"": 1}",{},196331,199,198,35,0.6103
kube-fake,none,1748,0,,,"{""crash"": 1, ""pod_evicted"": 1, ""race_cancel"": 2}","{""ended.before_forget"": 1}",68736,165,186,33,0.4175
kube-fake,none,1749,0,,,"{""cap_change"": 1, ""crash"": 1, ""node_down"": 2, ""store_tx_fail"": 1}","{""requeue.before_commit"": 1}",109634,188,196,29,0.4979
kube-fake,none,1750,0,,,"{""node_down"": 1}",{},174822,158,178,30,0.4439
kube-fake,none,1751,0,,,"{""cap_change"": 1, ""job_pending"": 1, ""node_down"": 1, ""pod_evicted"": 1, ""race_cancel"": 2}",{},55929,143,191,29,0.3948
kube-fake,none,1752,0,,,"{""job_pending"": 1}",{},101150,132,155,28,0.3504
kube-fake,none,1753,0,,,"{""preempt"": 1, ""zombie"": 1}",{},175361,146,147,28,0.3818
kube-fake,none,1754,0,,,"{""job_pending"": 1}",{},163704,196,206,40,0.5877
kube-fake,none,1755,0,,,"{""api_errors"": 1, ""preempt"": 1, ""race_cancel"": 2, ""store_outage"": 1}",{},14217,150,182,31,0.4099
kube-fake,none,1756,0,,,"{""crash"": 1}","{""ended.before_forget"": 1}",111283,140,162,29,0.3564
kube-fake,none,1757,0,,,"{""race_cancel"": 2}",{},159920,198,218,36,0.6229
kube-fake,none,1758,0,,,"{""job_pending"": 1, ""observe_stale"": 1, ""zombie"": 1}",{},150807,104,133,20,0.2422
kube-fake,none,1759,0,,,"{""crash"": 1, ""policy_fault"": 1, ""store_tx_fail"": 1}","{""submit.after_commit"": 1}",163773,204,226,38,0.7269
kube-fake,none,1760,0,,,"{""api_errors"": 1, ""policy_fault"": 1}",{},140165,114,127,22,0.2489
kube-fake,none,1761,0,,,"{""cap_change"": 2, ""policy_fault"": 2, ""preempt"": 2}",{},55446,116,152,25,0.3234
kube-fake,none,1762,0,,,"{""crash"": 1, ""store_tx_fail"": 1}","{""start.after_call"": 1}",182718,156,167,34,0.3945
kube-fake,none,1763,0,,,"{""node_down"": 1, ""store_outage"": 1}",{},115205,189,203,35,0.4889
kube-fake,none,1764,0,,,"{""job_pending"": 1, ""observe_down"": 1, ""preempt"": 1}",{},154177,125,11963,24,13.9995
kube-fake,none,1765,0,,,"{""preempt"": 1, ""zombie"": 2}",{},72490,216,181,43,0.6621
kube-fake,none,1766,0,,,"{""crash"": 1, ""observe_stale"": 1, ""preempt"": 1, ""store_tx_fail"": 1}","{""submit.after_commit"": 1}",200480,114,129,21,0.2346
kube-fake,none,1767,0,,,"{""observe_down"": 1, ""observe_stale"": 2, ""pod_evicted"": 2, ""race_cancel"": 1}",{},89230,158,188,28,0.3783
kube-fake,none,1768,0,,,"{""node_down"": 2, ""observe_stale"": 1}",{},90835,223,227,33,0.6219
kube-fake,none,1769,0,,,"{""node_down"": 1, ""observe_stale"": 1, ""pod_evicted"": 1, ""race_cancel"": 2}",{},157458,135,148,29,0.3355
kube-fake,none,1770,0,,,"{""api_errors"": 1, ""crash"": 1, ""job_pending"": 1, ""pod_evicted"": 1}","{""stop.before_call"": 1}",184232,146,173,25,0.3847
kube-fake,none,1771,0,,,"{""preempt"": 1, ""store_tx_fail"": 1}",{},18136,150,159,26,0.3815
kube-fake,none,1772,0,,,"{""crash"": 2}","{""start.after_commit"": 1, ""submit.after_commit"": 1}",102069,170,193,40,0.5503
kube-fake,none,1773,0,,,"{""crash"": 1, ""store_outage"": 1, ""store_tx_fail"": 1, ""zombie"": 1}","{""start.after_commit"": 1}",109440,208,220,38,0.7152
kube-fake,none,1774,0,,,"{""crash"": 1, ""observe_down"": 1, ""race_cancel"": 1}","{""start.after_call"": 1}",87491,121,130,29,0.3076
kube-fake,none,1775,0,,,"{""api_errors"": 1}",{},79241,102,119,21,0.2165
kube-fake,none,1776,0,,,{},{},2084,134,157,25,0.3238
kube-fake,none,1777,0,,,"{""crash"": 1, ""observe_down"": 1, ""race_cancel"": 1}","{""stop.before_call"": 1}",0,188,220,39,0.6034
kube-fake,none,1778,0,,,{},{},108515,174,199,35,0.5134
kube-fake,none,1779,0,,,"{""cap_change"": 1, ""pod_evicted"": 1}",{},150820,218,221,37,0.6746
kube-fake,none,1780,0,,,"{""crash"": 2, ""store_outage"": 1, ""zombie"": 1}","{""start.after_call"": 1, ""stop.before_call"": 1}",244550,184,179,39,0.485
kube-fake,none,1781,0,,,"{""crash"": 1, ""job_pending"": 1, ""observe_down"": 1, ""store_outage"": 1}","{""start.after_commit"": 1}",107181,128,156,25,0.3195
kube-fake,none,1782,0,,,"{""crash"": 3, ""observe_down"": 1}","{""ended.before_forget"": 3}",57722,172,206,33,0.5686
kube-fake,none,1783,0,,,"{""job_pending"": 1, ""race_cancel"": 1, ""zombie"": 1}",{},188357,176,179,39,0.4491
kube-fake,none,1784,0,,,"{""cap_change"": 1, ""node_down"": 1, ""observe_stale"": 2, ""policy_fault"": 1, ""preempt"": 1}",{},63259,133,158,26,0.3053
kube-fake,none,1785,0,,,"{""observe_down"": 1}",{},114474,206,232,39,0.6408
kube-fake,none,1786,0,,,"{""observe_stale"": 1, ""store_outage"": 1}",{},86293,144,176,27,0.3319
kube-fake,none,1787,0,,,"{""observe_down"": 1, ""policy_fault"": 1}",{},80566,98,107,20,0.1649
kube-fake,none,1788,0,,,"{""cap_change"": 1, ""observe_stale"": 1, ""store_outage"": 2, ""store_tx_fail"": 1, ""zombie"": 1}",{},6984,189,210,30,0.4892
kube-fake,none,1789,0,,,"{""job_pending"": 1}",{},89102,141,154,28,0.3828
kube-fake,none,1790,0,,,"{""pod_evicted"": 1, ""policy_fault"": 1, ""race_cancel"": 1}",{},71387,129,152,24,0.2971
kube-fake,none,1791,0,,,"{""crash"": 1, ""observe_down"": 1, ""observe_stale"": 1, ""policy_fault"": 1, ""zombie"": 2}","{""start.after_call"": 1}",304792,248,221,45,0.7167
kube-fake,none,1792,0,,,"{""api_errors"": 1, ""node_down"": 1, ""observe_stale"": 2, ""store_outage"": 1}",{},70524,188,186,37,0.4375
kube-fake,none,1793,0,,,"{""observe_stale"": 1, ""zombie"": 2}",{},143384,169,150,33,0.4162
kube-fake,none,1794,0,,,"{""cap_change"": 1, ""observe_stale"": 1, ""policy_fault"": 1}",{},49794,126,144,27,0.2768
kube-fake,none,1795,0,,,"{""api_errors"": 1, ""cap_change"": 1, ""observe_stale"": 2, ""pod_evicted"": 1, ""policy_fault"": 1}",{},79077,122,150,26,0.2827
kube-fake,none,1796,0,,,"{""api_errors"": 1, ""crash"": 1, ""policy_fault"": 1, ""zombie"": 1}","{""start.after_call"": 1}",189897,148,165,33,0.348
kube-fake,none,1797,0,,,"{""job_pending"": 1, ""observe_down"": 1, ""observe_stale"": 1, ""preempt"": 1, ""zombie"": 1}",{},96808,149,175,30,0.3802
kube-fake,none,1798,0,,,"{""crash"": 2, ""observe_down"": 1, ""pod_evicted"": 1, ""race_cancel"": 1, ""store_tx_fail"": 1}","{""requeue.before_commit"": 1, ""start.after_commit"": 1}",29123,141,158,28,0.3187
kube-fake,none,1799,0,,,"{""api_errors"": 1, ""cap_change"": 1, ""pod_evicted"": 1, ""preempt"": 1}",{},0,194,211,38,0.5726
kube-fake,none,1800,0,,,"{""cap_change"": 1, ""crash"": 1, ""node_down"": 1, ""preempt"": 1, ""store_tx_fail"": 1}","{""start.after_call"": 1}",162565,187,212,31,0.4751
kube-fake,none,1801,0,,,"{""crash"": 1, ""job_pending"": 1, ""observe_down"": 1, ""pod_evicted"": 1, ""race_cancel"": 1}","{""stop.before_call"": 1}",197968,170,199,34,0.5029
kube-fake,none,1802,0,,,"{""api_errors"": 2, ""observe_stale"": 1, ""pod_evicted"": 1, ""store_outage"": 1}",{},161885,150,177,31,0.422
kube-fake,none,1803,0,,,"{""api_errors"": 1, ""crash"": 2, ""observe_down"": 1, ""pod_evicted"": 1}","{""ended.before_forget"": 1, ""start.after_call"": 1}",109027,110,125,22,0.2744
kube-fake,none,1804,0,,,"{""cap_change"": 2, ""crash"": 1, ""observe_stale"": 1, ""policy_fault"": 1, ""race_cancel"": 1}","{""start.after_commit"": 1}",53573,155,188,32,0.5035
kube-fake,none,1805,0,,,"{""api_errors"": 1, ""cap_change"": 1, ""crash"": 1, ""policy_fault"": 1, ""zombie"": 1}","{""ended.before_forget"": 1}",24445,146,152,29,0.3352
kube-fake,none,1806,0,,,"{""api_errors"": 2, ""preempt"": 1}",{},146193,122,134,25,0.2607
kube-fake,none,1807,0,,,"{""crash"": 1}","{""start.after_commit"": 1}",174250,142,148,28,0.3505
kube-fake,none,1808,0,,,"{""cap_change"": 1, ""policy_fault"": 1, ""race_cancel"": 1}",{},160379,143,163,31,0.3389
kube-fake,none,1809,0,,,"{""api_errors"": 1, ""crash"": 2, ""store_tx_fail"": 1}","{""start.after_commit"": 1, ""stopped.before_commit"": 1}",40767,104,128,22,0.2852
kube-fake,none,1810,0,,,"{""cap_change"": 1, ""crash"": 1}","{""requeue.before_commit"": 1}",97288,117,135,25,0.2687
kube-fake,none,1811,0,,,"{""crash"": 1, ""observe_stale"": 2}","{""stop.before_call"": 1}",130231,144,172,30,0.3386
kube-fake,none,1812,0,,,"{""crash"": 1, ""job_pending"": 1, ""node_down"": 1, ""observe_down"": 2, ""race_cancel"": 1}","{""submit.after_commit"": 1}",139107,121,153,25,0.2865
kube-fake,none,1813,0,,,"{""job_pending"": 1, ""preempt"": 2, ""race_cancel"": 2, ""zombie"": 1}",{},145389,232,231,41,0.7136
kube-fake,none,1814,0,,,"{""crash"": 1, ""observe_down"": 1, ""store_tx_fail"": 1, ""zombie"": 1}","{""ended.before_forget"": 1}",187251,178,179,34,0.4251
kube-fake,none,1815,0,,,"{""race_cancel"": 2}",{},57080,239,222,36,0.7151
kube-fake,none,1816,0,,,"{""job_pending"": 1, ""node_down"": 1, ""observe_down"": 1, ""policy_fault"": 1, ""preempt"": 1}",{},185237,262,254,39,0.8153
kube-fake,none,1817,0,,,"{""crash"": 1, ""race_cancel"": 1, ""store_outage"": 1, ""store_tx_fail"": 1, ""zombie"": 1}","{""start.after_call"": 1}",155953,199,198,40,0.5067
kube-fake,none,1818,0,,,"{""api_errors"": 1, ""crash"": 1, ""node_down"": 1, ""store_outage"": 1}","{""start.after_commit"": 1}",0,106,127,20,0.2
kube-fake,none,1819,0,,,"{""job_pending"": 1}",{},59659,120,148,25,0.2355
kube-fake,none,1820,0,,,"{""api_errors"": 1, ""crash"": 1, ""store_outage"": 1}","{""ended.before_forget"": 1}",42939,120,140,24,0.2601
kube-fake,none,1821,0,,,"{""preempt"": 1}",{},102815,182,192,39,0.5381
kube-fake,none,1822,0,,,"{""cap_change"": 1, ""pod_evicted"": 1, ""race_cancel"": 1, ""zombie"": 2}",{},72932,225,209,43,0.6615
kube-fake,none,1823,0,,,"{""pod_evicted"": 1, ""store_outage"": 1, ""zombie"": 1}",{},158004,237,242,41,0.6308
kube-fake,none,1824,0,,,"{""observe_stale"": 2, ""race_cancel"": 1}",{},191298,192,210,36,0.4446
kube-fake,none,1825,0,,,"{""cap_change"": 1, ""node_down"": 1, ""policy_fault"": 1, ""race_cancel"": 1, ""store_tx_fail"": 1}",{},47464,169,224,37,0.5051
kube-fake,none,1826,0,,,"{""crash"": 1, ""policy_fault"": 1}","{""start.after_commit"": 1}",166941,122,139,27,0.2513
kube-fake,none,1827,0,,,"{""observe_stale"": 1, ""pod_evicted"": 1, ""policy_fault"": 1, ""race_cancel"": 1, ""zombie"": 1}",{},127423,200,210,34,0.51
kube-fake,none,1828,0,,,"{""api_errors"": 1, ""observe_stale"": 1, ""race_cancel"": 2}",{},234967,124,132,24,0.2384
kube-fake,none,1829,0,,,"{""observe_down"": 1}",{},104602,163,191,31,0.396
kube-fake,none,1830,0,,,"{""job_pending"": 1, ""pod_evicted"": 1, ""preempt"": 1, ""race_cancel"": 1}",{},182292,151,179,26,0.2869
kube-fake,none,1831,0,,,"{""crash"": 1, ""zombie"": 1}","{""start.after_call"": 1}",176625,198,185,36,0.5275
kube-fake,none,1832,0,,,"{""observe_stale"": 1, ""zombie"": 1}",{},225866,116,114,23,0.2145
kube-fake,none,1833,0,,,"{""crash"": 1, ""job_pending"": 1, ""node_down"": 1, ""policy_fault"": 1, ""store_outage"": 1, ""zombie"": 1}","{""start.after_commit"": 1}",57699,215,225,35,0.4975
kube-fake,none,1834,0,,,"{""api_errors"": 1, ""crash"": 1, ""preempt"": 1, ""race_cancel"": 1, ""store_tx_fail"": 1}","{""ended.before_forget"": 1}",8361,185,203,32,0.426
kube-fake,none,1835,0,,,"{""cap_change"": 1}",{},37937,134,132,28,0.2852
kube-fake,none,1836,0,,,"{""store_tx_fail"": 1}",{},128874,104,125,23,0.1939
kube-fake,none,1837,0,,,"{""node_down"": 1, ""observe_stale"": 1}",{},238308,157,185,31,0.3296
kube-fake,none,1838,0,,,"{""race_cancel"": 1}",{},272722,120,136,20,0.2138
kube-fake,none,1839,0,,,"{""cap_change"": 1}",{},102427,106,125,21,0.1919
kube-fake,none,1840,0,,,"{""job_pending"": 1, ""node_down"": 1, ""observe_stale"": 2, ""store_outage"": 1}",{},129636,183,232,34,0.5769
kube-fake,none,1841,0,,,{},{},162684,104,125,22,0.231
kube-fake,none,1842,0,,,"{""job_pending"": 1, ""node_down"": 2, ""observe_stale"": 1, ""preempt"": 1}",{},198779,147,172,23,0.27
kube-fake,none,1843,0,,,"{""cap_change"": 1, ""crash"": 1, ""job_pending"": 1, ""race_cancel"": 2}","{""start.after_call"": 1}",46661,105,121,22,0.1924
kube-fake,none,1844,0,,,"{""crash"": 1, ""node_down"": 1, ""observe_stale"": 2, ""race_cancel"": 1, ""zombie"": 1}","{""start.after_call"": 1}",55638,131,128,24,0.2332
kube-fake,none,1845,0,,,"{""job_pending"": 1, ""node_down"": 1, ""observe_stale"": 2, ""pod_evicted"": 1, ""race_cancel"": 1}",{},2000,137,190,26,0.3401
kube-fake,none,1846,0,,,"{""node_down"": 1}",{},183798,182,204,35,0.476
kube-fake,none,1847,0,,,"{""observe_down"": 1, ""race_cancel"": 1}",{},70852,139,143,28,0.286
kube-fake,none,1848,0,,,"{""crash"": 2, ""pod_evicted"": 1, ""race_cancel"": 1}","{""ended.before_forget"": 2}",98462,114,129,22,0.2091
kube-fake,none,1849,0,,,"{""api_errors"": 1, ""job_pending"": 1}",{},117485,106,140,24,0.2444
kube-fake,none,1850,0,,,"{""observe_down"": 1, ""policy_fault"": 1, ""preempt"": 1}",{},57257,166,181,28,0.4075
kube-fake,none,1851,0,,,"{""crash"": 1, ""job_pending"": 1, ""pod_evicted"": 1, ""zombie"": 1}","{""stop.before_call"": 1}",100875,108,132,20,0.2128
kube-fake,none,1852,0,,,"{""crash"": 1, ""job_pending"": 1, ""store_outage"": 1, ""zombie"": 2}","{""requeue.before_commit"": 1}",135993,195,179,40,0.4576
kube-fake,none,1853,0,,,"{""api_errors"": 1, ""observe_down"": 1, ""pod_evicted"": 1, ""preempt"": 1}",{},9619,152,2501,32,2.9716
kube-fake,none,1854,0,,,"{""job_pending"": 1, ""store_tx_fail"": 1}",{},159736,128,159,30,0.2868
kube-fake,none,1855,0,,,"{""cap_change"": 1, ""crash"": 1, ""observe_stale"": 1, ""pod_evicted"": 1}","{""stop.before_call"": 1}",172439,100,112,20,0.1686
kube-fake,none,1856,0,,,"{""job_pending"": 1, ""node_down"": 1, ""policy_fault"": 1}",{},35725,110,123,22,0.2073
kube-fake,none,1857,0,,,"{""preempt"": 1}",{},135873,128,144,28,0.3398
kube-fake,none,1858,0,,,"{""cap_change"": 1, ""zombie"": 1}",{},133967,193,189,38,0.5467
kube-fake,none,1859,0,,,{},{},146643,152,169,30,0.3819
kube-fake,none,1860,0,,,"{""zombie"": 1}",{},129719,182,182,38,0.4685
kube-fake,none,1861,0,,,"{""api_errors"": 2, ""observe_stale"": 1, ""pod_evicted"": 1, ""race_cancel"": 1, ""zombie"": 1}",{},78789,176,190,35,0.502
kube-fake,none,1862,0,,,"{""api_errors"": 1, ""observe_down"": 1, ""pod_evicted"": 1, ""race_cancel"": 2, ""store_tx_fail"": 1}",{},165920,162,182,33,0.4069
kube-fake,none,1863,0,,,"{""cap_change"": 1, ""crash"": 1, ""observe_down"": 1, ""observe_stale"": 1, ""preempt"": 2}","{""start.after_call"": 1}",101711,192,222,38,0.5919
kube-fake,none,1864,0,,,"{""cap_change"": 1, ""crash"": 1, ""observe_down"": 1, ""zombie"": 2}","{""start.after_call"": 1}",392442,271,251,48,0.7575
kube-fake,none,1865,0,,,"{""policy_fault"": 1, ""race_cancel"": 1}",{},94589,137,160,27,0.3398
kube-fake,none,1866,0,,,"{""observe_down"": 1, ""observe_stale"": 1}",{},174297,106,130,21,0.1918
kube-fake,none,1867,0,,,"{""policy_fault"": 1}",{},161880,142,144,30,0.3054
kube-fake,none,1868,0,,,"{""crash"": 1}","{""requeue.before_commit"": 1}",158679,98,115,22,0.2033
kube-fake,none,1869,0,,,"{""crash"": 1, ""observe_stale"": 1, ""store_tx_fail"": 1}","{""submit.after_commit"": 1}",279240,194,211,31,0.5348
kube-fake,none,1870,0,,,"{""job_pending"": 1, ""observe_down"": 1, ""observe_stale"": 1, ""store_outage"": 1, ""zombie"": 1}",{},151718,194,222,36,0.5967
kube-fake,none,1871,0,,,"{""node_down"": 1, ""observe_stale"": 1, ""race_cancel"": 1}",{},167247,195,247,39,0.6088
kube-fake,none,1872,0,,,"{""cap_change"": 1, ""crash"": 1, ""race_cancel"": 1}","{""stopped.before_commit"": 1}",208051,208,230,39,0.724
kube-fake,none,1873,0,,,"{""api_errors"": 1, ""preempt"": 1}",{},143280,136,140,24,0.2752
kube-fake,none,1874,0,,,"{""observe_down"": 1}",{},257220,166,195,37,0.4802
kube-fake,none,1875,0,,,"{""crash"": 1}","{""requeue.before_commit"": 1}",164805,178,153,36,0.4593
kube-fake,none,1876,0,,,"{""observe_stale"": 1, ""zombie"": 3}",{},65931,192,189,42,0.603
kube-fake,none,1877,0,,,"{""pod_evicted"": 1, ""store_outage"": 1}",{},172512,144,168,30,0.3829
kube-fake,none,1878,0,,,"{""node_down"": 1, ""zombie"": 1}",{},145185,181,188,32,0.4863
kube-fake,none,1879,0,,,"{""pod_evicted"": 1, ""store_outage"": 2}",{},56724,172,208,36,0.5009
kube-fake,none,1880,0,,,"{""observe_down"": 1, ""preempt"": 1, ""store_outage"": 2}",{},141120,150,183,30,0.4227
kube-fake,none,1881,0,,,"{""job_pending"": 1, ""observe_stale"": 1, ""race_cancel"": 1, ""store_outage"": 1}",{},40789,138,186,29,0.4546
kube-fake,none,1882,0,,,"{""observe_down"": 1, ""race_cancel"": 1, ""store_tx_fail"": 1}",{},106696,180,211,38,0.5733
kube-fake,none,1883,0,,,"{""observe_stale"": 1}",{},158683,146,156,27,0.4092
kube-fake,none,1884,0,,,"{""crash"": 1, ""job_pending"": 1, ""pod_evicted"": 1, ""preempt"": 1, ""race_cancel"": 1, ""store_outage"": 1}","{""ended.before_forget"": 1}",124085,160,186,29,0.3829
kube-fake,none,1885,0,,,"{""crash"": 1, ""job_pending"": 1, ""node_down"": 1, ""race_cancel"": 1, ""zombie"": 2}","{""stop.before_call"": 1}",109109,213,184,37,0.6414
kube-fake,none,1886,0,,,"{""crash"": 2, ""policy_fault"": 1, ""store_outage"": 1}","{""ended.before_forget"": 1, ""start.after_call"": 1}",58944,160,186,31,0.4907
kube-fake,none,1887,0,,,"{""job_pending"": 1, ""policy_fault"": 1, ""store_outage"": 1, ""zombie"": 2}",{},54250,164,179,30,0.4561
kube-fake,none,1888,0,,,"{""store_outage"": 1}",{},99469,164,189,32,0.5253
kube-fake,none,1889,0,,,"{""pod_evicted"": 1, ""zombie"": 1}",{},144148,120,110,25,0.2575
kube-fake,none,1890,0,,,"{""api_errors"": 1, ""cap_change"": 1, ""node_down"": 1}",{},92927,109,132,22,0.252
kube-fake,none,1891,0,,,"{""cap_change"": 1, ""job_pending"": 1, ""observe_stale"": 1, ""preempt"": 1, ""store_outage"": 1}",{},78835,181,198,34,0.6058
kube-fake,none,1892,0,,,"{""crash"": 1, ""job_pending"": 1}","{""start.after_call"": 1}",158366,172,191,30,0.462
kube-fake,none,1893,0,,,"{""api_errors"": 1, ""crash"": 2, ""observe_down"": 1, ""observe_stale"": 1, ""race_cancel"": 1}","{""ended.before_forget"": 1, ""start.after_commit"": 1}",126904,107,136,24,0.2662
kube-fake,none,1894,0,,,"{""api_errors"": 1, ""policy_fault"": 1, ""race_cancel"": 1, ""store_outage"": 1, ""zombie"": 1}",{},158284,149,175,30,0.406
kube-fake,none,1895,0,,,"{""policy_fault"": 2}",{},120483,138,165,32,0.3681
kube-fake,none,1896,0,,,"{""observe_stale"": 2, ""race_cancel"": 1}",{},150925,168,195,33,0.4622
kube-fake,none,1897,0,,,"{""observe_stale"": 1, ""pod_evicted"": 1, ""policy_fault"": 1, ""race_cancel"": 1, ""store_outage"": 1, ""store_tx_fail"": 1}",{},128680,138,171,28,0.4005
kube-fake,none,1898,0,,,"{""store_outage"": 1, ""store_tx_fail"": 1}",{},125603,218,246,39,0.8416
kube-fake,none,1899,0,,,"{""pod_evicted"": 1, ""store_outage"": 1}",{},108965,108,137,22,0.2629
kube-fake,none,1900,0,,,"{""job_pending"": 1, ""node_down"": 1, ""observe_down"": 1, ""pod_evicted"": 1}",{},105321,123,172,26,0.3561
kube-fake,none,1901,0,,,"{""node_down"": 1, ""observe_down"": 1, ""observe_stale"": 1, ""pod_evicted"": 2, ""race_cancel"": 1}",{},67958,163,192,30,0.4695
kube-fake,none,1902,0,,,"{""observe_down"": 1, ""observe_stale"": 1}",{},184037,192,213,37,0.6448
kube-fake,none,1903,0,,,"{""observe_down"": 1, ""observe_stale"": 1, ""race_cancel"": 1, ""store_outage"": 1, ""zombie"": 2}",{},136718,251,242,46,0.8624
kube-fake,none,1904,0,,,"{""cap_change"": 1, ""crash"": 1}","{""start.after_call"": 1}",0,146,170,33,0.4177
kube-fake,none,1905,0,,,"{""node_down"": 1}",{},137694,117,144,21,0.2734
kube-fake,none,1906,0,,,"{""crash"": 1}","{""start.after_commit"": 1}",248454,180,199,33,0.5041
kube-fake,none,1907,0,,,"{""crash"": 1, ""policy_fault"": 1, ""zombie"": 2}","{""ended.before_forget"": 1}",0,134,109,25,0.3344
kube-fake,none,1908,0,,,"{""policy_fault"": 1, ""store_tx_fail"": 1}",{},157771,188,223,37,0.5715
kube-fake,none,1909,0,,,"{""preempt"": 1, ""race_cancel"": 1}",{},155795,108,124,20,0.2205
kube-fake,none,1910,0,,,"{""observe_stale"": 1}",{},106379,200,233,35,0.6559
kube-fake,none,1911,0,,,"{""crash"": 1, ""preempt"": 1}","{""ended.before_forget"": 1}",191435,200,221,40,0.6842
kube-fake,none,1912,0,,,"{""node_down"": 1, ""pod_evicted"": 1}",{},82605,154,176,28,0.4221
kube-fake,none,1913,0,,,"{""crash"": 1, ""node_down"": 1, ""observe_stale"": 1}","{""requeue.before_commit"": 1}",71969,128,147,26,0.3289
kube-fake,none,1914,0,,,"{""observe_down"": 1, ""pod_evicted"": 1, ""zombie"": 1}",{},134629,206,226,40,0.7316
kube-fake,none,1915,0,,,"{""node_down"": 2, ""zombie"": 1}",{},61770,102,103,22,0.2339
kube-fake,none,1916,0,,,"{""observe_stale"": 1}",{},238148,172,195,36,0.516
kube-fake,none,1917,0,,,"{""crash"": 1, ""observe_down"": 1, ""observe_stale"": 1, ""race_cancel"": 1, ""zombie"": 1}","{""stopped.before_commit"": 1}",170008,194,209,41,0.6043
kube-fake,none,1918,0,,,"{""observe_stale"": 1, ""policy_fault"": 1, ""store_outage"": 1}",{},161897,133,164,23,0.3252
kube-fake,none,1919,0,,,"{""api_errors"": 2, ""cap_change"": 1, ""crash"": 1, ""store_outage"": 1, ""zombie"": 1}","{""start.after_commit"": 1}",117552,212,219,37,0.6829
kube-fake,none,1920,0,,,"{""crash"": 1, ""race_cancel"": 1, ""store_outage"": 1}","{""submit.after_commit"": 1}",179169,196,238,39,0.6592
kube-fake,none,1921,0,,,"{""observe_stale"": 1, ""pod_evicted"": 1, ""preempt"": 1}",{},205377,202,203,38,0.6019
kube-fake,none,1922,0,,,"{""api_errors"": 1}",{},153257,164,186,35,0.5474
kube-fake,none,1923,0,,,"{""observe_stale"": 1}",{},173789,218,237,40,0.7589
kube-fake,none,1924,0,,,"{""api_errors"": 1}",{},203305,180,183,40,0.5402
kube-fake,none,1925,0,,,"{""cap_change"": 1, ""observe_down"": 1, ""race_cancel"": 1, ""store_outage"": 1}",{},121150,126,151,26,0.36
kube-fake,none,1926,0,,,"{""node_down"": 1, ""policy_fault"": 1, ""race_cancel"": 1, ""store_outage"": 1, ""zombie"": 1}",{},49646,189,211,31,0.5372
kube-fake,none,1927,0,,,"{""crash"": 1, ""pod_evicted"": 1, ""policy_fault"": 1, ""race_cancel"": 1, ""zombie"": 1}","{""start.after_call"": 1}",69851,173,191,35,0.4862
kube-fake,none,1928,0,,,"{""api_errors"": 1, ""job_pending"": 1, ""pod_evicted"": 1, ""policy_fault"": 1, ""race_cancel"": 1, ""store_outage"": 1}",{},58770,133,183,24,0.4062
kube-fake,none,1929,0,,,"{""job_pending"": 1, ""policy_fault"": 1, ""zombie"": 2}",{},75062,130,89,27,0.2882
kube-fake,none,1930,0,,,"{""cap_change"": 1, ""crash"": 2, ""store_tx_fail"": 1}","{""stop.before_call"": 2}",95670,134,158,26,0.3819
kube-fake,none,1931,0,,,"{""cap_change"": 1, ""crash"": 3, ""observe_down"": 1, ""store_tx_fail"": 1}","{""requeue.before_commit"": 1, ""stop.before_call"": 1, ""stopped.before_commit"": 1}",288542,214,240,35,0.8173
kube-fake,none,1932,0,,,"{""cap_change"": 2, ""observe_stale"": 2, ""zombie"": 1}",{},121271,174,185,35,0.5845
kube-fake,none,1933,0,,,"{""zombie"": 1}",{},159095,179,175,33,0.5811
kube-fake,none,1934,0,,,"{""job_pending"": 2}",{},108889,158,195,32,0.5308
kube-fake,none,1935,0,,,"{""crash"": 2, ""job_pending"": 1, ""node_down"": 1, ""pod_evicted"": 1, ""store_tx_fail"": 1}","{""ended.before_forget"": 1, ""start.after_commit"": 1}",76805,148,185,28,0.4267
kube-fake,none,1936,0,,,"{""job_pending"": 1, ""node_down"": 1, ""policy_fault"": 1, ""race_cancel"": 1}",{},257134,164,196,31,0.5819
kube-fake,none,1937,0,,,"{""api_errors"": 1, ""zombie"": 1}",{},193569,195,169,36,0.5616
kube-fake,none,1938,0,,,"{""api_errors"": 1, ""cap_change"": 1, ""node_down"": 1, ""store_tx_fail"": 1}",{},46370,195,229,39,0.7813
kube-fake,none,1939,0,,,"{""api_errors"": 1, ""crash"": 1, ""job_pending"": 1, ""observe_stale"": 1, ""preempt"": 1, ""store_outage"": 1}","{""stopped.before_commit"": 1}",113455,197,246,38,0.8262
kube-fake,none,1940,0,,,"{""crash"": 1, ""preempt"": 1, ""zombie"": 1}","{""start.after_call"": 1}",36893,180,197,38,0.6248
kube-fake,none,1941,0,,,"{""job_pending"": 1, ""observe_stale"": 1, ""preempt"": 1}",{},173834,162,177,33,0.4923
kube-fake,none,1942,0,,,"{""policy_fault"": 1, ""zombie"": 1}",{},87786,120,126,25,0.2876
kube-fake,none,1943,0,,,"{""crash"": 1, ""node_down"": 1, ""observe_stale"": 1}","{""requeue.before_commit"": 1}",2006,170,192,28,0.484
kube-fake,none,1944,0,,,"{""crash"": 1, ""store_outage"": 1, ""zombie"": 1}","{""start.after_call"": 1}",29926,174,192,32,0.5479
kube-fake,none,1945,0,,,"{""race_cancel"": 1}",{},167641,170,186,33,0.5579
kube-fake,none,1946,0,,,"{""store_tx_fail"": 1}",{},0,112,121,22,0.2416
kube-fake,none,1947,0,,,"{""cap_change"": 1, ""job_pending"": 1, ""policy_fault"": 1, ""store_tx_fail"": 1}",{},95800,150,175,27,0.3925
kube-fake,none,1948,0,,,"{""crash"": 1, ""policy_fault"": 1, ""zombie"": 1}","{""submit.after_commit"": 1}",39039,178,197,39,0.5762
kube-fake,none,1949,0,,,"{""crash"": 1, ""observe_stale"": 1, ""race_cancel"": 1, ""store_outage"": 1, ""zombie"": 1}","{""stopped.before_commit"": 1}",191061,200,212,37,0.5616
kube-fake,none,1950,0,,,"{""job_pending"": 1, ""observe_down"": 1}",{},115682,134,151,23,0.3364
kube-fake,none,1951,0,,,"{""policy_fault"": 2, ""preempt"": 1, ""store_tx_fail"": 2}",{},157476,174,210,38,0.5454
kube-fake,none,1952,0,,,"{""job_pending"": 1, ""race_cancel"": 3}",{},176870,136,173,29,0.4291
kube-fake,none,1953,0,,,"{""crash"": 1, ""observe_stale"": 1, ""store_outage"": 1}","{""start.after_commit"": 1}",101933,188,215,36,0.6
kube-fake,none,1954,0,,,"{""observe_down"": 2, ""zombie"": 1}",{},5000,108,120,25,0.2414
kube-fake,none,1955,0,,,"{""cap_change"": 1, ""crash"": 2, ""preempt"": 1, ""race_cancel"": 1, ""zombie"": 1}","{""ended.before_forget"": 1, ""start.after_call"": 1}",171645,213,216,40,0.7766
kube-fake,none,1956,0,,,"{""node_down"": 1, ""observe_down"": 1}",{},119583,153,6890,28,9.2637
kube-fake,none,1957,0,,,"{""api_errors"": 2, ""cap_change"": 1, ""crash"": 1, ""observe_stale"": 1}","{""start.after_call"": 1}",106499,190,208,32,0.5536
kube-fake,none,1958,0,,,"{""cap_change"": 1, ""observe_down"": 1, ""observe_stale"": 1, ""race_cancel"": 1}",{},46312,228,215,34,0.7422
kube-fake,none,1959,0,,,"{""job_pending"": 1, ""observe_stale"": 1, ""policy_fault"": 1, ""store_outage"": 1, ""zombie"": 1}",{},75413,166,166,33,0.4431
kube-fake,none,1960,0,,,"{""cap_change"": 1, ""job_pending"": 2, ""zombie"": 1}",{},169462,118,111,24,0.2764
kube-fake,none,1961,0,,,"{""job_pending"": 1, ""observe_down"": 1, ""policy_fault"": 2, ""store_outage"": 1, ""store_tx_fail"": 1}",{},168221,186,244,37,0.7027
kube-fake,none,1962,0,,,"{""job_pending"": 2, ""observe_down"": 1, ""preempt"": 2, ""race_cancel"": 1}",{},99578,192,214,39,0.5831
kube-fake,none,1963,0,,,"{""store_outage"": 1}",{},101655,148,173,27,0.4198
kube-fake,none,1964,0,,,"{""api_errors"": 2, ""store_outage"": 1}",{},120607,138,176,27,0.3646
kube-fake,none,1965,0,,,"{""policy_fault"": 1}",{},75704,150,188,32,0.425
kube-fake,none,1966,0,,,"{""observe_stale"": 2, ""race_cancel"": 1}",{},144095,198,218,39,0.6117
kube-fake,none,1967,0,,,"{""api_errors"": 1, ""cap_change"": 1, ""crash"": 1, ""job_pending"": 1, ""pod_evicted"": 1, ""zombie"": 1}","{""start.after_commit"": 1}",20671,172,164,37,0.4301
kube-fake,none,1968,0,,,"{""crash"": 1, ""observe_stale"": 1}","{""submit.after_commit"": 1}",78645,140,176,32,0.3827
kube-fake,none,1969,0,,,"{""preempt"": 1, ""race_cancel"": 1, ""zombie"": 2}",{},141379,156,141,32,0.3079
kube-fake,none,1970,0,,,"{""api_errors"": 1, ""cap_change"": 1, ""observe_stale"": 1}",{},154081,186,206,38,0.583
kube-fake,none,1971,0,,,"{""api_errors"": 1, ""race_cancel"": 2, ""store_outage"": 1}",{},121496,114,140,24,0.2364
kube-fake,none,1972,0,,,"{""cap_change"": 1, ""crash"": 1, ""job_pending"": 1, ""race_cancel"": 1}","{""ended.before_forget"": 1}",66100,151,144,29,0.3309
kube-fake,none,1973,0,,,"{""store_tx_fail"": 1}",{},123318,126,143,30,0.278
kube-fake,none,1974,0,,,"{""crash"": 1, ""observe_down"": 1, ""race_cancel"": 1, ""store_outage"": 1}","{""stopped.before_commit"": 1}",122851,122,151,23,0.2441
kube-fake,none,1975,0,,,"{""node_down"": 1}",{},128729,192,207,40,0.6117
kube-fake,none,1976,0,,,"{""job_pending"": 1, ""observe_stale"": 1}",{},93950,112,132,25,0.2712
kube-fake,none,1977,0,,,"{""job_pending"": 1, ""node_down"": 1, ""observe_down"": 1, ""observe_stale"": 1, ""zombie"": 2}",{},91282,151,148,28,0.3932
kube-fake,none,1978,0,,,"{""observe_down"": 1}",{},184258,154,180,30,0.3657
kube-fake,none,1979,0,,,"{""crash"": 1, ""observe_stale"": 1, ""pod_evicted"": 1, ""policy_fault"": 1, ""race_cancel"": 1, ""store_outage"": 1}","{""start.after_commit"": 1}",39012,132,170,30,0.3806
kube-fake,none,1980,0,,,"{""preempt"": 1, ""store_outage"": 1}",{},127630,204,229,36,0.6062
kube-fake,none,1981,0,,,"{""cap_change"": 1, ""job_pending"": 1, ""policy_fault"": 1}",{},173921,196,236,38,0.6564
kube-fake,none,1982,0,,,"{""api_errors"": 1, ""job_pending"": 1, ""policy_fault"": 1, ""zombie"": 2}",{},112603,140,140,27,0.3133
kube-fake,none,1983,0,,,"{""job_pending"": 1, ""race_cancel"": 1}",{},33836,119,134,26,0.2769
kube-fake,none,1984,0,,,"{""api_errors"": 1, ""cap_change"": 1, ""observe_down"": 1, ""pod_evicted"": 1, ""zombie"": 1}",{},172418,132,143,28,0.3656
kube-fake,none,1985,0,,,"{""race_cancel"": 1}",{},118012,107,121,23,0.2287
kube-fake,none,1986,0,,,"{""observe_down"": 1, ""pod_evicted"": 1, ""race_cancel"": 1, ""store_outage"": 1}",{},143989,95,119,21,0.1996
kube-fake,none,1987,0,,,"{""api_errors"": 1, ""pod_evicted"": 1}",{},103943,102,123,20,0.2132
kube-fake,none,1988,0,,,"{""api_errors"": 1, ""cap_change"": 1}",{},151779,136,164,32,0.3398
kube-fake,none,1989,0,,,"{""crash"": 1, ""job_pending"": 1, ""pod_evicted"": 1, ""race_cancel"": 1}","{""stopped.before_commit"": 1}",95079,136,170,29,0.316
kube-fake,none,1990,0,,,"{""crash"": 2, ""observe_down"": 1, ""observe_stale"": 1, ""pod_evicted"": 1, ""zombie"": 1}","{""ended.before_forget"": 1, ""start.after_call"": 1}",106795,162,167,28,0.3651
kube-fake,none,1991,0,,,"{""policy_fault"": 1}",{},94639,150,168,28,0.3977
kube-fake,none,1992,0,,,"{""observe_stale"": 1}",{},83685,114,131,23,0.2404
kube-fake,none,1993,0,,,"{""crash"": 2}","{""ended.before_forget"": 2}",174751,182,208,32,0.4849
kube-fake,none,1994,0,,,"{""observe_stale"": 1}",{},179831,116,143,24,0.2151
kube-fake,none,1995,0,,,"{""pod_evicted"": 1, ""preempt"": 2, ""zombie"": 2}",{},153494,137,131,28,0.2818
kube-fake,none,1996,0,,,"{""store_outage"": 1, ""zombie"": 2}",{},246088,204,191,42,0.5945
kube-fake,none,1997,0,,,"{""crash"": 1, ""zombie"": 1}","{""ended.before_forget"": 1}",128289,110,108,23,0.2228
kube-fake,none,1998,0,,,"{""api_errors"": 1}",{},164750,235,239,39,0.5924
kube-fake,none,1999,0,,,"{""cap_change"": 1, ""job_pending"": 1, ""observe_stale"": 1, ""store_outage"": 1, ""zombie"": 1}",{},38698,142,164,28,0.3635
kube-fake,none,2000,0,,,"{""crash"": 1, ""observe_down"": 1, ""pod_evicted"": 1, ""race_cancel"": 1}","{""start.after_call"": 1}",50378,203,228,38,0.6309
kube-fake,release_at_stop,1,2,I5,"replay differs from the tables: books differ: table {('team-a', 'r0-n00'): (4, 48, 384000), ('team-a', 'r0-n01'): (8, 96, 768000), ('team-c', 'r1-n00'): (8, 96,",{},{},,30,30,9,0.0451
kube-fake,release_at_stop,2,2,I5,"replay differs from the tables: books differ: table {('team-a', 'r0-n00'): (4, 48, 384000), ('team-a', 'r1-n01'): (2, 24, 192000), ('team-c', 'r0-n00'): (4, 48,","{""policy_fault"": 1}",{},,39,38,12,0.0638
kube-fake,release_at_stop,3,2,I5,"replay differs from the tables: books differ: table {('team-a', 'r0-n00'): (4, 48, 384000), ('team-c', 'r0-n01'): (4, 48, 384000)} != replay {('team-a', 'r0-n00",{},{},,30,32,8,0.0419
kube-fake,release_at_stop,4,2,I5,"replay differs from the tables: books differ: table {('team-a', 'r0-n00'): (4, 48, 384000), ('team-a', 'r0-n01'): (1, 12, 96000), ('team-a', 'r1-n00'): (3, 36, ","{""job_pending"": 1, ""pod_evicted"": 1}",{},,64,67,16,0.1333
kube-fake,release_at_stop,5,2,I5,"replay differs from the tables: books differ: table {('team-a', 'r0-n00'): (2, 24, 192000), ('team-a', 'r0-n01'): (2, 24, 192000), ('team-b', 'r0-n00'): (2, 24,","{""api_errors"": 1, ""crash"": 1}","{""submit.after_commit"": 1}",,79,91,19,0.1382
kube-fake,release_at_stop,6,2,I5,"replay differs from the tables: books differ: table {('team-a', 'r0-n01'): (4, 48, 384000), ('team-b', 'r0-n01'): (2, 24, 192000)} != replay {('team-a', 'r0-n00",{},{},,43,47,8,0.069
kube-fake,release_at_stop,7,2,I5,"replay differs from the tables: books differ: table {('team-a', 'r0-n00'): (1, 12, 96000), ('team-b', 'r0-n00'): (4, 48, 384000)} != replay {('team-a', 'r0-n00'",{},{},,11,12,3,0.0129
kube-fake,release_at_stop,8,2,I5,"replay differs from the tables: books differ: table {('team-b', 'r0-n00'): (4, 48, 384000), ('team-b', 'r0-n01'): (1, 12, 96000), ('team-c', 'r0-n01'): (2, 24, ","{""crash"": 3, ""observe_down"": 1}","{""requeue.before_commit"": 1, ""stop.before_call"": 1, ""submit.after_commit"": 1}",,113,130,23,0.2444
kube-fake,release_at_stop,9,2,I5,"replay differs from the tables: books differ: table {('team-a', 'r0-n01'): (8, 96, 768000), ('team-a', 'r1-n00'): (8, 96, 768000), ('team-a', 'r1-n01'): (2, 24,","{""cap_change"": 1, ""store_outage"": 1}",{},,78,92,17,0.1576
kube-fake,release_at_stop,10,0,,,"{""crash"": 1, ""policy_fault"": 1, ""zombie"": 1}","{""start.after_commit"": 1}",8147,120,140,27,0.359
kube-fake,release_at_stop,11,2,I5,"replay differs from the tables: books differ: table {('team-c', 'r0-n00'): (3, 36, 288000)} != replay {('team-b', 'r0-n00'): (2, 24, 192000), ('team-c', 'r0-n00","{""race_cancel"": 1}",{},,43,52,11,0.0757
kube-fake,release_at_stop,12,2,I5,"replay differs from the tables: books differ: table {('team-a', 'r0-n00'): (2, 24, 192000), ('team-a', 'r1-n00'): (1, 12, 96000), ('team-b', 'r0-n01'): (4, 48, ",{},{},,75,82,19,0.1456
kube-fake,release_at_stop,13,2,I5,"replay differs from the tables: books differ: table {('team-a', 'r0-n01'): (8, 96, 768000), ('team-a', 'r1-n00'): (8, 96, 768000), ('team-b', 'r0-n00'): (7, 84,","{""crash"": 1, ""pod_evicted"": 1, ""race_cancel"": 1}","{""ended.before_forget"": 1}",,135,139,28,0.3136
kube-fake,release_at_stop,14,2,I5,"replay differs from the tables: books differ: table {('team-a', 'r0-n01'): (1, 12, 96000), ('team-b', 'r1-n00'): (8, 96, 768000), ('team-c', 'r0-n00'): (4, 48, ",{},{},,49,53,12,0.0952
kube-fake,release_at_stop,15,2,I5,"replay differs from the tables: books differ: table {('team-a', 'r0-n00'): (2, 24, 192000), ('team-a', 'r0-n01'): (1, 12, 96000), ('team-c', 'r0-n00'): (4, 48, ","{""job_pending"": 1}",{},,53,72,12,0.1292
kube-fake,release_at_stop,16,2,I5,"replay differs from the tables: books differ: table {('team-a', 'r0-n00'): (7, 84, 672000), ('team-a', 'r0-n01'): (4, 48, 384000), ('team-c', 'r0-n01'): (4, 48,",{},{},,47,49,13,0.0787
kube-fake,release_at_stop,17,2,I5,"replay differs from the tables: books differ: table {('team-a', 'r0-n00'): (4, 48, 384000), ('team-a', 'r0-n01'): (1, 12, 96000), ('team-a', 'r1-n01'): (8, 96, ",{},{},,42,44,12,0.0857
kube-fake,release_at_stop,18,2,I5,"replay differs from the tables: books differ: table {('team-a', 'r1-n00'): (2, 24, 192000), ('team-b', 'r0-n00'): (6, 72, 576000), ('team-b', 'r1-n00'): (5, 60,","{""zombie"": 2}",{},,125,115,31,0.3127
kube-fake,release_at_stop,19,3,I4,seq 50: start of w10 takes team-c to 34 GPUs above its cap 32,"{""api_errors"": 1}",{},,50,49,13,0.0849
kube-fake,release_at_stop,20,2,I5,"replay differs from the tables: books differ: table {('team-a', 'r0-n00'): (2, 24, 192000), ('team-b', 'r0-n00'): (1, 12, 96000), ('team-c', 'r0-n00'): (5, 60, ","{""store_outage"": 1}",{},,77,90,16,0.1241
kube-fake,release_at_stop,21,2,I5,"replay differs from the tables: books differ: table {('team-a', 'r0-n01'): (2, 24, 192000), ('team-a', 'r1-n00'): (4, 48, 384000), ('team-b', 'r0-n01'): (5, 60,","{""node_down"": 1}",{},,23,26,6,0.0346
kube-fake,release_at_stop,22,2,I5,"replay differs from the tables: books differ: table {('team-a', 'r0-n00'): (3, 36, 288000), ('team-b', 'r1-n00'): (6, 72, 576000), ('team-c', 'r0-n00'): (4, 48,","{""observe_stale"": 1, ""policy_fault"": 1}",{},,123,135,28,0.2795
kube-fake,release_at_stop,23,2,I5,"replay differs from the tables: books differ: table {('team-a', 'r0-n00'): (5, 60, 480000), ('team-a', 'r0-n01'): (5, 60, 480000), ('team-b', 'r1-n00'): (4, 48,",{},{},,48,51,11,0.0941
kube-fake,release_at_stop,24,2,I5,"replay differs from the tables: books differ: table {('team-b', 'r0-n00'): (4, 48, 384000), ('team-b', 'r0-n01'): (1, 12, 96000), ('team-c', 'r0-n00'): (3, 36, ","{""observe_stale"": 1}",{},,46,51,11,0.0745
kube-fake,release_at_stop,25,2,I5,"replay differs from the tables: books differ: table {('team-a', 'r0-n00'): (8, 96, 768000), ('team-a', 'r1-n01'): (2, 24, 192000), ('team-b', 'r0-n01'): (8, 96,","{""zombie"": 1}",{},,24,4,8,0.0471
kube-fake,release_at_stop,26,2,I5,"replay differs from the tables: books differ: table {('team-a', 'r0-n00'): (7, 84, 672000), ('team-a', 'r1-n00'): (8, 96, 768000), ('team-b', 'r1-n01'): (8, 96,",{},{},,35,37,9,0.0467
kube-fake,release_at_stop,27,2,I5,"replay differs from the tables: books differ: table {('team-a', 'r0-n00'): (2, 24, 192000), ('team-c', 'r0-n00'): (4, 48, 384000), ('team-c', 'r0-n01'): (4, 48,","{""store_tx_fail"": 1}",{},,58,66,17,0.118
kube-fake,release_at_stop,28,0,,,"{""api_errors"": 1}",{},35051,136,150,27,0.2786
kube-fake,release_at_stop,29,2,I5,"replay differs from the tables: books differ: table {('team-a', 'r0-n00'): (4, 48, 384000), ('team-b', 'r0-n00'): (2, 24, 192000), ('team-b', 'r0-n01'): (2, 24,","{""race_cancel"": 1}",{},,66,66,16,0.0953
kube-fake,release_at_stop,30,2,I5,"replay differs from the tables: books differ: table {('team-a', 'r1-n00'): (4, 48, 384000), ('team-a', 'r1-n01'): (8, 96, 768000), ('team-c', 'r0-n00'): (4, 48,","{""observe_stale"": 1}",{},,43,51,12,0.0759
kube-fake,release_at_stop,31,0,,,"{""pod_evicted"": 1, ""store_outage"": 1, ""store_tx_fail"": 1}",{},72058,108,140,22,0.2083
kube-fake,release_at_stop,32,28,I5,"replay differs from the tables: books differ: table {('team-a', 'r0-n01'): (2, 24, 192000), ('team-a', 'r1-n00'): (2, 24, 192000), ('team-b', 'r0-n00'): (1, 12,","{""job_pending"": 1, ""node_down"": 1, ""race_cancel"": 1, ""zombie"": 1}",{},,180,186,38,0.4259
kube-fake,release_at_stop,33,2,I5,"replay differs from the tables: books differ: table {('team-a', 'r0-n00'): (3, 36, 288000), ('team-b', 'r0-n00'): (1, 12, 96000)} != replay {('team-a', 'r0-n00'",{},{},,21,22,4,0.0182
kube-fake,release_at_stop,34,2,I5,"replay differs from the tables: books differ: table {('team-a', 'r0-n00'): (6, 72, 576000), ('team-b', 'r0-n01'): (2, 24, 192000), ('team-b', 'r1-n01'): (8, 96,","{""observe_down"": 1, ""observe_stale"": 1, ""zombie"": 1}",{},,94,12905,23,14.7093
kube-fake,release_at_stop,35,2,I5,"replay differs from the tables: books differ: table {('team-a', 'r0-n01'): (1, 12, 96000), ('team-b', 'r1-n00'): (8, 96, 768000), ('team-c', 'r0-n01'): (2, 24, ",{},{},,26,28,6,0.0227
kube-fake,release_at_stop,36,2,I5,"replay differs from the tables: books differ: table {('team-b', 'r0-n00'): (4, 48, 384000)} != replay {('team-b', 'r0-n00'): (4, 48, 384000), ('team-c', 'r0-n01","{""job_pending"": 1, ""observe_stale"": 1}",{},,26,47,7,0.0493
kube-fake,release_at_stop,37,2,I5,"replay differs from the tables: books differ: table {('team-a', 'r0-n00'): (2, 24, 192000), ('team-a', 'r0-n01'): (8, 96, 768000), ('team-b', 'r0-n00'): (2, 24,","{""zombie"": 1}",{},,111,100,24,0.2551
kube-fake,release_at_stop,38,2,I5,"replay differs from the tables: books differ: table {('team-a', 'r0-n00'): (6, 72, 576000), ('team-a', 'r0-n01'): (4, 48, 384000), ('team-c', 'r0-n00'): (1, 12,",{},{},,14,15,4,0.0144
kube-fake,release_at_stop,39,2,I5,"replay differs from the tables: books differ: table {('team-a', 'r0-n01'): (1, 12, 96000), ('team-a', 'r1-n00'): (1, 12, 96000), ('team-b', 'r0-n01'): (4, 48, 3","{""node_down"": 1}",{},,46,51,13,0.0853
kube-fake,release_at_stop,40,0,,,"{""job_pending"": 1}",{},154849,116,123,24,0.2353
kube-fake,release_at_stop,41,2,I5,"replay differs from the tables: books differ: table {('team-a', 'r0-n00'): (4, 48, 384000), ('team-a', 'r1-n01'): (4, 48, 384000), ('team-b', 'r0-n00'): (2, 24,","{""store_tx_fail"": 1}",{},,67,74,15,0.1244
kube-fake,release_at_stop,42,2,I5,"replay differs from the tables: books differ: table {('team-a', 'r0-n00'): (1, 12, 96000)} != replay {('team-a', 'r0-n00'): (1, 12, 96000), ('team-b', 'r0-n00')","{""cap_change"": 1, ""observe_stale"": 2, ""pod_evicted"": 1}",{},,128,145,28,0.2818
kube-fake,release_at_stop,43,2,I5,"replay differs from the tables: books differ: table {('team-b', 'r0-n00'): (1, 12, 96000), ('team-b', 'r1-n00'): (1, 12, 96000), ('team-b', 'r1-n01'): (8, 96, 7","{""api_errors"": 1, ""crash"": 1, ""zombie"": 1}","{""start.after_commit"": 1}",,154,154,32,0.3627
kube-fake,release_at_stop,44,2,I5,"replay differs from the tables: books differ: table {('team-a', 'r0-n00'): (2, 24, 192000), ('team-a', 'r0-n01'): (2, 24, 192000), ('team-b', 'r0-n01'): (1, 12,","{""observe_stale"": 1, ""pod_evicted"": 1, ""store_outage"": 1}",{},,124,150,30,0.2859
kube-fake,release_at_stop,45,2,I5,"replay differs from the tables: books differ: table {('team-a', 'r0-n01'): (1, 12, 96000), ('team-a', 'r1-n01'): (8, 96, 768000), ('team-b', 'r0-n00'): (4, 48, ","{""cap_change"": 1}",{},,49,47,13,0.0728
kube-fake,release_at_stop,46,2,I5,"replay differs from the tables: books differ: table {('team-a', 'r0-n00'): (1, 12, 96000), ('team-c', 'r0-n00'): (2, 24, 192000)} != replay {('team-a', 'r0-n00'",{},{},,15,16,4,0.0141
kube-fake,release_at_stop,47,2,I5,"replay differs from the tables: books differ: table {('team-a', 'r1-n00'): (2, 24, 192000), ('team-b', 'r1-n00'): (4, 48, 384000), ('team-b', 'r1-n01'): (4, 48,","{""node_down"": 1}",{},,18,20,6,0.0227
kube-fake,release_at_stop,48,2,I5,"replay differs from the tables: books differ: table {('team-a', 'r0-n00'): (2, 24, 192000), ('team-a', 'r0-n01'): (1, 12, 96000), ('team-b', 'r0-n00'): (4, 48, ","{""preempt"": 1}",{},,19,19,6,0.0159
kube-fake,release_at_stop,49,2,I5,"replay differs from the tables: books differ: table {('team-a', 'r0-n00'): (7, 84, 672000)} != replay {('team-a', 'r0-n00'): (7, 84, 672000), ('team-b', 'r1-n00",{},{},,37,38,8,0.0516
kube-fake,release_at_stop,50,2,I5,"replay differs from the tables: books differ: table {('team-a', 'r1-n01'): (2, 24, 192000), ('team-b', 'r0-n00'): (4, 48, 384000), ('team-b', 'r1-n01'): (2, 24,","{""cap_change"": 1, ""store_tx_fail"": 1}",{},,55,61,12,0.0894
kube-fake,release_at_stop,51,2,I5,"replay differs from the tables: books differ: table {('team-a', 'r0-n01'): (4, 48, 384000), ('team-a', 'r1-n01'): (4, 48, 384000), ('team-c', 'r0-n01'): (1, 12,",{},{},,34,33,9,0.0545
kube-fake,release_at_stop,52,2,I5,"replay differs from the tables: books differ: table {('team-a', 'r0-n00'): (4, 48, 384000), ('team-a', 'r0-n01'): (2, 24, 192000), ('team-a', 'r1-n00'): (1, 12,",{},{},,72,76,19,0.1294
kube-fake,release_at_stop,53,2,I5,"replay differs from the tables: books differ: table {('team-a', 'r0-n00'): (1, 12, 96000), ('team-a', 'r1-n01'): (8, 96, 768000), ('team-b', 'r0-n00'): (2, 24, ","{""api_errors"": 1}",{},,56,58,15,0.0968
kube-fake,release_at_stop,54,2,I5,"replay differs from the tables: books differ: table {('team-a', 'r0-n01'): (2, 24, 192000), ('team-b', 'r0-n00'): (8, 96, 768000), ('team-b', 'r0-n01'): (5, 60,","{""node_down"": 1, ""store_outage"": 1}",{},,56,66,14,0.1002
kube-fake,release_at_stop,55,2,I5,"replay differs from the tables: books differ: table {('team-a', 'r0-n00'): (4, 48, 384000), ('team-b', 'r0-n00'): (4, 48, 384000)} != replay {('team-a', 'r0-n00","{""node_down"": 1}",{},,13,15,4,0.012
kube-fake,release_at_stop,56,2,I5,"replay differs from the tables: books differ: table {('team-a', 'r0-n00'): (3, 36, 288000), ('team-a', 'r0-n01'): (8, 96, 768000), ('team-a', 'r1-n00'): (6, 72,","{""api_errors"": 1, ""job_pending"": 1, ""pod_evicted"": 1}",{},,176,193,38,0.5183
kube-fake,release_at_stop,57,2,I5,"replay differs from the tables: books differ: table {('team-a', 'r0-n00'): (2, 24, 192000), ('team-b', 'r0-n00'): (1, 12, 96000), ('team-b', 'r1-n01'): (8, 96, ","{""observe_stale"": 1}",{},,82,89,19,0.1637
kube-fake,release_at_stop,58,2,I5,"replay differs from the tables: books differ: table {('team-a', 'r0-n00'): (4, 48, 384000), ('team-a', 'r0-n01'): (8, 96, 768000), ('team-b', 'r0-n00'): (4, 48,",{},{},,22,23,4,0.0241
kube-fake,release_at_stop,59,2,I5,"replay differs from the tables: books differ: table {('team-a', 'r1-n00'): (4, 48, 384000), ('team-b', 'r0-n00'): (4, 48, 384000), ('team-b', 'r0-n01'): (3, 36,",{},{},,38,39,10,0.0546
kube-fake,release_at_stop,60,2,I5,"replay differs from the tables: books differ: table {('team-a', 'r0-n01'): (6, 72, 576000), ('team-a', 'r1-n01'): (1, 12, 96000), ('team-b', 'r0-n01'): (2, 24, ","{""api_errors"": 1, ""crash"": 1, ""race_cancel"": 1}","{""start.after_call"": 1}",,74,84,20,0.1393
kube-fake,release_at_stop,61,2,I5,"replay differs from the tables: books differ: table {('team-a', 'r0-n00'): (2, 24, 192000), ('team-b', 'r0-n00'): (2, 24, 192000), ('team-c', 'r1-n00'): (2, 24,","{""race_cancel"": 1}",{},,122,141,24,0.2778
kube-fake,release_at_stop,62,0,,,"{""crash"": 1, ""observe_down"": 1, ""store_outage"": 1}","{""submit.after_commit"": 1}",194626,140,169,27,0.347
kube-fake,release_at_stop,63,2,I5,"replay differs from the tables: books differ: table {('team-a', 'r0-n00'): (1, 12, 96000), ('team-b', 'r0-n01'): (4, 48, 384000)} != replay {('team-a', 'r0-n00'","{""node_down"": 1}",{},,111,121,24,0.1823
kube-fake,release_at_stop,64,2,I5,"replay differs from the tables: books differ: table {('team-a', 'r0-n00'): (3, 36, 288000), ('team-a', 'r1-n00'): (7, 84, 672000), ('team-b', 'r0-n00'): (3, 36,","{""observe_stale"": 1}",{},,84,91,17,0.1593
kube-fake,release_at_stop,65,2,I5,"replay differs from the tables: books differ: table {('team-a', 'r0-n00'): (2, 24, 192000), ('team-a', 'r0-n01'): (8, 96, 768000), ('team-b', 'r0-n00'): (1, 12,",{},{},,60,65,15,0.1075
kube-fake,release_at_stop,66,2,I5,"replay differs from the tables: books differ: table {('team-a', 'r0-n00'): (2, 24, 192000), ('team-a', 'r0-n01'): (1, 12, 96000), ('team-b', 'r0-n01'): (7, 84, ",{},{},,57,59,16,0.1037
kube-fake,release_at_stop,67,2,I5,"replay differs from the tables: books differ: table {('team-a', 'r0-n00'): (1, 12, 96000), ('team-a', 'r0-n01'): (2, 24, 192000), ('team-b', 'r0-n00'): (2, 24, ","{""crash"": 2, ""pod_evicted"": 1}","{""ended.before_forget"": 1, ""start.after_call"": 1}",,88,100,22,0.1935
kube-fake,release_at_stop,68,2,I5,"replay differs from the tables: books differ: table {('team-a', 'r0-n00'): (1, 12, 96000), ('team-a', 'r1-n00'): (4, 48, 384000), ('team-a', 'r1-n01'): (6, 72, ","{""node_down"": 1, ""pod_evicted"": 1}",{},,48,55,13,0.0922
kube-fake,release_at_stop,69,2,I5,"replay differs from the tables: books differ: table {('team-b', 'r0-n01'): (6, 72, 576000), ('team-c', 'r0-n00'): (4, 48, 384000), ('team-c', 'r0-n01'): (2, 24,","{""node_down"": 1}",{},,105,115,23,0.2048
kube-fake,release_at_stop,70,2,I5,"replay differs from the tables: books differ: table {('team-a', 'r0-n01'): (4, 48, 384000), ('team-a', 'r1-n01'): (6, 72, 576000), ('team-b', 'r0-n00'): (4, 48,",{},{},,60,61,14,0.1023
kube-fake,release_at_stop,71,2,I5,"replay differs from the tables: books differ: table {} != replay {('team-b', 'r0-n00'): (4, 48, 384000)}",{},{},,5,6,1,0.0058
kube-fake,release_at_stop,72,2,I5,"replay differs from the tables: books differ: table {('team-a', 'r0-n00'): (2, 24, 192000), ('team-b', 'r0-n00'): (2, 24, 192000), ('team-c', 'r1-n00'): (8, 96,","{""node_down"": 1}",{},,29,32,8,0.0438
kube-fake,release_at_stop,73,0,,,"{""observe_down"": 1, ""race_cancel"": 1, ""zombie"": 1}",{},117414,125,141,28,0.2744
kube-fake,release_at_stop,74,2,I5,"replay differs from the tables: books differ: table {('team-a', 'r0-n00'): (4, 48, 384000), ('team-a', 'r1-n01'): (8, 96, 768000), ('team-b', 'r0-n01'): (8, 96,","{""race_cancel"": 1}",{},,16,17,5,0.0213
kube-fake,release_at_stop,75,0,,,"{""observe_stale"": 1}",{},168375,92,109,20,0.1732
kube-fake,release_at_stop,76,0,,,"{""job_pending"": 1, ""observe_stale"": 1, ""zombie"": 3}",{},46814,132,108,27,0.2949
kube-fake,release_at_stop,77,2,I5,"replay differs from the tables: books differ: table {('team-a', 'r0-n00'): (1, 12, 96000), ('team-a', 'r0-n01'): (2, 24, 192000), ('team-a', 'r1-n00'): (2, 24, ","{""crash"": 1, ""pod_evicted"": 1, ""preempt"": 1, ""store_outage"": 1}","{""ended.before_forget"": 1}",,45,60,13,0.0764
kube-fake,release_at_stop,78,2,I5,"replay differs from the tables: books differ: table {('team-c', 'r0-n01'): (4, 48, 384000)} != replay {('team-a', 'r0-n00'): (1, 12, 96000), ('team-b', 'r0-n00'","{""node_down"": 1}",{},,46,47,9,0.0589
kube-fake,release_at_stop,79,2,I5,"replay differs from the tables: books differ: table {('team-a', 'r0-n00'): (1, 12, 96000), ('team-c', 'r0-n00'): (4, 48, 384000), ('team-c', 'r0-n01'): (8, 96, ","{""job_pending"": 1}",{},,66,74,15,0.0947
kube-fake,release_at_stop,80,2,I5,"replay differs from the tables: books differ: table {('team-b', 'r1-n00'): (3, 36, 288000), ('team-b', 'r1-n01'): (4, 48, 384000), ('team-c', 'r0-n01'): (8, 96,","{""race_cancel"": 1}",{},,34,35,10,0.0517
kube-fake,release_at_stop,81,2,I5,"replay differs from the tables: books differ: table {('team-b', 'r0-n01'): (2, 24, 192000)} != replay {('team-b', 'r0-n00'): (8, 96, 768000), ('team-b', 'r0-n01",{},{},,16,17,4,0.0171
kube-fake,release_at_stop,82,0,,,"{""crash"": 1, ""pod_evicted"": 1, ""store_outage"": 2}","{""submit.after_commit"": 1}",260330,124,153,25,0.2624
kube-fake,release_at_stop,83,2,I5,"replay differs from the tables: books differ: table {('team-b', 'r0-n00'): (1, 12, 96000), ('team-c', 'r0-n00'): (2, 24, 192000), ('team-c', 'r0-n01'): (2, 24, ",{},{},,14,15,4,0.0181
kube-fake,release_at_stop,84,2,I5,"replay differs from the tables: books differ: table {('team-a', 'r1-n00'): (8, 96, 768000), ('team-b', 'r0-n00'): (4, 48, 384000), ('team-b', 'r0-n01'): (8, 96,","{""crash"": 1, ""preempt"": 1}","{""submit.after_commit"": 1}",,132,141,29,0.3562
kube-fake,release_at_stop,85,2,I5,"replay differs from the tables: books differ: table {('team-c', 'r0-n00'): (4, 48, 384000), ('team-c', 'r0-n01'): (8, 96, 768000)} != replay {('team-c', 'r0-n00","{""observe_stale"": 1}",{},,61,69,15,0.0984
kube-fake,release_at_stop,86,2,I5,"replay differs from the tables: books differ: table {('team-a', 'r1-n00'): (8, 96, 768000), ('team-a', 'r1-n01'): (1, 12, 96000), ('team-b', 'r0-n00'): (6, 72, ","{""store_tx_fail"": 1}",{},,28,32,9,0.0469
kube-fake,release_at_stop,87,2,I5,"replay differs from the tables: books differ: table {('team-a', 'r0-n00'): (2, 24, 192000), ('team-b', 'r0-n00'): (2, 24, 192000), ('team-b', 'r0-n01'): (2, 24,",{},{},,21,22,5,0.0246
kube-fake,release_at_stop,88,2,I5,"replay differs from the tables: books differ: table {('team-a', 'r0-n00'): (2, 24, 192000), ('team-a', 'r1-n00'): (2, 24, 192000), ('team-b', 'r0-n01'): (1, 12,","{""api_errors"": 1, ""job_pending"": 1, ""race_cancel"": 1}",{},,63,68,18,0.1294
kube-fake,release_at_stop,89,2,I5,"replay differs from the tables: books differ: table {('team-a', 'r0-n00'): (6, 72, 576000), ('team-b', 'r1-n01'): (5, 60, 480000), ('team-c', 'r0-n00'): (2, 24,",{},{},,35,37,10,0.0662
kube-fake,release_at_stop,90,2,I5,"replay differs from the tables: books differ: table {('team-a', 'r0-n00'): (2, 24, 192000), ('team-a', 'r1-n01'): (2, 24, 192000), ('team-b', 'r0-n00'): (6, 72,","{""policy_fault"": 1, ""preempt"": 1}",{},,59,59,15,0.0955
kube-fake,release_at_stop,91,2,I5,"replay differs from the tables: books differ: table {('team-b', 'r0-n01'): (8, 96, 768000), ('team-c', 'r0-n00'): (4, 48, 384000)} != replay {('team-b', 'r0-n01",{},{},,21,22,5,0.0271
kube-fake,release_at_stop,92,2,I5,"replay differs from the tables: books differ: table {('team-b', 'r0-n00'): (4, 48, 384000)} != replay {('team-b', 'r0-n00'): (4, 48, 384000), ('team-c', 'r0-n00",{},{},,8,9,2,0.0136
kube-fake,release_at_stop,93,2,I5,"replay differs from the tables: books differ: table {('team-a', 'r0-n00'): (2, 24, 192000), ('team-b', 'r0-n01'): (8, 96, 768000), ('team-c', 'r0-n00'): (4, 48,","{""race_cancel"": 1}",{},,21,21,6,0.0226
kube-fake,release_at_stop,94,2,I5,"replay differs from the tables: books differ: table {('team-b', 'r1-n00'): (4, 48, 384000), ('team-c', 'r0-n00'): (1, 12, 96000), ('team-c', 'r0-n01'): (4, 48, ",{},{},,59,63,12,0.1136
kube-fake,release_at_stop,95,2,I5,"replay differs from the tables: books differ: table {('team-a', 'r0-n00'): (1, 12, 96000), ('team-b', 'r0-n00'): (1, 12, 96000)} != replay {('team-a', 'r0-n00')","{""observe_stale"": 1, ""pod_evicted"": 1}",{},,31,36,5,0.0403
kube-fake,release_at_stop,96,2,I5,"replay differs from the tables: books differ: table {('team-a', 'r0-n00'): (2, 24, 192000), ('team-a', 'r0-n01'): (1, 12, 96000), ('team-b', 'r0-n00'): (4, 48, ","{""job_pending"": 1, ""zombie"": 1}",{},,49,44,11,0.0897
kube-fake,release_at_stop,97,2,I5,"replay differs from the tables: books differ: table {('team-a', 'r1-n00'): (3, 36, 288000), ('team-a', 'r1-n01'): (2, 24, 192000), ('team-b', 'r1-n00'): (1, 12,",{},{},,50,52,11,0.0812
kube-fake,release_at_stop,98,2,I5,"replay differs from the tables: books differ: table {('team-a', 'r0-n00'): (3, 36, 288000), ('team-a', 'r0-n01'): (8, 96, 768000), ('team-b', 'r1-n00'): (8, 96,","{""zombie"": 2}",{},,68,42,19,0.1127
kube-fake,release_at_stop,99,2,I5,"replay differs from the tables: books differ: table {('team-a', 'r0-n00'): (4, 48, 384000), ('team-a', 'r0-n01'): (4, 48, 384000), ('team-a', 'r1-n01'): (4, 48,",{},{},,64,66,17,0.126
kube-fake,release_at_stop,100,0,,,"{""api_errors"": 1, ""cap_change"": 1, ""observe_stale"": 1, ""race_cancel"": 1}",{},67827,135,162,26,0.2947
kube-fake,release_at_stop,101,2,I5,"replay differs from the tables: books differ: table {('team-a', 'r0-n00'): (2, 24, 192000), ('team-b', 'r0-n00'): (4, 48, 384000), ('team-b', 'r0-n01'): (8, 96,","{""node_down"": 1, ""race_cancel"": 1}",{},,170,185,40,0.4776
kube-fake,release_at_stop,102,2,I5,"replay differs from the tables: books differ: table {('team-a', 'r0-n00'): (5, 60, 480000), ('team-a', 'r0-n01'): (4, 48, 384000), ('team-c', 'r0-n01'): (4, 48,",{},{},,37,40,9,0.051
kube-fake,release_at_stop,103,2,I5,"replay differs from the tables: books differ: table {('team-a', 'r1-n01'): (4, 48, 384000), ('team-b', 'r0-n00'): (3, 36, 288000), ('team-b', 'r1-n00'): (2, 24,","{""api_errors"": 1, ""zombie"": 1}",{},,152,140,38,0.4073
kube-fake,release_at_stop,104,2,I5,"replay differs from the tables: books differ: table {('team-a', 'r1-n00'): (6, 72, 576000), ('team-b', 'r0-n01'): (2, 24, 192000), ('team-b', 'r1-n00'): (1, 12,","{""observe_down"": 1, ""policy_fault"": 1, ""store_tx_fail"": 1}",{},,75,86,17,0.1408
kube-fake,release_at_stop,105,2,I5,"replay differs from the tables: books differ: table {('team-a', 'r0-n00'): (1, 12, 96000), ('team-a', 'r1-n00'): (2, 24, 192000), ('team-a', 'r1-n01'): (4, 48, ",{},{},,106,114,25,0.2775
kube-fake,release_at_stop,106,2,I5,"replay differs from the tables: books differ: table {} != replay {('team-a', 'r0-n00'): (4, 48, 384000)}","{""crash"": 1, ""preempt"": 1, ""race_cancel"": 1, ""store_tx_fail"": 1}","{""stop.before_call"": 1}",,205,235,39,0.7053
kube-fake,release_at_stop,107,2,I5,"replay differs from the tables: books differ: table {('team-b', 'r0-n00'): (1, 12, 96000), ('team-b', 'r1-n00'): (4, 48, 384000), ('team-c', 'r1-n01'): (8, 96, ","{""store_tx_fail"": 1}",{},,133,154,29,0.3296
kube-fake,release_at_stop,108,2,I5,"replay differs from the tables: books differ: table {('team-a', 'r1-n00'): (2, 24, 192000), ('team-a', 'r1-n01'): (8, 96, 768000), ('team-b', 'r0-n01'): (3, 36,","{""observe_stale"": 1}",{},,149,162,33,0.3677
kube-fake,release_at_stop,109,2,I5,"replay differs from the tables: books differ: table {('team-a', 'r0-n00'): (4, 48, 384000), ('team-b', 'r0-n01'): (2, 24, 192000), ('team-b', 'r1-n01'): (8, 96,","{""policy_fault"": 1}",{},,82,91,20,0.1489
kube-fake,release_at_stop,110,2,I5,"replay differs from the tables: books differ: table {('team-a', 'r0-n00'): (2, 24, 192000), ('team-b', 'r0-n00'): (4, 48, 384000), ('team-b', 'r0-n01'): (8, 96,",{},{},,27,29,7,0.0471
kube-fake,release_at_stop,111,2,I5,"replay differs from the tables: books differ: table {('team-a', 'r0-n00'): (2, 24, 192000), ('team-b', 'r0-n00'): (4, 48, 384000), ('team-b', 'r0-n01'): (8, 96,","{""pod_evicted"": 1, ""preempt"": 1}",{},,31,32,7,0.0492
kube-fake,release_at_stop,112,2,I5,"replay differs from the tables: books differ: table {('team-a', 'r0-n00'): (4, 48, 384000), ('team-b', 'r0-n00'): (1, 12, 96000)} != replay {('team-a', 'r0-n00'",{},{},,11,12,3,0.012
kube-fake,release_at_stop,113,2,I5,"replay differs from the tables: books differ: table {('team-a', 'r0-n00'): (1, 12, 96000), ('team-a', 'r0-n01'): (2, 24, 192000), ('team-c', 'r0-n00'): (2, 24, ",{},{},,21,22,6,0.0295
kube-fake,release_at_stop,114,2,I5,"replay differs from the tables: books differ: table {('team-a', 'r0-n00'): (2, 24, 192000), ('team-a', 'r0-n01'): (1, 12, 96000), ('team-a', 'r1-n00'): (2, 24, ",{},{},,30,31,9,0.0491
kube-fake,release_at_stop,115,0,,,"{""crash"": 1, ""job_pending"": 1}","{""requeue.before_commit"": 1}",142837,156,180,32,0.3932
kube-fake,release_at_stop,116,2,I5,"replay differs from the tables: books differ: table {('team-a', 'r0-n01'): (1, 12, 96000), ('team-b', 'r0-n00'): (2, 24, 192000), ('team-b', 'r1-n00'): (4, 48, ","{""store_outage"": 1}",{},,120,135,28,0.2812
kube-fake,release_at_stop,117,2,I5,"replay differs from the tables: books differ: table {('team-a', 'r0-n00'): (5, 60, 480000), ('team-a', 'r0-n01'): (2, 24, 192000), ('team-a', 'r1-n01'): (5, 60,","{""preempt"": 1, ""store_outage"": 1, ""store_tx_fail"": 1}",{},,51,66,13,0.0939
kube-fake,release_at_stop,118,2,I5,"replay differs from the tables: books differ: table {('team-a', 'r0-n00'): (2, 24, 192000), ('team-b', 'r0-n00'): (4, 48, 384000), ('team-b', 'r0-n01'): (8, 96,","{""crash"": 1}","{""stop.before_call"": 1}",,40,43,10,0.0582
kube-fake,release_at_stop,119,2,I5,"replay differs from the tables: books differ: table {('team-a', 'r1-n00'): (4, 48, 384000), ('team-b', 'r0-n00'): (4, 48, 384000), ('team-c', 'r0-n00'): (3, 36,",{},{},,35,39,10,0.0549
kube-fake,release_at_stop,120,2,I5,"replay differs from the tables: books differ: table {('team-a', 'r0-n00'): (8, 96, 768000), ('team-a', 'r0-n01'): (4, 48, 384000), ('team-c', 'r0-n01'): (1, 12,",{},{},,43,43,12,0.0686
kube-fake,release_at_stop,121,2,I5,"replay differs from the tables: books differ: table {('team-b', 'r0-n00'): (2, 24, 192000), ('team-b', 'r0-n01'): (2, 24, 192000), ('team-c', 'r0-n00'): (6, 72,","{""preempt"": 1}",{},,58,59,15,0.0961
kube-fake,release_at_stop,122,2,I5,"replay differs from the tables: books differ: table {} != replay {('team-b', 'r0-n00'): (4, 48, 384000)}","{""crash"": 1, ""node_down"": 1}","{""start.after_commit"": 1}",,32,37,7,0.0477
kube-fake,release_at_stop,123,2,I5,"replay differs from the tables: books differ: table {('team-c', 'r0-n00'): (4, 48, 384000)} != replay {('team-a', 'r0-n01'): (4, 48, 384000), ('team-c', 'r0-n00","{""observe_down"": 1, ""preempt"": 1}",{},,34,39,9,0.0484
kube-fake,release_at_stop,124,0,,,"{""cap_change"": 1, ""store_outage"": 1}",{},49018,128,137,24,0.3227
kube-fake,release_at_stop,125,2,I5,"replay differs from the tables: books differ: table {('team-c', 'r0-n00'): (1, 12, 96000)} != replay {('team-a', 'r0-n00'): (4, 48, 384000), ('team-c', 'r0-n00'",{},{},,8,9,2,0.0091
kube-fake,release_at_stop,126,2,I5,"replay differs from the tables: books differ: table {('team-a', 'r0-n00'): (4, 48, 384000), ('team-a', 'r0-n01'): (8, 96, 768000), ('team-b', 'r1-n01'): (8, 96,","{""zombie"": 1}",{},,33,21,14,0.039
kube-fake,release_at_stop,127,2,I5,"replay differs from the tables: books differ: table {} != replay {('team-c', 'r0-n01'): (8, 96, 768000)}",{},{},,17,19,4,0.0189
kube-fake,release_at_stop,128,2,I5,"replay differs from the tables: books differ: table {('team-b', 'r0-n00'): (2, 24, 192000), ('team-b', 'r0-n01'): (8, 96, 768000), ('team-b', 'r1-n00'): (2, 24,",{},{},,62,63,16,0.122
kube-fake,release_at_stop,129,0,,,"{""crash"": 1, ""pod_evicted"": 1, ""store_tx_fail"": 1, ""zombie"": 1}","{""start.after_call"": 1}",40131,120,107,24,0.2255
kube-fake,release_at_stop,130,2,I5,"replay differs from the tables: books differ: table {('team-a', 'r0-n00'): (1, 12, 96000), ('team-b', 'r1-n00'): (8, 96, 768000), ('team-c', 'r0-n00'): (2, 24, ","{""race_cancel"": 1, ""store_outage"": 1, ""store_tx_fail"": 1, ""zombie"": 1}",{},,191,183,38,0.4913
kube-fake,release_at_stop,131,2,I5,"replay differs from the tables: books differ: table {('team-a', 'r0-n01'): (3, 36, 288000), ('team-b', 'r0-n01'): (2, 24, 192000), ('team-c', 'r0-n01'): (2, 24,","{""api_errors"": 1, ""crash"": 1}","{""start.after_commit"": 1}",,76,84,15,0.1354
kube-fake,release_at_stop,132,2,I5,"replay differs from the tables: books differ: table {('team-a', 'r0-n01'): (4, 48, 384000), ('team-b', 'r0-n00'): (6, 72, 576000), ('team-b', 'r1-n01'): (4, 48,",{},{},,64,66,14,0.115
kube-fake,release_at_stop,133,2,I5,"replay differs from the tables: books differ: table {('team-a', 'r0-n00'): (4, 48, 384000), ('team-b', 'r0-n00'): (2, 24, 192000), ('team-b', 'r0-n01'): (2, 24,","{""race_cancel"": 1}",{},,24,27,7,0.0372
kube-fake,release_at_stop,134,2,I5,"replay differs from the tables: books differ: table {('team-a', 'r0-n00'): (3, 36, 288000), ('team-a', 'r0-n01'): (5, 60, 480000), ('team-b', 'r0-n00'): (2, 24,","{""pod_evicted"": 1, ""race_cancel"": 1}",{},,70,82,15,0.1464
kube-fake,release_at_stop,135,0,,,"{""api_errors"": 2, ""cap_change"": 1, ""observe_stale"": 1}",{},0,152,181,31,0.3808
kube-fake,release_at_stop,136,2,I5,"replay differs from the tables: books differ: table {('team-a', 'r0-n00'): (1, 12, 96000), ('team-a', 'r1-n01'): (5, 60, 480000), ('team-b', 'r1-n01'): (1, 12, ","{""store_outage"": 1}",{},,92,98,19,0.2027
kube-fake,release_at_stop,137,2,I5,"replay differs from the tables: books differ: table {('team-a', 'r0-n00'): (2, 24, 192000), ('team-a', 'r1-n01'): (2, 24, 192000), ('team-b', 'r1-n00'): (8, 96,","{""crash"": 1, ""store_tx_fail"": 1, ""zombie"": 1}","{""submit.after_commit"": 1}",,136,138,31,0.3392
kube-fake,release_at_stop,138,2,I5,"replay differs from the tables: books differ: table {('team-a', 'r0-n00'): (7, 84, 672000), ('team-a', 'r0-n01'): (5, 60, 480000), ('team-a', 'r1-n00'): (4, 48,",{},{},,25,27,8,0.0412
kube-fake,release_at_stop,139,2,I5,"replay differs from the tables: books differ: table {('team-a', 'r0-n00'): (1, 12, 96000), ('team-b', 'r0-n00'): (2, 24, 192000), ('team-b', 'r0-n01'): (8, 96, ",{},{},,24,26,7,0.0269
kube-fake,release_at_stop,140,2,I5,"replay differs from the tables: books differ: table {('team-a', 'r0-n00'): (2, 24, 192000), ('team-b', 'r0-n00'): (4, 48, 384000), ('team-b', 'r0-n01'): (4, 48,","{""race_cancel"": 1}",{},,44,52,13,0.0644
kube-fake,release_at_stop,141,2,I5,"replay differs from the tables: books differ: table {('team-a', 'r0-n00'): (2, 24, 192000), ('team-a', 'r0-n01'): (4, 48, 384000), ('team-a', 'r1-n00'): (8, 96,","{""crash"": 1}","{""start.after_commit"": 1}",,71,77,18,0.11
kube-fake,release_at_stop,142,2,I5,"replay differs from the tables: books differ: table {('team-b', 'r0-n00'): (4, 48, 384000), ('team-b', 'r1-n00'): (2, 24, 192000), ('team-b', 'r1-n01'): (8, 96,","{""store_outage"": 1}",{},,51,62,14,0.0939
kube-fake,release_at_stop,143,0,,,"{""api_errors"": 1, ""node_down"": 1}",{},41092,128,144,23,0.318
kube-fake,release_at_stop,144,2,I5,"replay differs from the tables: books differ: table {('team-a', 'r0-n01'): (1, 12, 96000), ('team-a', 'r1-n00'): (8, 96, 768000), ('team-b', 'r0-n01'): (6, 72, ","{""zombie"": 1}",{},,42,34,13,0.0681
kube-fake,release_at_stop,145,2,I5,"replay differs from the tables: books differ: table {('team-a', 'r0-n00'): (1, 12, 96000), ('team-b', 'r0-n00'): (1, 12, 96000), ('team-c', 'r0-n00'): (4, 48, 3","{""cap_change"": 1, ""zombie"": 1}",{},,59,49,15,0.1063
kube-fake,release_at_stop,146,2,I5,"replay differs from the tables: books differ: table {('team-a', 'r0-n00'): (4, 48, 384000), ('team-b', 'r0-n00'): (3, 36, 288000), ('team-b', 'r0-n01'): (2, 24,",{},{},,65,67,22,0.1599
kube-fake,release_at_stop,147,2,I5,"replay differs from the tables: books differ: table {('team-a', 'r0-n00'): (4, 48, 384000), ('team-a', 'r1-n00'): (8, 96, 768000), ('team-a', 'r1-n01'): (4, 48,","{""store_tx_fail"": 1}",{},,35,42,8,0.0452
kube-fake,release_at_stop,148,2,I5,"replay differs from the tables: books differ: table {('team-a', 'r1-n00'): (1, 12, 96000), ('team-b', 'r0-n00'): (1, 12, 96000), ('team-b', 'r0-n01'): (8, 96, 7","{""observe_down"": 1, ""store_tx_fail"": 1}",{},,114,110,30,0.2458
kube-fake,release_at_stop,149,2,I5,"replay differs from the tables: books differ: table {('team-a', 'r1-n00'): (8, 96, 768000), ('team-a', 'r1-n01'): (8, 96, 768000)} != replay {('team-a', 'r1-n00","{""policy_fault"": 1, ""zombie"": 1}",{},,79,70,17,0.1691
kube-fake,release_at_stop,150,2,I5,"replay differs from the tables: books differ: table {('team-a', 'r0-n00'): (2, 24, 192000), ('team-b', 'r0-n00'): (2, 24, 192000), ('team-b', 'r0-n01'): (6, 72,","{""crash"": 1}","{""ended.before_forget"": 1}",,41,46,12,0.0745
kube-fake,release_at_stop,151,2,I5,"replay differs from the tables: books differ: table {('team-a', 'r0-n01'): (4, 48, 384000), ('team-a', 'r1-n00'): (8, 96, 768000), ('team-b', 'r0-n00'): (2, 24,","{""observe_stale"": 1}",{},,46,52,12,0.083
kube-fake,release_at_stop,152,2,I5,"replay differs from the tables: books differ: table {('team-b', 'r0-n00'): (4, 48, 384000), ('team-b', 'r0-n01'): (4, 48, 384000), ('team-b', 'r1-n00'): (8, 96,","{""crash"": 1, ""job_pending"": 1, ""preempt"": 1}","{""start.after_call"": 1}",,104,114,21,0.2578
kube-fake,release_at_stop,153,2,I5,"replay differs from the tables: books differ: table {('team-a', 'r0-n01'): (2, 24, 192000), ('team-b', 'r0-n01'): (1, 12, 96000), ('team-b', 'r1-n00'): (2, 24, ",{},{},,52,52,14,0.0922
kube-fake,release_at_stop,154,8,I5,"replay differs from the tables: books differ: table {('team-a', 'r0-n00'): (1, 12, 96000), ('team-a', 'r0-n01'): (8, 96, 768000), ('team-b', 'r0-n00'): (1, 12, ","{""api_errors"": 1, ""zombie"": 1}",{},,49,30,16,0.0674
kube-fake,release_at_stop,155,2,I5,"replay differs from the tables: books differ: table {} != replay {('team-b', 'r0-n00'): (2, 24, 192000)}","{""race_cancel"": 1, ""zombie"": 1}",{},,139,133,31,0.3046
kube-fake,release_at_stop,156,2,I5,"replay differs from the tables: books differ: table {('team-a', 'r0-n01'): (4, 48, 384000), ('team-a', 'r1-n00'): (8, 96, 768000), ('team-b', 'r1-n01'): (4, 48,","{""cap_change"": 1}",{},,32,34,8,0.0544
kube-fake,release_at_stop,157,2,I5,"replay differs from the tables: books differ: table {('team-a', 'r0-n00'): (2, 24, 192000), ('team-b', 'r0-n00'): (1, 12, 96000), ('team-c', 'r0-n00'): (4, 48, ","{""crash"": 1}","{""start.after_commit"": 1}",,22,26,5,0.0317
kube-fake,release_at_stop,158,2,I5,"replay differs from the tables: books differ: table {('team-a', 'r0-n00'): (8, 96, 768000), ('team-a', 'r0-n01'): (2, 24, 192000), ('team-a', 'r1-n00'): (3, 36,",{},{},,60,61,14,0.1237
kube-fake,release_at_stop,159,2,I5,"replay differs from the tables: books differ: table {('team-a', 'r0-n00'): (1, 12, 96000), ('team-a', 'r1-n00'): (4, 48, 384000), ('team-a', 'r1-n01'): (8, 96, ",{},{},,64,70,16,0.1278
kube-fake,release_at_stop,160,2,I5,"replay differs from the tables: books differ: table {('team-a', 'r0-n01'): (1, 12, 96000), ('team-c', 'r0-n00'): (4, 48, 384000)} != replay {('team-a', 'r0-n01'","{""node_down"": 1}",{},,39,44,8,0.0488
kube-fake,release_at_stop,161,2,I5,"replay differs from the tables: books differ: table {('team-a', 'r1-n00'): (1, 12, 96000), ('team-b', 'r0-n01'): (8, 96, 768000)} != replay {('team-a', 'r1-n00'","{""observe_stale"": 1}",{},,27,32,6,0.044
kube-fake,release_at_stop,162,2,I5,"replay differs from the tables: books differ: table {('team-a', 'r0-n00'): (4, 48, 384000), ('team-a', 'r0-n01'): (1, 12, 96000), ('team-b', 'r0-n00'): (1, 12, ",{},{},,32,33,7,0.0428
kube-fake,release_at_stop,163,2,I5,"replay differs from the tables: books differ: table {('team-a', 'r0-n00'): (2, 24, 192000), ('team-b', 'r0-n00'): (2, 24, 192000), ('team-b', 'r0-n01'): (8, 96,","{""store_tx_fail"": 1}",{},,66,73,16,0.1136
kube-fake,release_at_stop,164,18,I5,"replay differs from the tables: books differ: table {('team-a', 'r1-n01'): (8, 96, 768000), ('team-c', 'r0-n01'): (6, 72, 576000)} != replay {('team-a', 'r0-n01","{""policy_fault"": 1, ""zombie"": 1}",{},,108,88,25,0.158
kube-fake,release_at_stop,165,0,,,"{""cap_change"": 2, ""crash"": 1, ""observe_down"": 1, ""policy_fault"": 1, ""store_outage"": 1}","{""submit.after_commit"": 1}",90548,140,171,29,0.3497
kube-fake,release_at_stop,166,2,I5,"replay differs from the tables: books differ: table {('team-b', 'r0-n00'): (3, 36, 288000)} != replay {('team-b', 'r0-n00'): (5, 60, 480000)}",{},{},,27,30,5,0.034
kube-fake,release_at_stop,167,2,I5,"replay differs from the tables: books differ: table {('team-a', 'r0-n00'): (6, 72, 576000), ('team-a', 'r0-n01'): (1, 12, 96000), ('team-b', 'r0-n00'): (2, 24, ","{""cap_change"": 1, ""job_pending"": 1, ""race_cancel"": 1}",{},,28,31,7,0.0476
kube-fake,release_at_stop,168,2,I5,"replay differs from the tables: books differ: table {('team-b', 'r0-n00'): (6, 72, 576000), ('team-c', 'r0-n01'): (8, 96, 768000)} != replay {('team-b', 'r0-n00","{""policy_fault"": 1, ""race_cancel"": 1}",{},,28,31,7,0.04
kube-fake,release_at_stop,169,2,I5,"replay differs from the tables: books differ: table {('team-a', 'r0-n00'): (2, 24, 192000), ('team-b', 'r0-n00'): (4, 48, 384000)} != replay {('team-a', 'r0-n00",{},{},,15,16,4,0.0139
kube-fake,release_at_stop,170,2,I5,"replay differs from the tables: books differ: table {('team-b', 'r0-n00'): (2, 24, 192000), ('team-b', 'r1-n00'): (8, 96, 768000), ('team-c', 'r0-n00'): (4, 48,","{""cap_change"": 1}",{},,84,81,22,0.1687
kube-fake,release_at_stop,171,2,I5,"replay differs from the tables: books differ: table {} != replay {('team-c', 'r0-n00'): (2, 24, 192000)}",{},{},,17,18,4,0.0145
kube-fake,release_at_stop,172,2,I5,"replay differs from the tables: books differ: table {('team-a', 'r0-n00'): (2, 24, 192000), ('team-a', 'r1-n00'): (4, 48, 384000), ('team-b', 'r0-n00'): (4, 48,","{""cap_change"": 1, ""crash"": 2, ""store_tx_fail"": 1}","{""start.after_call"": 2}",,106,120,25,0.2221
kube-fake,release_at_stop,173,2,I5,"replay differs from the tables: books differ: table {('team-b', 'r0-n00'): (7, 84, 672000)} != replay {('team-b', 'r0-n00'): (7, 84, 672000), ('team-c', 'r0-n01",{},{},,60,63,14,0.0988
kube-fake,release_at_stop,174,0,,,"{""zombie"": 2}",{},94599,148,122,30,0.3022
kube-fake,release_at_stop,175,0,,,"{""job_pending"": 1}",{},61928,140,164,28,0.3491
kube-fake,release_at_stop,176,2,I5,"replay differs from the tables: books differ: table {('team-b', 'r0-n00'): (8, 96, 768000), ('team-b', 'r0-n01'): (8, 96, 768000), ('team-c', 'r1-n00'): (1, 12,",{},{},,30,30,8,0.0434
kube-fake,release_at_stop,177,0,,,"{""job_pending"": 1}",{},174245,116,134,28,0.3044
kube-fake,release_at_stop,178,0,,,"{""api_errors"": 1, ""store_outage"": 2}",{},126843,128,162,29,0.3114
kube-fake,release_at_stop,179,2,I5,"replay differs from the tables: books differ: table {('team-a', 'r0-n00'): (3, 36, 288000), ('team-a', 'r1-n00'): (8, 96, 768000), ('team-a', 'r1-n01'): (6, 72,","{""pod_evicted"": 1}",{},,44,47,11,0.087
kube-fake,release_at_stop,180,2,I5,"replay differs from the tables: books differ: table {('team-a', 'r0-n00'): (2, 24, 192000), ('team-a', 'r1-n00'): (4, 48, 384000), ('team-b', 'r0-n00'): (2, 24,",{},{},,69,73,17,0.1471
kube-fake,release_at_stop,181,2,I5,"replay differs from the tables: books differ: table {('team-a', 'r1-n00'): (3, 36, 288000), ('team-b', 'r0-n00'): (8, 96, 768000), ('team-b', 'r0-n01'): (2, 24,","{""api_errors"": 1, ""pod_evicted"": 1}",{},,97,101,20,0.1733
kube-fake,release_at_stop,182,2,I5,"replay differs from the tables: books differ: table {('team-a', 'r0-n00'): (2, 24, 192000), ('team-a', 'r0-n01'): (2, 24, 192000), ('team-a', 'r1-n00'): (1, 12,","{""pod_evicted"": 1, ""store_outage"": 1, ""zombie"": 1}",{},,117,120,24,0.3082
kube-fake,release_at_stop,183,2,I5,"replay differs from the tables: books differ: table {('team-a', 'r0-n01'): (8, 96, 768000), ('team-c', 'r0-n00'): (8, 96, 768000), ('team-c', 'r1-n01'): (4, 48,","{""observe_down"": 1, ""preempt"": 2, ""race_cancel"": 1}",{},,13,17,4,0.0176
kube-fake,release_at_stop,184,0,,,"{""api_errors"": 1, ""race_cancel"": 1, ""store_outage"": 2, ""zombie"": 1}",{},154334,178,199,36,0.5574
kube-fake,release_at_stop,185,2,I5,"replay differs from the tables: books differ: table {('team-a', 'r1-n00'): (2, 24, 192000), ('team-b', 'r0-n00'): (7, 84, 672000), ('team-b', 'r1-n00'): (1, 12,","{""pod_evicted"": 1, ""policy_fault"": 2}",{},,50,49,13,0.092
kube-fake,release_at_stop,186,2,I5,"replay differs from the tables: books differ: table {('team-a', 'r0-n00'): (4, 48, 384000)} != replay {('team-a', 'r0-n00'): (4, 48, 384000), ('team-b', 'r0-n00",{},{},,8,10,2,0.0087
kube-fake,release_at_stop,187,0,,,"{""pod_evicted"": 1, ""race_cancel"": 1, ""zombie"": 1}",{},90207,129,121,31,0.3456
kube-fake,release_at_stop,188,12,I5,"replay differs from the tables: books differ: table {('team-b', 'r1-n01'): (8, 96, 768000)} != replay {('team-a', 'r0-n01'): (8, 96, 768000), ('team-a', 'r1-n00","{""api_errors"": 1, ""zombie"": 1}",{},,37,16,11,0.0396
kube-fake,release_at_stop,189,2,I5,"replay differs from the tables: books differ: table {('team-b', 'r0-n00'): (1, 12, 96000)} != replay {('team-b', 'r0-n00'): (3, 36, 288000)}","{""observe_stale"": 1}",{},,28,31,4,0.0346
kube-fake,release_at_stop,190,2,I5,"replay differs from the tables: books differ: table {('team-b', 'r0-n00'): (8, 96, 768000), ('team-b', 'r0-n01'): (2, 24, 192000)} != replay {('team-a', 'r0-n01","{""job_pending"": 1, ""preempt"": 1}",{},,9,10,3,0.0087
kube-fake,release_at_stop,191,2,I5,"replay differs from the tables: books differ: table {('team-a', 'r0-n01'): (4, 48, 384000), ('team-b', 'r0-n00'): (5, 60, 480000), ('team-c', 'r0-n00'): (1, 12,",{},{},,23,24,7,0.0331
kube-fake,release_at_stop,192,2,I5,"replay differs from the tables: books differ: table {('team-a', 'r0-n00'): (6, 72, 576000), ('team-a', 'r0-n01'): (6, 72, 576000), ('team-c', 'r0-n00'): (1, 12,","{""race_cancel"": 1}",{},,37,38,10,0.0576
kube-fake,release_at_stop,193,2,I5,"replay differs from the tables: books differ: table {('team-a', 'r1-n00'): (4, 48, 384000), ('team-b', 'r0-n01'): (6, 72, 576000), ('team-b', 'r1-n00'): (2, 24,","{""observe_stale"": 2, ""store_tx_fail"": 1}",{},,115,129,24,0.2461
kube-fake,release_at_stop,194,2,I5,"replay differs from the tables: books differ: table {('team-a', 'r0-n00'): (2, 24, 192000), ('team-a', 'r1-n01'): (4, 48, 384000), ('team-b', 'r0-n00'): (1, 12,",{},{},,80,85,19,0.1613
kube-fake,release_at_stop,195,2,I5,"replay differs from the tables: books differ: table {('team-c', 'r0-n00'): (3, 36, 288000)} != replay {('team-c', 'r0-n00'): (3, 36, 288000), ('team-c', 'r0-n01","{""crash"": 1}","{""ended.before_forget"": 1}",,19,21,4,0.0252
kube-fake,release_at_stop,196,2,I5,"replay differs from the tables: books differ: table {('team-a', 'r0-n00'): (2, 24, 192000), ('team-a', 'r0-n01'): (8, 96, 768000), ('team-a', 'r1-n00'): (4, 48,",{},{},,74,79,15,0.1116
kube-fake,release_at_stop,197,6,I5,"replay differs from the tables: books differ: table {('team-a', 'r0-n00'): (8, 96, 768000), ('team-a', 'r1-n00'): (8, 96, 768000), ('team-b', 'r1-n01'): (8, 96,","{""zombie"": 1}",{},,36,19,15,0.0526
kube-fake,release_at_stop,198,2,I5,"replay differs from the tables: books differ: table {('team-a', 'r0-n00'): (6, 72, 576000), ('team-a', 'r1-n01'): (6, 72, 576000), ('team-b', 'r0-n00'): (1, 12,","{""crash"": 2, ""zombie"": 1}","{""start.after_commit"": 1, ""stop.before_call"": 1}",,114,101,30,0.2399
kube-fake,release_at_stop,199,2,I5,"replay differs from the tables: books differ: table {('team-a', 'r0-n01'): (1, 12, 96000), ('team-a', 'r1-n00'): (8, 96, 768000), ('team-b', 'r1-n01'): (1, 12, ","{""policy_fault"": 2, ""zombie"": 1}",{},,91,82,23,0.2022
kube-fake,release_at_stop,200,2,I5,"replay differs from the tables: books differ: table {('team-a', 'r1-n00'): (2, 24, 192000), ('team-b', 'r0-n00'): (2, 24, 192000), ('team-c', 'r0-n00'): (4, 48,","{""node_down"": 1}",{},,41,40,9,0.0737
local,no_epoch_check,1,0,,,"{""race_cancel"": 2, ""store_tx_fail"": 1}",{},136791,192,152,32,0.3205
local,no_epoch_check,2,0,,,"{""policy_fault"": 1, ""slow_start"": 1, ""start_fail"": 1, ""zombie"": 1}",{},88182,134,104,29,0.1561
local,no_epoch_check,3,1,I5,seq 146: written under lease epoch 1 after epoch 2 (a controller that lost the lease wrote),"{""attempt_crash"": 1, ""store_outage"": 1, ""zombie"": 1}",{},,146,77,35,0.1556
local,no_epoch_check,4,0,,,"{""attempt_lost"": 1, ""stop_fail"": 1}",{},235074,230,167,35,0.3158
local,no_epoch_check,5,0,,,"{""crash"": 1, ""slow_start"": 1}","{""submit.after_commit"": 1}",192541,106,101,23,0.11
local,no_epoch_check,6,0,,,"{""cap_change"": 1, ""policy_fault"": 1, ""race_cancel"": 1, ""slow_start"": 1}",{},161723,98,110,20,0.0902
local,no_epoch_check,7,0,,,"{""race_cancel"": 1}",{},116102,121,116,24,0.1511
local,no_epoch_check,8,0,,,"{""crash"": 2, ""observe_down"": 1, ""store_outage"": 1, ""zombie"": 1}","{""requeue.before_commit"": 1, ""stop.before_call"": 1}",116491,134,116,27,0.1504
local,no_epoch_check,9,0,,,"{""cap_change"": 1, ""observe_down"": 2, ""observe_stale"": 1, ""race_cancel"": 1}",{},41665,109,103,21,0.1361
local,no_epoch_check,10,0,,,"{""policy_fault"": 1, ""store_tx_fail"": 1, ""zombie"": 1}",{},8147,120,111,27,0.1688
local,no_epoch_check,11,0,,,"{""attempt_crash"": 1, ""policy_fault"": 1, ""preempt"": 1, ""race_cancel"": 1}",{},93853,143,134,31,0.1888
local,no_epoch_check,12,0,,,"{""stop_fail"": 1}",{},104150,188,159,40,0.2667
local,no_epoch_check,13,0,,,"{""attempt_lost"": 1, ""crash"": 1, ""policy_fault"": 1}","{""ended.before_forget"": 1}",274811,204,184,37,0.286
local,no_epoch_check,14,0,,,"{""observe_stale"": 1, ""policy_fault"": 1}",{},47028,148,137,28,0.1739
local,no_epoch_check,15,0,,,"{""stop_fail"": 1, ""store_tx_fail"": 1}",{},89817,168,148,38,0.2697
local,no_epoch_check,16,0,,,"{""race_cancel"": 1}",{},93717,92,81,23,0.0864
local,no_epoch_check,17,0,,,"{""node_down"": 1, ""race_cancel"": 1, ""store_outage"": 1, ""store_tx_fail"": 1}",{},71770,150,163,29,0.2009
local,no_epoch_check,18,0,,,"{""observe_stale"": 1, ""zombie"": 3}",{},51855,150,109,35,0.1783
local,no_epoch_check,19,0,,,"{""stop_fail"": 1}",{},76050,96,91,20,0.0974
local,no_epoch_check,20,0,,,"{""crash"": 1, ""store_outage"": 1}","{""ended.before_forget"": 1}",69838,126,115,21,0.1297
local,no_epoch_check,21,0,,,"{""attempt_crash"": 1, ""node_down"": 1, ""slow_start"": 1}",{},150074,202,179,39,0.2573
local,no_epoch_check,22,0,,,"{""observe_stale"": 1, ""policy_fault"": 1, ""stop_fail"": 1}",{},119835,140,127,28,0.1638
local,no_epoch_check,23,0,,,"{""crash"": 1, ""race_cancel"": 1, ""slow_start"": 1}","{""ended.before_forget"": 1}",12714,142,122,27,0.1557
local,no_epoch_check,24,0,,,"{""observe_stale"": 1, ""race_cancel"": 1}",{},158587,206,180,40,0.3289
local,no_epoch_check,25,0,,,"{""attempt_lost"": 1, ""observe_down"": 1, ""zombie"": 1}",{},170282,216,151,36,0.3026
local,no_epoch_check,26,0,,,"{""observe_stale"": 1}",{},137876,164,151,33,0.2264
local,no_epoch_check,27,0,,,"{""store_tx_fail"": 1}",{},238436,182,168,36,0.2994
local,no_epoch_check,28,0,,,"{""slow_start"": 1, ""zombie"": 1}",{},83431,150,130,29,0.229
local,no_epoch_check,29,0,,,"{""race_cancel"": 1}",{},112635,136,114,26,0.1915
local,no_epoch_check,30,0,,,"{""attempt_crash"": 1, ""cap_change"": 1, ""crash"": 1}","{""ended.before_forget"": 1}",81186,138,113,26,0.2
local,no_epoch_check,31,0,,,"{""attempt_lost"": 1, ""observe_down"": 1, ""store_outage"": 1}",{},72058,108,110,22,0.1024
local,no_epoch_check,32,0,,,"{""attempt_crash"": 1, ""attempt_lost"": 1, ""node_down"": 1, ""observe_down"": 1, ""observe_stale"": 1}",{},79157,235,194,36,0.4012
local,no_epoch_check,33,0,,,"{""observe_stale"": 1, ""preempt"": 1, ""race_cancel"": 1, ""store_outage"": 2}",{},140964,138,142,25,0.1837
local,no_epoch_check,34,0,,,"{""node_down"": 1, ""observe_stale"": 1, ""slow_start"": 1, ""zombie"": 1}",{},114791,149,115,31,0.1567
local,no_epoch_check,35,0,,,"{""store_outage"": 1, ""zombie"": 1}",{},201265,238,208,39,0.4178
local,no_epoch_check,36,0,,,"{""cap_change"": 1, ""observe_stale"": 2, ""start_fail"": 1, ""store_outage"": 1, ""zombie"": 1}",{},76515,108,100,24,0.1427
local,no_epoch_check,37,0,,,"{""cap_change"": 1, ""policy_fault"": 2, ""stop_fail"": 1, ""store_tx_fail"": 1}",{},199527,176,166,31,0.2532
local,no_epoch_check,38,0,,,"{""crash"": 1, ""race_cancel"": 1, ""store_outage"": 1}","{""submit.after_commit"": 1}",111532,112,114,25,0.1448
local,no_epoch_check,39,0,,,"{""attempt_lost"": 1, ""observe_stale"": 1, ""race_cancel"": 1, ""store_outage"": 1, ""store_tx_fail"": 1, ""zombie"": 1}",{},282981,222,196,40,0.4119
local,no_epoch_check,40,0,,,"{""stop_fail"": 1}",{},152965,116,96,24,0.1364
local,no_epoch_check,41,0,,,"{""store_outage"": 1}",{},188873,152,139,33,0.2065
local,no_epoch_check,42,0,,,"{""attempt_crash"": 1, ""attempt_lost"": 1, ""cap_change"": 1, ""observe_stale"": 1, ""policy_fault"": 1, ""start_fail"": 1}",{},0,140,132,30,0.2092
local,no_epoch_check,43,0,,,"{""attempt_crash"": 1, ""observe_stale"": 1, ""start_fail"": 2, ""store_tx_fail"": 1}",{},58271,150,148,28,0.213
local,no_epoch_check,44,0,,,"{""node_down"": 1, ""observe_stale"": 1, ""start_fail"": 2, ""store_outage"": 1, ""zombie"": 1}",{},64735,191,177,41,0.3367
local,no_epoch_check,45,0,,,"{""cap_change"": 1, ""crash"": 1}","{""ended.before_forget"": 1}",142298,174,128,38,0.2182
local,no_epoch_check,46,0,,,"{""attempt_crash"": 1, ""cap_change"": 1, ""race_cancel"": 1, ""store_outage"": 1}",{},0,104,108,21,0.0935
local,no_epoch_check,47,0,,,"{""attempt_crash"": 1, ""start_fail"": 1}",{},190101,118,101,24,0.1622
local,no_epoch_check,48,0,,,"{""observe_down"": 1, ""observe_stale"": 1, ""preempt"": 1}",{},119382,190,172,35,0.3706
local,no_epoch_check,49,0,,,"{""attempt_crash"": 1, ""attempt_lost"": 1, ""observe_stale"": 1}",{},166866,118,110,20,0.1217
local,no_epoch_check,50,0,,,"{""cap_change"": 1, ""crash"": 1, ""start_fail"": 1, ""store_outage"": 1}","{""submit.after_commit"": 1}",59673,130,126,26,0.1477
local,no_epoch_check,51,0,,,"{""preempt"": 1}",{},357767,220,159,33,0.3353
local,no_epoch_check,52,0,,,"{""attempt_lost"": 1}",{},149853,220,184,40,0.3094
local,no_epoch_check,53,0,,,"{""node_down"": 1, ""stop_fail"": 1, ""zombie"": 1}",{},91033,189,146,38,0.2846
local,no_epoch_check,54,0,,,"{""attempt_crash"": 1, ""attempt_lost"": 1, ""observe_down"": 1, ""policy_fault"": 1, ""race_cancel"": 2}",{},71637,112,107,23,0.1322
local,no_epoch_check,55,0,,,"{""attempt_crash"": 1, ""race_cancel"": 1}",{},137041,100,93,22,0.1226
local,no_epoch_check,56,0,,,"{""observe_stale"": 2, ""start_fail"": 1}",{},79586,184,166,38,0.3043
local,no_epoch_check,57,0,,,"{""attempt_lost"": 1, ""observe_stale"": 1, ""store_outage"": 1}",{},166793,208,206,38,0.2948
local,no_epoch_check,58,0,,,"{""attempt_crash"": 1}",{},115632,178,155,35,0.2671
local,no_epoch_check,59,0,,,"{""race_cancel"": 1, ""stop_fail"": 1}",{},202838,134,129,27,0.1859
local,no_epoch_check,60,0,,,"{""observe_down"": 1, ""race_cancel"": 1, ""stop_fail"": 1}",{},118629,123,114,28,0.1868
local,no_epoch_check,61,0,,,"{""race_cancel"": 1}",{},134432,177,164,34,0.2756
local,no_epoch_check,62,0,,,"{""crash"": 1, ""observe_down"": 1, ""store_outage"": 1}","{""submit.after_commit"": 1}",189881,140,132,27,0.189
local,no_epoch_check,63,0,,,"{""attempt_crash"": 1}",{},81731,120,103,24,0.1308
local,no_epoch_check,64,0,,,"{""node_down"": 1, ""race_cancel"": 1}",{},136009,211,183,32,0.3103
local,no_epoch_check,65,0,,,"{""zombie"": 1}",{},134495,142,124,30,0.21
local,no_epoch_check,66,0,,,{},{},201167,162,143,33,0.2668
local,no_epoch_check,67,0,,,"{""attempt_lost"": 1, ""crash"": 1, ""store_tx_fail"": 2, ""zombie"": 1}","{""start.after_call"": 1}",139746,140,120,29,0.2002
local,no_epoch_check,68,0,,,"{""attempt_crash"": 1, ""attempt_lost"": 1, ""stop_fail"": 1}",{},291929,180,152,36,0.2756
local,no_epoch_check,69,0,,,"{""attempt_crash"": 1, ""node_down"": 1}",{},263568,182,143,29,0.2309
local,no_epoch_check,70,0,,,"{""attempt_crash"": 1}",{},151312,178,151,34,0.2618
local,no_epoch_check,71,0,,,"{""policy_fault"": 1, ""race_cancel"": 1, ""stop_fail"": 1, ""zombie"": 1}",{},148066,234,164,39,0.3766
local,no_epoch_check,72,0,,,"{""attempt_lost"": 1}",{},153129,106,94,24,0.1326
local,no_epoch_check,73,0,,,"{""observe_down"": 1, ""race_cancel"": 1, ""zombie"": 1}",{},117414,125,114,28,0.1833
local,no_epoch_check,74,0,,,"{""race_cancel"": 1}",{},160238,164,154,36,0.2602
local,no_epoch_check,75,0,,,"{""node_down"": 1}",{},168375,98,87,20,0.1103
local,no_epoch_check,76,0,,,"{""cap_change"": 1, ""crash"": 1, ""node_down"": 1, ""stop_fail"": 1, ""zombie"": 2}","{""start.after_call"": 1}",162,125,95,25,0.1681
local,no_epoch_check,77,0,,,"{""attempt_crash"": 2, ""observe_stale"": 1, ""preempt"": 1, ""race_cancel"": 1, ""stop_fail"": 1}",{},157618,130,119,24,0.1741
local,no_epoch_check,78,0,,,"{""attempt_lost"": 2, ""crash"": 1, ""observe_down"": 1, ""preempt"": 1}","{""start.after_commit"": 1}",167957,146,129,23,0.2091
local,no_epoch_check,79,0,,,"{""policy_fault"": 1, ""start_fail"": 1}",{},126594,106,98,21,0.1205
local,no_epoch_check,80,0,,,"{""node_down"": 1, ""policy_fault"": 1, ""stop_fail"": 1, ""zombie"": 2}",{},267975,243,148,40,0.4589
local,no_epoch_check,81,0,,,"{""start_fail"": 1, ""store_outage"": 1}",{},154868,202,184,34,0.3381
local,no_epoch_check,82,0,,,"{""attempt_lost"": 1, ""crash"": 1, ""observe_down"": 2}","{""submit.after_commit"": 1}",236145,124,117,25,0.1555
local,no_epoch_check,83,0,,,"{""attempt_lost"": 1, ""policy_fault"": 1}",{},122054,186,172,38,0.3461
local,no_epoch_check,84,0,,,"{""crash"": 1, ""preempt"": 1, ""race_cancel"": 1}","{""submit.after_commit"": 1}",223544,1159,298,32,1.2025
local,no_epoch_check,85,0,,,"{""attempt_lost"": 1, ""observe_stale"": 1, ""store_outage"": 1}",{},106782,96,99,21,0.1111
local,no_epoch_check,86,0,,,"{""crash"": 1, ""observe_down"": 1, ""race_cancel"": 1, ""store_tx_fail"": 1, ""zombie"": 1}","{""requeue.before_commit"": 1}",185266,234,192,44,0.4426
local,no_epoch_check,87,0,,,"{""start_fail"": 1}",{},195048,118,100,22,0.157
local,no_epoch_check,88,0,,,"{""cap_change"": 1, ""observe_stale"": 1, ""policy_fault"": 2, ""race_cancel"": 1, ""stop_fail"": 1}",{},107464,180,155,37,0.3176
local,no_epoch_check,89,0,,,"{""crash"": 2, ""race_cancel"": 1, ""start_fail"": 1, ""stop_fail"": 1}","{""start.after_commit"": 1, ""stop.before_call"": 1}",147314,182,167,36,0.364
local,no_epoch_check,90,0,,,"{""node_down"": 1, ""policy_fault"": 1, ""preempt"": 1}",{},248448,177,163,34,0.3312
local,no_epoch_check,91,0,,,"{""observe_stale"": 1}",{},127104,176,164,35,0.3164
local,no_epoch_check,92,0,,,"{""crash"": 2, ""preempt"": 1, ""race_cancel"": 1, ""zombie"": 1}","{""ended.before_forget"": 2}",232701,208,160,43,0.4112
local,no_epoch_check,93,0,,,"{""crash"": 2, ""race_cancel"": 2, ""store_outage"": 1, ""zombie"": 1}","{""ended.before_forget"": 1, ""submit.after_commit"": 1}",82898,144,134,31,0.2592
local,no_epoch_check,94,0,,,"{""attempt_lost"": 2, ""observe_stale"": 2, ""policy_fault"": 1}",{},81478,180,164,31,0.3228
local,no_epoch_check,95,0,,,"{""attempt_lost"": 1, ""node_down"": 1, ""slow_start"": 1, ""start_fail"": 1, ""store_outage"": 1}",{},185110,168,169,34,0.3147
local,no_epoch_check,96,0,,,"{""store_tx_fail"": 1, ""zombie"": 2}",{},91335,168,143,34,0.2968
local,no_epoch_check,97,0,,,"{""zombie"": 1}",{},116179,150,129,28,0.2249
local,no_epoch_check,98,0,,,"{""attempt_lost"": 1, ""node_down"": 1, ""start_fail"": 1, ""zombie"": 2}",{},185455,140,93,26,0.2207
local,no_epoch_check,99,0,,,"{""crash"": 2}","{""start.after_commit"": 1, ""stop.before_call"": 1}",218652,244,188,37,0.4908
local,no_epoch_check,100,0,,,"{""crash"": 1, ""node_down"": 1, ""policy_fault"": 1, ""race_cancel"": 1}","{""ended.before_forget"": 1}",57613,140,132,26,0.2114
local,no_epoch_check,101,0,,,"{""attempt_crash"": 1, ""store_tx_fail"": 1}",{},121164,188,147,40,0.3113
local,no_epoch_check,102,0,,,"{""node_down"": 1, ""race_cancel"": 1, ""zombie"": 1}",{},59790,132,109,29,0.1988
local,no_epoch_check,103,0,,,"{""stop_fail"": 1, ""zombie"": 1}",{},254040,180,153,38,0.3799
local,no_epoch_check,104,0,,,"{""observe_stale"": 2, ""policy_fault"": 1, ""slow_start"": 1}",{},46671,114,103,25,0.1698
local,no_epoch_check,105,0,,,"{""start_fail"": 1}",{},156160,150,141,33,0.2557
local,no_epoch_check,106,0,,,"{""crash"": 1, ""preempt"": 1, ""race_cancel"": 1, ""store_outage"": 1}","{""stop.before_call"": 1}",34134,206,186,39,0.3803
local,no_epoch_check,107,0,,,"{""store_tx_fail"": 1}",{},68735,138,133,29,0.2157
local,no_epoch_check,108,0,,,"{""node_down"": 1, ""observe_stale"": 1}",{},161834,203,184,34,0.3725
local,no_epoch_check,109,0,,,"{""slow_start"": 1}",{},159745,154,151,29,0.2603
local,no_epoch_check,110,0,,,"{""node_down"": 1, ""race_cancel"": 1, ""zombie"": 1}",{},91749,137,119,24,0.1766
local,no_epoch_check,111,0,,,"{""attempt_crash"": 1, ""attempt_lost"": 1, ""crash"": 1, ""observe_stale"": 2, ""store_outage"": 1}","{""submit.after_commit"": 1}",40505,120,120,27,0.2158
local,no_epoch_check,112,0,,,"{""store_outage"": 1, ""store_tx_fail"": 1}",{},136570,110,101,21,0.1273
local,no_epoch_check,113,0,,,"{""cap_change"": 1, ""crash"": 1, ""race_cancel"": 1, ""stop_fail"": 2}","{""ended.before_forget"": 1}",0,126,115,25,0.1831
local,no_epoch_check,114,0,,,"{""zombie"": 1}",{},169798,152,111,34,0.2731
local,no_epoch_check,115,0,,,"{""crash"": 1, ""start_fail"": 1}","{""requeue.before_commit"": 1}",142837,156,143,32,0.2443
local,no_epoch_check,116,0,,,"{""observe_down"": 1, ""observe_stale"": 1}",{},17033,225,182,38,0.3845
local,no_epoch_check,117,0,,,"{""observe_down"": 1, ""observe_stale"": 1, ""race_cancel"": 1, ""slow_start"": 1, ""store_outage"": 1, ""zombie"": 1}",{},105597,137,129,28,0.2187
local,no_epoch_check,118,0,,,"{""crash"": 1, ""node_down"": 1}","{""stop.before_call"": 1}",109214,128,114,23,0.1729
local,no_epoch_check,119,0,,,"{""attempt_crash"": 1, ""race_cancel"": 1, ""start_fail"": 1, ""stop_fail"": 1}",{},7678,128,128,30,0.1967
local,no_epoch_check,120,0,,,"{""start_fail"": 1, ""stop_fail"": 1}",{},159602,182,162,35,0.3068
local,no_epoch_check,121,0,,,"{""preempt"": 1}",{},288764,148,125,31,0.2273
local,no_epoch_check,122,0,,,"{""attempt_crash"": 1, ""crash"": 1, ""observe_stale"": 1}","{""start.after_commit"": 1}",107785,120,106,27,0.1684
local,no_epoch_check,123,0,,,"{""race_cancel"": 2, ""start_fail"": 1, ""zombie"": 1}",{},159140,130,118,27,0.198
local,no_epoch_check,124,0,,,"{""cap_change"": 1, ""observe_down"": 1}",{},33924,128,105,24,0.1946
local,no_epoch_check,125,0,,,"{""cap_change"": 1, ""crash"": 1, ""slow_start"": 1}","{""stop.before_call"": 1}",86012,136,118,30,0.1842
local,no_epoch_check,126,1,I5,seq 18: written under lease epoch 1 after epoch 2 (a controller that lost the lease wrote),"{""zombie"": 1}",{},,18,5,7,0.011
local,no_epoch_check,127,0,,,"{""crash"": 1, ""node_down"": 1, ""observe_stale"": 2, ""store_tx_fail"": 1, ""zombie"": 1}","{""start.after_call"": 1}",123533,213,166,37,0.3972
local,no_epoch_check,128,0,,,"{""observe_stale"": 1}",{},117487,146,127,32,0.2436
local,no_epoch_check,129,0,,,"{""attempt_lost"": 1, ""crash"": 1, ""store_outage"": 1, ""zombie"": 1}","{""start.after_call"": 1}",38055,120,88,24,0.1469
local,no_epoch_check,130,0,,,"{""observe_down"": 1, ""race_cancel"": 1, ""store_tx_fail"": 1, ""zombie"": 1}",{},131920,202,161,38,0.3875
local,no_epoch_check,131,0,,,"{""crash"": 1, ""slow_start"": 1}","{""start.after_commit"": 1}",137727,142,130,26,0.2306
local,no_epoch_check,132,0,,,"{""crash"": 1, ""observe_down"": 1, ""observe_stale"": 1, ""race_cancel"": 1, ""zombie"": 1}","{""start.after_commit"": 1}",147569,210,180,45,0.4295
local,no_epoch_check,133,0,,,"{""attempt_crash"": 1, ""crash"": 1, ""node_down"": 1, ""policy_fault"": 1, ""preempt"": 1}","{""submit.after_commit"": 1}",35451,138,124,29,0.2021
local,no_epoch_check,134,0,,,"{""attempt_lost"": 1, ""race_cancel"": 1}",{},135396,144,128,26,0.2136
local,no_epoch_check,135,0,,,"{""cap_change"": 1, ""node_down"": 1, ""observe_stale"": 1, ""slow_start"": 1}",{},76916,152,138,31,0.2401
local,no_epoch_check,136,0,,,"{""observe_down"": 1, ""zombie"": 1}",{},494116,208,145,39,0.3172
local,no_epoch_check,137,0,,,"{""attempt_lost"": 1, ""crash"": 1, ""store_outage"": 1, ""zombie"": 1}","{""submit.after_commit"": 1}",116150,190,171,38,0.3491
local,no_epoch_check,138,0,,,"{""node_down"": 1, ""observe_stale"": 1}",{},48948,201,176,35,0.399
local,no_epoch_check,139,0,,,"{""observe_stale"": 1}",{},211315,212,173,36,0.3624
local,no_epoch_check,140,0,,,"{""node_down"": 1, ""race_cancel"": 2, ""slow_start"": 1}",{},82138,112,114,27,0.1708
local,no_epoch_check,141,0,,,"{""crash"": 1}","{""start.after_commit"": 1}",119561,130,113,29,0.1786
local,no_epoch_check,142,0,,,"{""observe_down"": 1}",{},274341,224,171,38,0.3917
local,no_epoch_check,143,0,,,"{""node_down"": 1, ""stop_fail"": 1}",{},174182,141,120,23,0.2239
local,no_epoch_check,144,0,,,"{""attempt_crash"": 1, ""crash"": 1, ""observe_down"": 1, ""observe_stale"": 1, ""stop_fail"": 1, ""zombie"": 1}","{""requeue.before_commit"": 1}",15064,120,98,28,0.1732
local,no_epoch_check,145,0,,,"{""cap_change"": 1, ""race_cancel"": 1, ""slow_start"": 1, ""store_outage"": 1, ""zombie"": 1}",{},135609,107,88,22,0.133
local,no_epoch_check,146,0,,,"{""observe_down"": 1, ""preempt"": 1, ""zombie"": 2}",{},353123,304,174,50,0.5073
local,no_epoch_check,147,0,,,"{""store_tx_fail"": 1}",{},160481,132,123,26,0.1979
local,no_epoch_check,148,0,,,"{""observe_stale"": 1, ""store_outage"": 1}",{},109035,178,156,37,0.3164
local,no_epoch_check,149,0,,,"{""attempt_crash"": 1, ""observe_stale"": 1, ""policy_fault"": 2, ""zombie"": 1}",{},93495,188,155,34,0.3286
local,no_epoch_check,150,0,,,"{""attempt_crash"": 1, ""crash"": 1}","{""submit.after_commit"": 1}",177797,162,163,35,0.2909
local,no_epoch_check,151,0,,,"{""observe_stale"": 1, ""slow_start"": 1, ""store_tx_fail"": 1, ""zombie"": 1}",{},150076,198,178,38,0.3789
local,no_epoch_check,152,0,,,"{""observe_stale"": 2, ""store_outage"": 2}",{},22560,150,149,28,0.2346
local,no_epoch_check,153,0,,,"{""policy_fault"": 1}",{},139875,214,169,39,0.3905
local,no_epoch_check,154,0,,,"{""crash"": 1, ""preempt"": 1, ""race_cancel"": 2, ""zombie"": 1}","{""requeue.before_commit"": 1}",245684,163,124,35,0.2756
local,no_epoch_check,155,0,,,"{""race_cancel"": 1, ""zombie"": 1}",{},88917,140,110,31,0.2297
local,no_epoch_check,156,0,,,"{""cap_change"": 1, ""node_down"": 1, ""race_cancel"": 1, ""store_tx_fail"": 1}",{},194940,192,186,36,0.3896
local,no_epoch_check,157,0,,,"{""attempt_crash"": 1, ""crash"": 1, ""node_down"": 1, ""observe_down"": 1, ""preempt"": 1, ""slow_start"": 1}","{""submit.after_commit"": 1}",131072,153,136,25,0.2586
local,no_epoch_check,158,0,,,"{""attempt_lost"": 1, ""observe_stale"": 1, ""race_cancel"": 1, ""store_tx_fail"": 1}",{},97441,156,144,27,0.2711
local,no_epoch_check,159,0,,,"{""slow_start"": 1, ""start_fail"": 1, ""stop_fail"": 1}",{},2990,132,123,25,0.2245
local,no_epoch_check,160,0,,,"{""attempt_crash"": 1, ""observe_down"": 1}",{},158914,192,162,34,0.3187
local,no_epoch_check,161,0,,,"{""observe_stale"": 2, ""zombie"": 1}",{},148232,200,148,40,0.333
local,no_epoch_check,162,0,,,"{""attempt_lost"": 1, ""observe_down"": 1, ""observe_stale"": 1, ""policy_fault"": 1, ""start_fail"": 1}",{},69732,202,172,35,0.3476
local,no_epoch_check,163,0,,,"{""slow_start"": 1, ""start_fail"": 1}",{},99633,204,180,38,0.3878
local,no_epoch_check,164,0,,,"{""observe_stale"": 1, ""policy_fault"": 2, ""store_outage"": 1, ""zombie"": 1}",{},183085,186,141,33,0.316
local,no_epoch_check,165,1,I5,seq 73: written under lease epoch 1 after epoch 2 (a controller that lost the lease wrote),"{""cap_change"": 1, ""observe_down"": 1, ""zombie"": 1}",{},,73,45,21,0.0801
local,no_epoch_check,166,0,,,"{""cap_change"": 1, ""store_tx_fail"": 2}",{},0,144,136,30,0.2444
local,no_epoch_check,167,0,,,"{""node_down"": 1, ""observe_stale"": 1, ""race_cancel"": 1, ""stop_fail"": 1}",{},56626,150,149,28,0.2314
local,no_epoch_check,168,0,,,"{""attempt_crash"": 1, ""crash"": 2, ""stop_fail"": 1, ""store_tx_fail"": 1}","{""ended.before_forget"": 1, ""start.after_commit"": 1}",118963,158,130,30,0.2459
local,no_epoch_check,169,0,,,"{""observe_down"": 1, ""observe_stale"": 1, ""race_cancel"": 1, ""slow_start"": 1, ""stop_fail"": 1, ""zombie"": 1}",{},198907,168,118,36,0.2751
local,no_epoch_check,170,0,,,"{""cap_change"": 1}",{},130933,170,135,33,0.2724
local,no_epoch_check,171,0,,,"{""observe_down"": 1, ""observe_stale"": 1, ""stop_fail"": 1}",{},107179,132,125,26,0.2421
local,no_epoch_check,172,0,,,"{""cap_change"": 1, ""crash"": 2, ""race_cancel"": 1, ""store_tx_fail"": 1}","{""start.after_call"": 2}",92486,163,154,34,0.3019
local,no_epoch_check,173,0,,,"{""race_cancel"": 1}",{},79633,117,108,24,0.1562
local,no_epoch_check,174,0,,,"{""observe_stale"": 1, ""store_tx_fail"": 1}",{},84316,128,117,25,0.1715
local,no_epoch_check,175,0,,,"{""start_fail"": 1}",{},61928,140,127,28,0.2213
local,no_epoch_check,176,0,,,"{""crash"": 1, ""race_cancel"": 1, ""start_fail"": 1, ""zombie"": 2}","{""ended.before_forget"": 1}",51516,191,153,36,0.3415
local,no_epoch_check,177,0,,,"{""start_fail"": 1}",{},174245,116,105,28,0.1929
local,no_epoch_check,178,0,,,"{""observe_down"": 1, ""slow_start"": 1, ""store_outage"": 1}",{},119325,128,124,29,0.2128
local,no_epoch_check,179,0,,,"{""attempt_lost"": 1, ""crash"": 1, ""race_cancel"": 1, ""slow_start"": 1, ""stop_fail"": 1}","{""requeue.before_commit"": 1}",53173,129,123,26,0.2238
local,no_epoch_check,180,0,,,"{""crash"": 1, ""node_down"": 1, ""observe_stale"": 1}","{""stop.before_call"": 1}",50880,141,143,31,0.2589
local,no_epoch_check,181,0,,,"{""observe_stale"": 1, ""stop_fail"": 2, ""store_tx_fail"": 2}",{},121863,148,138,30,0.2255
local,no_epoch_check,182,0,,,"{""attempt_lost"": 1, ""observe_down"": 1, ""race_cancel"": 1, ""slow_start"": 1, ""store_tx_fail"": 1, ""zombie"": 1}",{},163949,172,150,33,0.3276
local,no_epoch_check,183,0,,,"{""cap_change"": 1, ""observe_down"": 1, ""preempt"": 1, ""race_cancel"": 2}",{},32307,100,94,21,0.151
local,no_epoch_check,184,0,,,"{""observe_stale"": 1, ""preempt"": 1, ""slow_start"": 1, ""start_fail"": 1, ""stop_fail"": 1, ""store_outage"": 1}",{},133450,164,162,31,0.3178
local,no_epoch_check,185,0,,,"{""attempt_crash"": 1, ""attempt_lost"": 1, ""cap_change"": 1, ""stop_fail"": 1, ""zombie"": 2}",{},0,130,99,25,0.1983
local,no_epoch_check,186,0,,,"{""attempt_crash"": 1, ""race_cancel"": 1, ""stop_fail"": 1, ""zombie"": 1}",{},147108,117,105,24,0.1801
local,no_epoch_check,187,0,,,"{""observe_stale"": 1, ""policy_fault"": 1, ""zombie"": 1}",{},78761,128,100,31,0.2183
local,no_epoch_check,188,0,,,"{""attempt_lost"": 1, ""cap_change"": 1, ""crash"": 1, ""race_cancel"": 1, ""start_fail"": 2}","{""submit.after_commit"": 1}",73705,172,153,31,0.2849
local,no_epoch_check,189,0,,,"{""observe_stale"": 1}",{},149251,128,109,21,0.1917
local,no_epoch_check,190,0,,,"{""observe_down"": 1, ""observe_stale"": 1, ""preempt"": 1, ""race_cancel"": 1, ""slow_start"": 1, ""store_outage"": 1}",{},85203,140,153,25,0.2728
local,no_epoch_check,191,0,,,"{""observe_stale"": 1, ""race_cancel"": 1, ""start_fail"": 1, ""store_tx_fail"": 1}",{},72521,144,130,32,0.2486
local,no_epoch_check,192,0,,,"{""attempt_crash"": 1, ""node_down"": 1, ""race_cancel"": 2}",{},75754,114,96,21,0.1699
local,no_epoch_check,193,0,,,"{""cap_change"": 1, ""node_down"": 1, ""observe_stale"": 1, ""race_cancel"": 1, ""slow_start"": 1, ""store_tx_fail"": 1}",{},174482,211,193,39,0.4823
local,no_epoch_check,194,0,,,"{""crash"": 2, ""slow_start"": 1, ""store_outage"": 1}","{""ended.before_forget"": 1, ""start.after_call"": 1}",101582,164,174,30,0.3425
local,no_epoch_check,195,0,,,"{""attempt_lost"": 1, ""crash"": 1, ""preempt"": 2, ""slow_start"": 1, ""start_fail"": 1}","{""start.after_call"": 1}",158460,148,140,26,0.2041
local,no_epoch_check,196,0,,,"{""stop_fail"": 1}",{},149574,158,139,26,0.2334
local,no_epoch_check,197,0,,,"{""race_cancel"": 1, ""zombie"": 1}",{},175014,214,165,44,0.3931
local,no_epoch_check,198,0,,,"{""crash"": 2, ""zombie"": 1}","{""start.after_commit"": 1, ""stop.before_call"": 1}",79033,150,122,33,0.2217
local,no_epoch_check,199,0,,,"{""attempt_crash"": 1, ""policy_fault"": 2, ""start_fail"": 1}",{},168504,152,141,32,0.2352
local,no_epoch_check,200,0,,,"{""attempt_crash"": 1, ""attempt_lost"": 1, ""observe_stale"": 1, ""start_fail"": 1}",{},69816,190,170,38,0.3105
local,no_lost_grace,1,0,,,"{""race_cancel"": 2, ""store_tx_fail"": 1}",{},136791,192,152,32,0.3139
local,no_lost_grace,2,0,,,"{""policy_fault"": 1, ""slow_start"": 1, ""start_fail"": 1, ""zombie"": 1}",{},88182,134,104,29,0.1819
local,no_lost_grace,3,0,,,"{""attempt_crash"": 1, ""node_down"": 1, ""store_outage"": 1, ""zombie"": 2}",{},169212,317,183,44,0.5357
local,no_lost_grace,4,0,,,"{""attempt_lost"": 1, ""stop_fail"": 1}",{},235074,230,166,35,0.3283
local,no_lost_grace,5,0,,,"{""crash"": 1, ""slow_start"": 1}","{""submit.after_commit"": 1}",192541,106,101,23,0.1199
local,no_lost_grace,6,0,,,"{""cap_change"": 1, ""policy_fault"": 1, ""race_cancel"": 1, ""slow_start"": 1}",{},161723,98,110,20,0.1181
local,no_lost_grace,7,0,,,"{""race_cancel"": 1}",{},116102,121,116,24,0.1703
local,no_lost_grace,8,0,,,"{""crash"": 2, ""observe_down"": 1, ""store_outage"": 1, ""zombie"": 1}","{""requeue.before_commit"": 1, ""stop.before_call"": 1}",116491,134,116,27,0.1777
local,no_lost_grace,9,0,,,"{""cap_change"": 1, ""observe_down"": 2, ""observe_stale"": 1, ""race_cancel"": 1}",{},41665,109,103,21,0.1454
local,no_lost_grace,10,0,,,"{""policy_fault"": 1, ""store_tx_fail"": 1, ""zombie"": 1}",{},8147,120,111,27,0.176
local,no_lost_grace,11,0,,,"{""attempt_crash"": 1, ""policy_fault"": 1, ""preempt"": 1, ""race_cancel"": 1}",{},93853,143,134,31,0.2191
local,no_lost_grace,12,0,,,"{""stop_fail"": 1}",{},104150,188,159,40,0.3201
local,no_lost_grace,13,0,,,"{""attempt_lost"": 1, ""crash"": 1, ""policy_fault"": 1}","{""ended.before_forget"": 1}",274811,203,182,37,0.3816
local,no_lost_grace,14,0,,,"{""observe_stale"": 1, ""policy_fault"": 1}",{},47028,148,137,28,0.2096
local,no_lost_grace,15,0,,,"{""stop_fail"": 1, ""store_tx_fail"": 1}",{},89817,168,148,38,0.2826
local,no_lost_grace,16,0,,,"{""race_cancel"": 1}",{},93717,92,81,23,0.1187
local,no_lost_grace,17,0,,,"{""node_down"": 1, ""race_cancel"": 1, ""store_outage"": 1, ""store_tx_fail"": 1}",{},71770,150,163,29,0.276
local,no_lost_grace,18,0,,,"{""observe_stale"": 1, ""zombie"": 3}",{},51855,150,109,35,0.2224
local,no_lost_grace,19,0,,,"{""stop_fail"": 1}",{},76050,96,91,20,0.1328
local,no_lost_grace,20,0,,,"{""crash"": 1, ""store_outage"": 1}","{""ended.before_forget"": 1}",69838,126,115,21,0.1606
local,no_lost_grace,21,0,,,"{""attempt_crash"": 1, ""node_down"": 1, ""slow_start"": 1}",{},150074,202,179,39,0.3342
local,no_lost_grace,22,0,,,"{""observe_stale"": 1, ""policy_fault"": 1, ""stop_fail"": 1}",{},119835,140,127,28,0.1964
local,no_lost_grace,23,0,,,"{""crash"": 1, ""race_cancel"": 1, ""slow_start"": 1}","{""ended.before_forget"": 1}",12714,142,122,27,0.1878
local,no_lost_grace,24,0,,,"{""observe_stale"": 1, ""race_cancel"": 1}",{},158587,206,180,40,0.398
local,no_lost_grace,25,0,,,"{""attempt_lost"": 1, ""observe_down"": 1, ""zombie"": 1}",{},167623,216,150,36,0.3628
local,no_lost_grace,26,0,,,"{""observe_stale"": 1}",{},137876,164,151,33,0.2709
local,no_lost_grace,27,0,,,"{""store_tx_fail"": 1}",{},238436,182,168,36,0.3469
local,no_lost_grace,28,0,,,"{""slow_start"": 1, ""zombie"": 1}",{},83431,150,130,29,0.2628
local,no_lost_grace,29,0,,,"{""race_cancel"": 1}",{},112635,136,114,26,0.1717
local,no_lost_grace,30,0,,,"{""attempt_crash"": 1, ""cap_change"": 1, ""crash"": 1}","{""ended.before_forget"": 1}",81186,138,113,26,0.1975
local,no_lost_grace,31,0,,,"{""attempt_lost"": 1, ""observe_down"": 1, ""store_outage"": 1}",{},72058,108,109,22,0.1264
local,no_lost_grace,32,1,I3,"the backend still runs w29-a2, which the store has ENDED (its resources were freed)","{""attempt_crash"": 1, ""attempt_lost"": 1, ""node_down"": 1, ""observe_stale"": 1}",{},,223,179,36,0.3869
local,no_lost_grace,33,1,I3,"the backend still runs w19-a1, which the store has ENDED (its resources were freed)","{""observe_stale"": 1, ""preempt"": 1, ""store_outage"": 1}",{},,90,88,20,0.1135
local,no_lost_grace,34,0,,,"{""node_down"": 1, ""observe_stale"": 1, ""slow_start"": 1, ""zombie"": 1}",{},114791,149,115,31,0.1825
local,no_lost_grace,35,0,,,"{""store_outage"": 1, ""zombie"": 1}",{},201265,238,208,39,0.4546
local,no_lost_grace,36,1,I3,"the backend still runs w17-a1, which the store has ENDED (its resources were freed)","{""observe_stale"": 2, ""start_fail"": 1, ""zombie"": 1}",{},,68,50,17,0.0743
local,no_lost_grace,37,0,,,"{""cap_change"": 1, ""policy_fault"": 2, ""stop_fail"": 1, ""store_tx_fail"": 1}",{},199527,176,166,31,0.3095
local,no_lost_grace,38,0,,,"{""crash"": 1, ""race_cancel"": 1, ""store_outage"": 1}","{""submit.after_commit"": 1}",111532,112,114,25,0.1365
local,no_lost_grace,39,0,,,"{""attempt_lost"": 1, ""observe_stale"": 1, ""race_cancel"": 1, ""store_outage"": 1, ""store_tx_fail"": 1, ""zombie"": 1}",{},282981,222,195,40,0.4234
local,no_lost_grace,40,0,,,"{""stop_fail"": 1}",{},152965,116,96,24,0.1355
local,no_lost_grace,41,0,,,"{""store_outage"": 1}",{},188873,152,139,33,0.2143
local,no_lost_grace,42,0,,,"{""attempt_crash"": 1, ""attempt_lost"": 1, ""cap_change"": 1, ""observe_stale"": 1, ""policy_fault"": 1, ""start_fail"": 1}",{},0,140,132,30,0.1878
local,no_lost_grace,43,0,,,"{""attempt_crash"": 1, ""observe_stale"": 1, ""start_fail"": 2, ""store_tx_fail"": 1}",{},58271,150,148,28,0.2244
local,no_lost_grace,44,1,I3,"the backend still runs w19-a2, which the store has ENDED (its resources were freed)","{""observe_stale"": 1, ""start_fail"": 1}",{},,114,95,27,0.1341
local,no_lost_grace,45,0,,,"{""cap_change"": 1, ""crash"": 1}","{""ended.before_forget"": 1}",142298,174,128,38,0.269
local,no_lost_grace,46,0,,,"{""attempt_crash"": 1, ""cap_change"": 1, ""race_cancel"": 1, ""store_outage"": 1}",{},0,104,108,21,0.1216
local,no_lost_grace,47,0,,,"{""attempt_crash"": 1, ""start_fail"": 1}",{},190101,118,101,24,0.1508
local,no_lost_grace,48,0,,,"{""observe_down"": 1, ""observe_stale"": 1, ""preempt"": 1}",{},119382,190,172,35,0.3233
local,no_lost_grace,49,0,,,"{""attempt_crash"": 1, ""attempt_lost"": 1, ""observe_stale"": 1}",{},166866,118,108,20,0.121
local,no_lost_grace,50,0,,,"{""cap_change"": 1, ""crash"": 1, ""start_fail"": 1, ""store_outage"": 1}","{""submit.after_commit"": 1}",59673,130,126,26,0.1952
local,no_lost_grace,51,0,,,"{""preempt"": 1}",{},357767,220,159,33,0.3162
local,no_lost_grace,52,0,,,"{""attempt_lost"": 1}",{},149853,220,183,40,0.3027
local,no_lost_grace,53,0,,,"{""node_down"": 1, ""stop_fail"": 1, ""zombie"": 1}",{},91033,189,146,38,0.2661
local,no_lost_grace,54,0,,,"{""attempt_crash"": 1, ""attempt_lost"": 1, ""observe_down"": 1, ""policy_fault"": 1, ""race_cancel"": 2}",{},71637,112,106,23,0.1465
local,no_lost_grace,55,0,,,"{""attempt_crash"": 1, ""race_cancel"": 1}",{},137041,100,93,22,0.1159
local,no_lost_grace,56,0,,,"{""observe_stale"": 2, ""start_fail"": 1}",{},79586,184,166,38,0.3347
local,no_lost_grace,57,0,,,"{""attempt_lost"": 1, ""observe_stale"": 1, ""store_outage"": 1}",{},166793,208,205,38,0.2981
local,no_lost_grace,58,0,,,"{""attempt_crash"": 1}",{},115632,178,155,35,0.2214
local,no_lost_grace,59,0,,,"{""race_cancel"": 1, ""stop_fail"": 1}",{},202838,134,129,27,0.1902
local,no_lost_grace,60,0,,,"{""observe_down"": 1, ""race_cancel"": 1, ""stop_fail"": 1}",{},118629,123,114,28,0.1444
local,no_lost_grace,61,0,,,"{""race_cancel"": 1}",{},134432,177,164,34,0.2436
local,no_lost_grace,62,0,,,"{""crash"": 1, ""observe_down"": 1, ""store_outage"": 1}","{""submit.after_commit"": 1}",189881,140,132,27,0.2005
local,no_lost_grace,63,0,,,"{""attempt_crash"": 1}",{},81731,120,103,24,0.1368
local,no_lost_grace,64,0,,,"{""node_down"": 1, ""race_cancel"": 1}",{},136009,211,183,32,0.2886
local,no_lost_grace,65,0,,,"{""zombie"": 1}",{},134495,142,124,30,0.1999
local,no_lost_grace,66,0,,,{},{},201167,162,143,33,0.2346
local,no_lost_grace,67,0,,,"{""attempt_lost"": 1, ""crash"": 1, ""store_tx_fail"": 2, ""zombie"": 1}","{""start.after_call"": 1}",139746,140,119,29,0.1774
local,no_lost_grace,68,0,,,"{""attempt_crash"": 1, ""attempt_lost"": 1, ""stop_fail"": 1}",{},291929,180,152,36,0.3041
local,no_lost_grace,69,0,,,"{""attempt_crash"": 1, ""node_down"": 1}",{},263568,182,143,29,0.2141
local,no_lost_grace,70,0,,,"{""attempt_crash"": 1}",{},151312,178,151,34,0.2275
local,no_lost_grace,71,0,,,"{""policy_fault"": 1, ""race_cancel"": 1, ""stop_fail"": 1, ""zombie"": 1}",{},148066,234,164,39,0.3703
local,no_lost_grace,72,0,,,"{""attempt_lost"": 1}",{},153129,106,94,24,0.1023
local,no_lost_grace,73,0,,,"{""observe_down"": 1, ""race_cancel"": 1, ""zombie"": 1}",{},117414,125,114,28,0.1738
local,no_lost_grace,74,0,,,"{""race_cancel"": 1}",{},160238,164,154,36,0.2277
local,no_lost_grace,75,0,,,"{""node_down"": 1}",{},168375,98,87,20,0.104
local,no_lost_grace,76,0,,,"{""cap_change"": 1, ""crash"": 1, ""node_down"": 1, ""stop_fail"": 1, ""zombie"": 2}","{""start.after_call"": 1}",162,125,95,25,0.1373
local,no_lost_grace,77,0,,,"{""attempt_crash"": 2, ""observe_stale"": 1, ""preempt"": 1, ""race_cancel"": 1, ""stop_fail"": 1}",{},157618,130,119,24,0.1478
local,no_lost_grace,78,0,,,"{""attempt_lost"": 2, ""crash"": 1, ""observe_down"": 1, ""preempt"": 1}","{""start.after_commit"": 1}",167957,146,127,23,0.1715
local,no_lost_grace,79,0,,,"{""policy_fault"": 1, ""start_fail"": 1}",{},126594,106,98,21,0.106
local,no_lost_grace,80,0,,,"{""node_down"": 1, ""policy_fault"": 1, ""stop_fail"": 1, ""zombie"": 2}",{},267975,243,148,40,0.3735
local,no_lost_grace,81,0,,,"{""start_fail"": 1, ""store_outage"": 1}",{},154868,202,184,34,0.2666
local,no_lost_grace,82,0,,,"{""attempt_lost"": 1, ""crash"": 1, ""observe_down"": 2}","{""submit.after_commit"": 1}",236145,124,116,25,0.1778
local,no_lost_grace,83,0,,,"{""attempt_lost"": 1, ""policy_fault"": 1}",{},122054,186,171,38,0.2712
local,no_lost_grace,84,0,,,"{""crash"": 1, ""preempt"": 1, ""race_cancel"": 1}","{""submit.after_commit"": 1}",223544,1159,298,32,1.0291
local,no_lost_grace,85,0,,,"{""attempt_lost"": 1, ""observe_stale"": 1, ""store_outage"": 1}",{},106782,96,98,21,0.0904
local,no_lost_grace,86,0,,,"{""crash"": 1, ""observe_down"": 1, ""race_cancel"": 1, ""store_tx_fail"": 1, ""zombie"": 1}","{""requeue.before_commit"": 1}",185266,234,192,44,0.3825
local,no_lost_grace,87,0,,,"{""start_fail"": 1}",{},195048,118,100,22,0.1249
local,no_lost_grace,88,0,,,"{""cap_change"": 1, ""observe_stale"": 1, ""policy_fault"": 2, ""race_cancel"": 1, ""stop_fail"": 1}",{},107464,180,155,37,0.288
local,no_lost_grace,89,0,,,"{""crash"": 2, ""race_cancel"": 1, ""start_fail"": 1, ""stop_fail"": 1}","{""start.after_commit"": 1, ""stop.before_call"": 1}",147314,182,167,36,0.3165
local,no_lost_grace,90,0,,,"{""node_down"": 1, ""policy_fault"": 1, ""preempt"": 1}",{},248448,177,163,34,0.2855
local,no_lost_grace,91,0,,,"{""observe_stale"": 1}",{},127104,176,164,35,0.2643
local,no_lost_grace,92,0,,,"{""crash"": 2, ""preempt"": 1, ""race_cancel"": 1, ""zombie"": 1}","{""ended.before_forget"": 2}",232701,208,160,43,0.3294
local,no_lost_grace,93,0,,,"{""crash"": 2, ""race_cancel"": 2, ""store_outage"": 1, ""zombie"": 1}","{""ended.before_forget"": 1, ""submit.after_commit"": 1}",82898,144,134,31,0.2234
local,no_lost_grace,94,0,,,"{""attempt_lost"": 2, ""observe_stale"": 2, ""policy_fault"": 1}",{},81478,180,162,31,0.2555
local,no_lost_grace,95,0,,,"{""attempt_lost"": 1, ""node_down"": 1, ""slow_start"": 1, ""start_fail"": 1, ""store_outage"": 1}",{},185110,168,168,34,0.2585
local,no_lost_grace,96,0,,,"{""store_tx_fail"": 1, ""zombie"": 2}",{},91335,168,143,34,0.2778
local,no_lost_grace,97,0,,,"{""zombie"": 1}",{},116179,150,129,28,0.1692
local,no_lost_grace,98,0,,,"{""attempt_lost"": 1, ""node_down"": 1, ""start_fail"": 1, ""zombie"": 2}",{},185455,140,92,26,0.1526
local,no_lost_grace,99,0,,,"{""crash"": 2}","{""start.after_commit"": 1, ""stop.before_call"": 1}",218652,244,188,37,0.4092
local,no_lost_grace,100,0,,,"{""crash"": 1, ""node_down"": 1, ""policy_fault"": 1, ""race_cancel"": 1}","{""ended.before_forget"": 1}",57613,140,132,26,0.1766
local,no_lost_grace,101,0,,,"{""attempt_crash"": 1, ""store_tx_fail"": 1}",{},121164,188,147,40,0.2673
local,no_lost_grace,102,0,,,"{""node_down"": 1, ""race_cancel"": 1, ""zombie"": 1}",{},59790,132,109,29,0.1775
local,no_lost_grace,103,0,,,"{""stop_fail"": 1, ""zombie"": 1}",{},254040,180,153,38,0.3397
local,no_lost_grace,104,0,,,"{""observe_stale"": 2, ""policy_fault"": 1, ""slow_start"": 1}",{},46671,114,103,25,0.1184
local,no_lost_grace,105,0,,,"{""start_fail"": 1}",{},156160,150,141,33,0.2357
local,no_lost_grace,106,0,,,"{""crash"": 1, ""preempt"": 1, ""race_cancel"": 1, ""store_outage"": 1}","{""stop.before_call"": 1}",34134,206,186,39,0.3786
local,no_lost_grace,107,0,,,"{""store_tx_fail"": 1}",{},68735,138,133,29,0.1986
local,no_lost_grace,108,1,I3,"the backend still runs w13-a1, which the store has ENDED (its resources were freed)","{""observe_stale"": 1}",{},,64,51,13,0.0607
local,no_lost_grace,109,0,,,"{""slow_start"": 1}",{},159745,154,151,29,0.2545
local,no_lost_grace,110,0,,,"{""node_down"": 1, ""race_cancel"": 1, ""zombie"": 1}",{},91749,137,119,24,0.1788
local,no_lost_grace,111,0,,,"{""attempt_crash"": 1, ""attempt_lost"": 1, ""crash"": 1, ""observe_stale"": 2, ""store_outage"": 1}","{""submit.after_commit"": 1}",40505,120,119,27,0.1869
local,no_lost_grace,112,0,,,"{""store_outage"": 1, ""store_tx_fail"": 1}",{},136570,110,101,21,0.1095
local,no_lost_grace,113,0,,,"{""cap_change"": 1, ""crash"": 1, ""race_cancel"": 1, ""stop_fail"": 2}","{""ended.before_forget"": 1}",0,126,115,25,0.1657
local,no_lost_grace,114,0,,,"{""zombie"": 1}",{},169798,152,111,34,0.2431
local,no_lost_grace,115,0,,,"{""crash"": 1, ""start_fail"": 1}","{""requeue.before_commit"": 1}",142837,156,143,32,0.2078
local,no_lost_grace,116,0,,,"{""observe_down"": 1, ""observe_stale"": 1}",{},17033,225,182,38,0.3522
local,no_lost_grace,117,0,,,"{""observe_down"": 1, ""observe_stale"": 1, ""race_cancel"": 1, ""slow_start"": 1, ""store_outage"": 1, ""zombie"": 1}",{},105597,137,129,28,0.1923
local,no_lost_grace,118,0,,,"{""crash"": 1, ""node_down"": 1}","{""stop.before_call"": 1}",109214,128,114,23,0.1328
local,no_lost_grace,119,0,,,"{""attempt_crash"": 1, ""race_cancel"": 1, ""start_fail"": 1, ""stop_fail"": 1}",{},7678,128,128,30,0.1845
local,no_lost_grace,120,0,,,"{""start_fail"": 1, ""stop_fail"": 1}",{},159602,182,162,35,0.284
local,no_lost_grace,121,0,,,"{""preempt"": 1}",{},288764,148,125,31,0.214
local,no_lost_grace,122,2,I3,"the backend still runs w8-a1, which the store has ENDED (its resources were freed)","{""attempt_crash"": 1, ""crash"": 1, ""observe_stale"": 1}","{""start.after_commit"": 1}",,41,36,9,0.042
local,no_lost_grace,123,0,,,"{""race_cancel"": 2, ""start_fail"": 1, ""zombie"": 1}",{},159140,130,118,27,0.1707
local,no_lost_grace,124,0,,,"{""cap_change"": 1, ""observe_down"": 1}",{},33924,128,105,24,0.1715
local,no_lost_grace,125,0,,,"{""cap_change"": 1, ""crash"": 1, ""slow_start"": 1}","{""stop.before_call"": 1}",86012,136,118,30,0.1729
local,no_lost_grace,126,0,,,"{""zombie"": 1}",{},220412,202,171,40,0.4235
local,no_lost_grace,127,0,,,"{""crash"": 1, ""node_down"": 1, ""observe_stale"": 2, ""store_tx_fail"": 1, ""zombie"": 1}","{""start.after_call"": 1}",123533,213,166,37,0.3704
local,no_lost_grace,128,0,,,"{""observe_stale"": 1}",{},117487,146,127,32,0.2168
local,no_lost_grace,129,0,,,"{""attempt_lost"": 1, ""crash"": 1, ""store_outage"": 1, ""zombie"": 1}","{""start.after_call"": 1}",38055,120,87,24,0.1294
local,no_lost_grace,130,0,,,"{""observe_down"": 1, ""race_cancel"": 1, ""store_tx_fail"": 1, ""zombie"": 1}",{},131920,202,161,38,0.3243
local,no_lost_grace,131,0,,,"{""crash"": 1, ""slow_start"": 1}","{""start.after_commit"": 1}",137727,142,130,26,0.2
local,no_lost_grace,132,1,I3,"the backend still runs w30-a1, which the store has ENDED (its resources were freed)","{""observe_stale"": 1, ""race_cancel"": 1}",{},,136,113,30,0.1997
local,no_lost_grace,133,0,,,"{""attempt_crash"": 1, ""crash"": 1, ""node_down"": 1, ""policy_fault"": 1, ""preempt"": 1}","{""submit.after_commit"": 1}",35451,138,124,29,0.2137
local,no_lost_grace,134,0,,,"{""attempt_lost"": 1, ""race_cancel"": 1}",{},135396,144,127,26,0.1905
local,no_lost_grace,135,0,,,"{""cap_change"": 1, ""node_down"": 1, ""observe_stale"": 1, ""slow_start"": 1}",{},76916,152,138,31,0.2329
local,no_lost_grace,136,0,,,"{""observe_down"": 1, ""zombie"": 1}",{},494116,208,145,39,0.2901
local,no_lost_grace,137,0,,,"{""attempt_lost"": 1, ""crash"": 1, ""store_outage"": 1, ""zombie"": 1}","{""submit.after_commit"": 1}",116150,190,171,38,0.3193
local,no_lost_grace,138,1,I3,"the backend still runs w30-a3, which the store has ENDED (its resources were freed)","{""node_down"": 1, ""observe_stale"": 1}",{},,200,171,35,0.3428
local,no_lost_grace,139,0,,,"{""observe_stale"": 1}",{},211315,212,173,36,0.378
local,no_lost_grace,140,0,,,"{""node_down"": 1, ""race_cancel"": 2, ""slow_start"": 1}",{},82138,112,114,27,0.1825
local,no_lost_grace,141,0,,,"{""crash"": 1}","{""start.after_commit"": 1}",119561,130,113,29,0.1832
local,no_lost_grace,142,0,,,"{""observe_down"": 1}",{},274341,224,171,38,0.4016
local,no_lost_grace,143,0,,,"{""node_down"": 1, ""stop_fail"": 1}",{},174182,141,120,23,0.2165
local,no_lost_grace,144,0,,,"{""attempt_crash"": 1, ""crash"": 1, ""observe_down"": 1, ""observe_stale"": 1, ""stop_fail"": 1, ""zombie"": 1}","{""requeue.before_commit"": 1}",15064,120,98,28,0.1619
local,no_lost_grace,145,0,,,"{""cap_change"": 1, ""race_cancel"": 1, ""slow_start"": 1, ""store_outage"": 1, ""zombie"": 1}",{},135609,107,88,22,0.1475
local,no_lost_grace,146,0,,,"{""observe_down"": 1, ""preempt"": 1, ""zombie"": 2}",{},353123,304,174,50,0.5202
local,no_lost_grace,147,0,,,"{""store_tx_fail"": 1}",{},160481,132,123,26,0.2223
local,no_lost_grace,148,0,,,"{""observe_stale"": 1, ""store_outage"": 1}",{},109035,178,156,37,0.3597
local,no_lost_grace,149,0,,,"{""attempt_crash"": 1, ""observe_stale"": 1, ""policy_fault"": 2, ""zombie"": 1}",{},93495,188,155,34,0.3189
local,no_lost_grace,150,0,,,"{""attempt_crash"": 1, ""crash"": 1}","{""submit.after_commit"": 1}",177797,162,163,35,0.3011
local,no_lost_grace,151,0,,,"{""observe_stale"": 1, ""slow_start"": 1, ""store_tx_fail"": 1, ""zombie"": 1}",{},150076,198,178,38,0.3885
local,no_lost_grace,152,0,,,"{""observe_stale"": 2, ""store_outage"": 2}",{},22560,150,149,28,0.2226
local,no_lost_grace,153,0,,,"{""policy_fault"": 1}",{},139875,214,169,39,0.4057
local,no_lost_grace,154,0,,,"{""crash"": 1, ""preempt"": 1, ""race_cancel"": 2, ""zombie"": 1}","{""requeue.before_commit"": 1}",245684,163,124,35,0.2682
local,no_lost_grace,155,0,,,"{""race_cancel"": 1, ""zombie"": 1}",{},88917,140,110,31,0.211
local,no_lost_grace,156,0,,,"{""cap_change"": 1, ""node_down"": 1, ""race_cancel"": 1, ""store_tx_fail"": 1}",{},194940,192,186,36,0.3777
local,no_lost_grace,157,0,,,"{""attempt_crash"": 1, ""crash"": 1, ""node_down"": 1, ""observe_down"": 1, ""preempt"": 1, ""slow_start"": 1}","{""submit.after_commit"": 1}",131072,153,136,25,0.2372
local,no_lost_grace,158,1,I3,"the backend still runs w20-a1, which the store has ENDED (its resources were freed)","{""observe_stale"": 1}",{},,102,83,20,0.1432
local,no_lost_grace,159,0,,,"{""slow_start"": 1, ""start_fail"": 1, ""stop_fail"": 1}",{},2990,132,123,25,0.191
local,no_lost_grace,160,0,,,"{""attempt_crash"": 1, ""observe_down"": 1}",{},158914,192,162,34,0.2922
local,no_lost_grace,161,1,I3,"the backend still runs w4-a1, which the store has ENDED (its resources were freed)","{""observe_stale"": 1}",{},,15,11,5,0.0113
local,no_lost_grace,162,0,,,"{""attempt_lost"": 1, ""observe_down"": 1, ""observe_stale"": 1, ""policy_fault"": 1, ""start_fail"": 1}",{},69732,202,171,35,0.3406
local,no_lost_grace,163,0,,,"{""slow_start"": 1, ""start_fail"": 1}",{},99633,204,180,38,0.3644
local,no_lost_grace,164,0,,,"{""observe_stale"": 1, ""policy_fault"": 2, ""store_outage"": 1, ""zombie"": 1}",{},183085,186,141,33,0.2838
local,no_lost_grace,165,1,I3,"the backend still runs w14-a1, which the store has ENDED (its resources were freed)","{""cap_change"": 1, ""observe_down"": 1, ""observe_stale"": 1, ""zombie"": 1}",{},,80,53,22,0.0969
local,no_lost_grace,166,0,,,"{""cap_change"": 1, ""store_tx_fail"": 2}",{},0,144,136,30,0.2312
local,no_lost_grace,167,0,,,"{""node_down"": 1, ""observe_stale"": 1, ""race_cancel"": 1, ""stop_fail"": 1}",{},56626,150,149,28,0.2525
local,no_lost_grace,168,0,,,"{""attempt_crash"": 1, ""crash"": 2, ""stop_fail"": 1, ""store_tx_fail"": 1}","{""ended.before_forget"": 1, ""start.after_commit"": 1}",118963,158,130,30,0.2487
local,no_lost_grace,169,0,,,"{""observe_down"": 1, ""observe_stale"": 1, ""race_cancel"": 1, ""slow_start"": 1, ""stop_fail"": 1, ""zombie"": 1}",{},198907,168,118,36,0.2727
local,no_lost_grace,170,0,,,"{""cap_change"": 1}",{},130933,170,135,33,0.2795
local,no_lost_grace,171,1,I3,"the backend still runs w24-a1, which the store has ENDED (its resources were freed)","{""observe_stale"": 1}",{},,106,85,25,0.1389
local,no_lost_grace,172,0,,,"{""cap_change"": 1, ""crash"": 2, ""race_cancel"": 1, ""store_tx_fail"": 1}","{""start.after_call"": 2}",92486,163,154,34,0.29
local,no_lost_grace,173,0,,,"{""race_cancel"": 1}",{},79633,117,108,24,0.1612
local,no_lost_grace,174,0,,,"{""observe_stale"": 1, ""store_tx_fail"": 1}",{},84316,128,117,25,0.1791
local,no_lost_grace,175,0,,,"{""start_fail"": 1}",{},61928,140,127,28,0.2111
local,no_lost_grace,176,0,,,"{""crash"": 1, ""race_cancel"": 1, ""start_fail"": 1, ""zombie"": 2}","{""ended.before_forget"": 1}",51516,191,153,36,0.3426
local,no_lost_grace,177,0,,,"{""start_fail"": 1}",{},174245,116,105,28,0.157
local,no_lost_grace,178,0,,,"{""observe_down"": 1, ""slow_start"": 1, ""store_outage"": 1}",{},119325,128,124,29,0.192
local,no_lost_grace,179,0,,,"{""attempt_lost"": 1, ""crash"": 1, ""race_cancel"": 1, ""slow_start"": 1, ""stop_fail"": 1}","{""requeue.before_commit"": 1}",53173,129,122,26,0.2489
local,no_lost_grace,180,0,,,"{""crash"": 1, ""node_down"": 1, ""observe_stale"": 1}","{""stop.before_call"": 1}",50880,141,143,31,0.2517
local,no_lost_grace,181,0,,,"{""observe_stale"": 1, ""stop_fail"": 2, ""store_tx_fail"": 2}",{},121863,148,138,30,0.2195
local,no_lost_grace,182,0,,,"{""attempt_lost"": 1, ""observe_down"": 1, ""race_cancel"": 1, ""slow_start"": 1, ""store_tx_fail"": 1, ""zombie"": 1}",{},163949,172,149,33,0.2835
local,no_lost_grace,183,0,,,"{""cap_change"": 1, ""observe_down"": 1, ""preempt"": 1, ""race_cancel"": 2}",{},32307,100,94,21,0.1359
local,no_lost_grace,184,0,,,"{""observe_stale"": 1, ""preempt"": 1, ""slow_start"": 1, ""start_fail"": 1, ""stop_fail"": 1, ""store_outage"": 1}",{},133450,164,162,31,0.3365
local,no_lost_grace,185,0,,,"{""attempt_crash"": 1, ""attempt_lost"": 1, ""cap_change"": 1, ""stop_fail"": 1, ""zombie"": 2}",{},0,130,98,25,0.215
local,no_lost_grace,186,0,,,"{""attempt_crash"": 1, ""race_cancel"": 1, ""stop_fail"": 1, ""zombie"": 1}",{},147108,117,105,24,0.1988
local,no_lost_grace,187,0,,,"{""observe_stale"": 1, ""policy_fault"": 1, ""zombie"": 1}",{},78761,128,100,31,0.2156
local,no_lost_grace,188,0,,,"{""attempt_lost"": 1, ""cap_change"": 1, ""crash"": 1, ""race_cancel"": 1, ""start_fail"": 2}","{""submit.after_commit"": 1}",73705,172,152,31,0.2996
local,no_lost_grace,189,0,,,"{""observe_stale"": 1}",{},149251,128,109,21,0.183
local,no_lost_grace,190,0,,,"{""observe_down"": 1, ""observe_stale"": 1, ""preempt"": 1, ""race_cancel"": 1, ""slow_start"": 1, ""store_outage"": 1}",{},85203,140,153,25,0.2655
local,no_lost_grace,191,0,,,"{""observe_stale"": 1, ""race_cancel"": 1, ""start_fail"": 1, ""store_tx_fail"": 1}",{},72521,144,130,32,0.226
local,no_lost_grace,192,0,,,"{""attempt_crash"": 1, ""node_down"": 1, ""race_cancel"": 2}",{},75754,114,96,21,0.1654
local,no_lost_grace,193,0,,,"{""cap_change"": 1, ""node_down"": 1, ""observe_stale"": 1, ""race_cancel"": 1, ""slow_start"": 1, ""store_tx_fail"": 1}",{},174482,211,193,39,0.4586
local,no_lost_grace,194,0,,,"{""crash"": 2, ""slow_start"": 1, ""store_outage"": 1}","{""ended.before_forget"": 1, ""start.after_call"": 1}",101582,164,174,30,0.3181
local,no_lost_grace,195,0,,,"{""attempt_lost"": 1, ""crash"": 1, ""preempt"": 2, ""slow_start"": 1, ""start_fail"": 1}","{""start.after_call"": 1}",158460,148,139,26,0.2179
local,no_lost_grace,196,0,,,"{""stop_fail"": 1}",{},149574,158,139,26,0.2518
local,no_lost_grace,197,0,,,"{""race_cancel"": 1, ""zombie"": 1}",{},175014,214,165,44,0.4296
local,no_lost_grace,198,0,,,"{""crash"": 2, ""zombie"": 1}","{""start.after_commit"": 1, ""stop.before_call"": 1}",79033,150,122,33,0.2581
local,no_lost_grace,199,0,,,"{""attempt_crash"": 1, ""policy_fault"": 2, ""start_fail"": 1}",{},168504,152,141,32,0.2701
local,no_lost_grace,200,0,,,"{""attempt_crash"": 1, ""attempt_lost"": 1, ""observe_stale"": 1, ""start_fail"": 1}",{},69816,190,170,38,0.3318
local,no_version_check,1,0,,,"{""race_cancel"": 2, ""store_tx_fail"": 1}",{},136791,192,152,32,0.33
local,no_version_check,2,0,,,"{""policy_fault"": 1, ""slow_start"": 1, ""start_fail"": 1, ""zombie"": 1}",{},88182,134,104,29,0.2001
local,no_version_check,3,0,,,"{""attempt_crash"": 1, ""node_down"": 1, ""store_outage"": 1, ""zombie"": 2}",{},169212,317,183,44,0.5764
local,no_version_check,4,0,,,"{""attempt_lost"": 1, ""stop_fail"": 1}",{},235074,230,167,35,0.3348
local,no_version_check,5,0,,,"{""crash"": 1, ""slow_start"": 1}","{""submit.after_commit"": 1}",192541,106,101,23,0.1407
local,no_version_check,6,1,I5,replay failed: seq 53 (started w10): no transition from CANCELLED on started,"{""policy_fault"": 1, ""race_cancel"": 1, ""slow_start"": 1}",{},,54,44,11,0.0508
local,no_version_check,7,1,I5,"replay differs from the tables: workload w23: table Workload(id='w23', namespace='team-c', spec={'checkpoint_interval_s': 5, 'command': None, 'cpus': 24, 'estim","{""race_cancel"": 1}",{},,121,109,24,0.1697
local,no_version_check,8,0,,,"{""crash"": 2, ""observe_down"": 1, ""store_outage"": 1, ""zombie"": 1}","{""requeue.before_commit"": 1, ""stop.before_call"": 1}",116491,134,116,27,0.1784
local,no_version_check,9,1,I5,replay failed: seq 98: logged state RETRY_WAIT but the table gives CANCELLED,"{""cap_change"": 1, ""observe_down"": 1, ""race_cancel"": 1}",{},,98,85,20,0.1248
local,no_version_check,10,0,,,"{""policy_fault"": 1, ""store_tx_fail"": 1, ""zombie"": 1}",{},8147,120,111,27,0.1948
local,no_version_check,11,1,I5,"replay differs from the tables: workload w31: table Workload(id='w31', namespace='team-c', spec={'checkpoint_interval_s': 0, 'command': None, 'cpus': 12, 'estim","{""attempt_crash"": 1, ""policy_fault"": 1, ""preempt"": 1, ""race_cancel"": 1}",{},,142,130,31,0.2168
local,no_version_check,12,0,,,"{""stop_fail"": 1}",{},104150,188,159,40,0.3158
local,no_version_check,13,0,,,"{""attempt_lost"": 1, ""crash"": 1, ""policy_fault"": 1}","{""ended.before_forget"": 1}",274811,204,184,37,0.3805
local,no_version_check,14,0,,,"{""observe_stale"": 1, ""policy_fault"": 1}",{},47028,148,137,28,0.2306
local,no_version_check,15,0,,,"{""stop_fail"": 1, ""store_tx_fail"": 1}",{},89817,168,148,38,0.328
local,no_version_check,16,1,I5,replay failed: seq 85 (started w22): no transition from CANCELLED on started,"{""race_cancel"": 1}",{},,85,70,22,0.1119
local,no_version_check,17,0,,,"{""node_down"": 1, ""race_cancel"": 1, ""store_outage"": 1, ""store_tx_fail"": 1}",{},71770,150,163,29,0.2598
local,no_version_check,18,0,,,"{""observe_stale"": 1, ""zombie"": 3}",{},51855,150,109,35,0.2486
local,no_version_check,19,0,,,"{""stop_fail"": 1}",{},76050,96,91,20,0.141
local,no_version_check,20,0,,,"{""crash"": 1, ""store_outage"": 1}","{""ended.before_forget"": 1}",69838,126,115,21,0.1721
local,no_version_check,21,0,,,"{""attempt_crash"": 1, ""node_down"": 1, ""slow_start"": 1}",{},150074,202,179,39,0.318
local,no_version_check,22,0,,,"{""observe_stale"": 1, ""policy_fault"": 1, ""stop_fail"": 1}",{},119835,140,127,28,0.2037
local,no_version_check,23,0,,,"{""crash"": 1, ""race_cancel"": 1, ""slow_start"": 1}","{""ended.before_forget"": 1}",12714,142,122,27,0.2059
local,no_version_check,24,0,,,"{""observe_stale"": 1, ""race_cancel"": 1}",{},158587,206,180,40,0.4391
local,no_version_check,25,0,,,"{""attempt_lost"": 1, ""observe_down"": 1, ""zombie"": 1}",{},170282,216,151,36,0.3957
local,no_version_check,26,0,,,"{""observe_stale"": 1}",{},137876,164,151,33,0.3049
local,no_version_check,27,0,,,"{""store_tx_fail"": 1}",{},238436,182,168,36,0.376
local,no_version_check,28,0,,,"{""slow_start"": 1, ""zombie"": 1}",{},83431,150,130,29,0.2333
local,no_version_check,29,1,I5,replay failed: seq 9 (started w3): no transition from CANCELLED on started,"{""race_cancel"": 1}",{},,9,7,3,0.0066
local,no_version_check,30,0,,,"{""attempt_crash"": 1, ""cap_change"": 1, ""crash"": 1}","{""ended.before_forget"": 1}",81186,138,113,26,0.1805
local,no_version_check,31,0,,,"{""attempt_lost"": 1, ""observe_down"": 1, ""store_outage"": 1}",{},72058,108,110,22,0.1248
local,no_version_check,32,0,,,"{""attempt_crash"": 1, ""attempt_lost"": 1, ""node_down"": 1, ""observe_down"": 1, ""observe_stale"": 1}",{},79157,235,194,36,0.4
local,no_version_check,33,0,,,"{""observe_stale"": 1, ""preempt"": 1, ""race_cancel"": 1, ""store_outage"": 2}",{},140964,138,142,25,0.1984
local,no_version_check,34,0,,,"{""node_down"": 1, ""observe_stale"": 1, ""slow_start"": 1, ""zombie"": 1}",{},114791,149,115,31,0.1721
local,no_version_check,35,0,,,"{""store_outage"": 1, ""zombie"": 1}",{},201265,238,208,39,0.4338
local,no_version_check,36,0,,,"{""cap_change"": 1, ""observe_stale"": 2, ""start_fail"": 1, ""store_outage"": 1, ""zombie"": 1}",{},76515,108,100,24,0.1245
local,no_version_check,37,0,,,"{""cap_change"": 1, ""policy_fault"": 2, ""stop_fail"": 1, ""store_tx_fail"": 1}",{},199527,176,166,31,0.2536
local,no_version_check,38,1,I5,replay failed: seq 87 (started w20): no transition from CANCELLED on started,"{""crash"": 1, ""race_cancel"": 1, ""store_outage"": 1}","{""submit.after_commit"": 1}",,87,82,20,0.084
local,no_version_check,39,0,,,"{""attempt_lost"": 1, ""observe_stale"": 1, ""race_cancel"": 1, ""store_outage"": 1, ""store_tx_fail"": 1, ""zombie"": 1}",{},282981,222,196,40,0.3762
local,no_version_check,40,0,,,"{""stop_fail"": 1}",{},152965,116,96,24,0.1108
local,no_version_check,41,0,,,"{""store_outage"": 1}",{},188873,152,139,33,0.1994
local,no_version_check,42,0,,,"{""attempt_crash"": 1, ""attempt_lost"": 1, ""cap_change"": 1, ""observe_stale"": 1, ""policy_fault"": 1, ""start_fail"": 1}",{},0,140,132,30,0.1784
local,no_version_check,43,0,,,"{""attempt_crash"": 1, ""observe_stale"": 1, ""start_fail"": 2, ""store_tx_fail"": 1}",{},58271,150,148,28,0.2172
local,no_version_check,44,0,,,"{""node_down"": 1, ""observe_stale"": 1, ""start_fail"": 2, ""store_outage"": 1, ""zombie"": 1}",{},64735,191,177,41,0.3236
local,no_version_check,45,0,,,"{""cap_change"": 1, ""crash"": 1}","{""ended.before_forget"": 1}",142298,174,128,38,0.2434
local,no_version_check,46,1,I5,replay failed: seq 41 (started w11): no transition from CANCELLED on started,"{""race_cancel"": 1}",{},,41,31,11,0.025
local,no_version_check,47,0,,,"{""attempt_crash"": 1, ""start_fail"": 1}",{},190101,118,101,24,0.141
local,no_version_check,48,0,,,"{""observe_down"": 1, ""observe_stale"": 1, ""preempt"": 1}",{},119382,190,172,35,0.3675
local,no_version_check,49,0,,,"{""attempt_crash"": 1, ""attempt_lost"": 1, ""observe_stale"": 1}",{},166866,118,110,20,0.1587
local,no_version_check,50,0,,,"{""cap_change"": 1, ""crash"": 1, ""start_fail"": 1, ""store_outage"": 1}","{""submit.after_commit"": 1}",59673,130,126,26,0.196
local,no_version_check,51,0,,,"{""preempt"": 1}",{},357767,220,159,33,0.332
local,no_version_check,52,0,,,"{""attempt_lost"": 1}",{},149853,220,184,40,0.3386
local,no_version_check,53,0,,,"{""node_down"": 1, ""stop_fail"": 1, ""zombie"": 1}",{},91033,189,146,38,0.2501
local,no_version_check,54,0,,,"{""attempt_crash"": 1, ""attempt_lost"": 1, ""observe_down"": 1, ""policy_fault"": 1, ""race_cancel"": 2}",{},71637,112,107,23,0.1149
local,no_version_check,55,1,I5,replay failed: seq 32 (started w7): no transition from CANCELLED on started,"{""attempt_crash"": 1, ""race_cancel"": 1}",{},,32,24,7,0.0265
local,no_version_check,56,0,,,"{""observe_stale"": 2, ""start_fail"": 1}",{},79586,184,166,38,0.3232
local,no_version_check,57,0,,,"{""attempt_lost"": 1, ""observe_stale"": 1, ""store_outage"": 1}",{},166793,208,206,38,0.3071
local,no_version_check,58,0,,,"{""attempt_crash"": 1}",{},115632,178,155,35,0.2213
local,no_version_check,59,1,I5,replay failed: seq 22 (started w7): no transition from CANCELLED on started,"{""race_cancel"": 1}",{},,22,16,7,0.0157
local,no_version_check,60,1,I5,"replay differs from the tables: workload w8: table Workload(id='w8', namespace='team-c', spec={'checkpoint_interval_s': 0, 'command': None, 'cpus': 24, 'estimat","{""observe_down"": 1, ""race_cancel"": 1}",{},,30,25,8,0.0185
local,no_version_check,61,1,I5,replay failed: seq 122: logged state RETRY_WAIT but the table gives CANCELLED,"{""race_cancel"": 1}",{},,122,109,24,0.1292
local,no_version_check,62,0,,,"{""crash"": 1, ""observe_down"": 1, ""store_outage"": 1}","{""submit.after_commit"": 1}",189881,140,132,27,0.1927
local,no_version_check,63,0,,,"{""attempt_crash"": 1}",{},81731,120,103,24,0.0978
local,no_version_check,64,0,,,"{""node_down"": 1, ""race_cancel"": 1}",{},136009,211,183,32,0.2672
local,no_version_check,65,0,,,"{""zombie"": 1}",{},134495,142,124,30,0.1595
local,no_version_check,66,0,,,{},{},201167,162,143,33,0.1981
local,no_version_check,67,0,,,"{""attempt_lost"": 1, ""crash"": 1, ""store_tx_fail"": 2, ""zombie"": 1}","{""start.after_call"": 1}",139746,140,120,29,0.1728
local,no_version_check,68,0,,,"{""attempt_crash"": 1, ""attempt_lost"": 1, ""stop_fail"": 1}",{},291929,180,152,36,0.2716
local,no_version_check,69,0,,,"{""attempt_crash"": 1, ""node_down"": 1}",{},263568,182,143,29,0.2233
local,no_version_check,70,0,,,"{""attempt_crash"": 1}",{},151312,178,151,34,0.2562
local,no_version_check,71,0,,,"{""policy_fault"": 1, ""race_cancel"": 1, ""stop_fail"": 1, ""zombie"": 1}",{},148066,234,164,39,0.403
local,no_version_check,72,0,,,"{""attempt_lost"": 1}",{},153129,106,94,24,0.1448
local,no_version_check,73,1,I5,"replay differs from the tables: workload w1: table Workload(id='w1', namespace='team-a', spec={'checkpoint_interval_s': 0, 'command': None, 'cpus': 48, 'estimat","{""race_cancel"": 1}",{},,5,5,1,0.0029
local,no_version_check,74,0,,,"{""race_cancel"": 1}",{},160238,164,154,36,0.2205
local,no_version_check,75,0,,,"{""node_down"": 1}",{},168375,98,87,20,0.106
local,no_version_check,76,0,,,"{""cap_change"": 1, ""crash"": 1, ""node_down"": 1, ""stop_fail"": 1, ""zombie"": 2}","{""start.after_call"": 1}",162,125,95,25,0.1525
local,no_version_check,77,1,I5,"replay differs from the tables: workload w13: table Workload(id='w13', namespace='team-a', spec={'checkpoint_interval_s': 20, 'command': None, 'cpus': 24, 'esti","{""attempt_crash"": 2, ""observe_stale"": 1, ""race_cancel"": 1}",{},,56,46,13,0.0402
local,no_version_check,78,0,,,"{""attempt_lost"": 2, ""crash"": 1, ""observe_down"": 1, ""preempt"": 1}","{""start.after_commit"": 1}",167957,146,129,23,0.2055
local,no_version_check,79,0,,,"{""policy_fault"": 1, ""start_fail"": 1}",{},126594,106,98,21,0.0972
local,no_version_check,80,0,,,"{""node_down"": 1, ""policy_fault"": 1, ""stop_fail"": 1, ""zombie"": 2}",{},267975,243,148,40,0.3357
local,no_version_check,81,0,,,"{""start_fail"": 1, ""store_outage"": 1}",{},154868,202,184,34,0.2668
local,no_version_check,82,0,,,"{""attempt_lost"": 1, ""crash"": 1, ""observe_down"": 2}","{""submit.after_commit"": 1}",236145,124,117,25,0.1509
local,no_version_check,83,0,,,"{""attempt_lost"": 1, ""policy_fault"": 1}",{},122054,186,172,38,0.2703
local,no_version_check,84,0,,,"{""crash"": 1, ""preempt"": 1, ""race_cancel"": 1}","{""submit.after_commit"": 1}",223544,1159,298,32,1.0571
local,no_version_check,85,0,,,"{""attempt_lost"": 1, ""observe_stale"": 1, ""store_outage"": 1}",{},106782,96,99,21,0.0824
local,no_version_check,86,0,,,"{""crash"": 1, ""observe_down"": 1, ""race_cancel"": 1, ""store_tx_fail"": 1, ""zombie"": 1}","{""requeue.before_commit"": 1}",185266,234,192,44,0.3278
local,no_version_check,87,0,,,"{""start_fail"": 1}",{},195048,118,100,22,0.1395
local,no_version_check,88,0,,,"{""cap_change"": 1, ""observe_stale"": 1, ""policy_fault"": 2, ""race_cancel"": 1, ""stop_fail"": 1}",{},107464,180,155,37,0.2423
local,no_version_check,89,0,,,"{""crash"": 2, ""race_cancel"": 1, ""start_fail"": 1, ""stop_fail"": 1}","{""start.after_commit"": 1, ""stop.before_call"": 1}",147314,182,167,36,0.319
local,no_version_check,90,0,,,"{""node_down"": 1, ""policy_fault"": 1, ""preempt"": 1}",{},248448,177,163,34,0.2814
local,no_version_check,91,0,,,"{""observe_stale"": 1}",{},127104,176,164,35,0.237
local,no_version_check,92,0,,,"{""crash"": 2, ""preempt"": 1, ""race_cancel"": 1, ""zombie"": 1}","{""ended.before_forget"": 2}",232701,208,160,43,0.2915
local,no_version_check,93,0,,,"{""crash"": 2, ""race_cancel"": 2, ""store_outage"": 1, ""zombie"": 1}","{""ended.before_forget"": 1, ""submit.after_commit"": 1}",82898,144,134,31,0.2059
local,no_version_check,94,0,,,"{""attempt_lost"": 2, ""observe_stale"": 2, ""policy_fault"": 1}",{},81478,180,164,31,0.2556
local,no_version_check,95,0,,,"{""attempt_lost"": 1, ""node_down"": 1, ""slow_start"": 1, ""start_fail"": 1, ""store_outage"": 1}",{},185110,168,169,34,0.2506
local,no_version_check,96,0,,,"{""store_tx_fail"": 1, ""zombie"": 2}",{},91335,168,143,34,0.2651
local,no_version_check,97,0,,,"{""zombie"": 1}",{},116179,150,129,28,0.1812
local,no_version_check,98,0,,,"{""attempt_lost"": 1, ""node_down"": 1, ""start_fail"": 1, ""zombie"": 2}",{},185455,140,93,26,0.1868
local,no_version_check,99,0,,,"{""crash"": 2}","{""start.after_commit"": 1, ""stop.before_call"": 1}",218652,244,188,37,0.474
local,no_version_check,100,0,,,"{""crash"": 1, ""node_down"": 1, ""policy_fault"": 1, ""race_cancel"": 1}","{""ended.before_forget"": 1}",57613,140,132,26,0.2087
local,no_version_check,101,0,,,"{""attempt_crash"": 1, ""store_tx_fail"": 1}",{},121164,188,147,40,0.3074
local,no_version_check,102,1,I5,replay failed: seq 130: logged state DEAD_LETTER but the table gives CANCELLED,"{""node_down"": 1, ""race_cancel"": 1, ""zombie"": 1}",{},,130,103,29,0.1776
local,no_version_check,103,0,,,"{""stop_fail"": 1, ""zombie"": 1}",{},254040,180,153,38,0.3481
local,no_version_check,104,0,,,"{""observe_stale"": 2, ""policy_fault"": 1, ""slow_start"": 1}",{},46671,114,103,25,0.1258
local,no_version_check,105,0,,,"{""start_fail"": 1}",{},156160,150,141,33,0.244
local,no_version_check,106,0,,,"{""crash"": 1, ""preempt"": 1, ""race_cancel"": 1, ""store_outage"": 1}","{""stop.before_call"": 1}",34134,206,186,39,0.3315
local,no_version_check,107,0,,,"{""store_tx_fail"": 1}",{},68735,138,133,29,0.2052
local,no_version_check,108,0,,,"{""node_down"": 1, ""observe_stale"": 1}",{},161834,203,184,34,0.3277
local,no_version_check,109,0,,,"{""slow_start"": 1}",{},159745,154,151,29,0.2601
local,no_version_check,110,0,,,"{""node_down"": 1, ""race_cancel"": 1, ""zombie"": 1}",{},91749,137,119,24,0.1698
local,no_version_check,111,0,,,"{""attempt_crash"": 1, ""attempt_lost"": 1, ""crash"": 1, ""observe_stale"": 2, ""store_outage"": 1}","{""submit.after_commit"": 1}",40505,120,120,27,0.1945
local,no_version_check,112,0,,,"{""store_outage"": 1, ""store_tx_fail"": 1}",{},136570,110,101,21,0.1148
local,no_version_check,113,0,,,"{""cap_change"": 1, ""crash"": 1, ""race_cancel"": 1, ""stop_fail"": 2}","{""ended.before_forget"": 1}",0,126,115,25,0.1844
local,no_version_check,114,0,,,"{""zombie"": 1}",{},169798,152,111,34,0.2353
local,no_version_check,115,0,,,"{""crash"": 1, ""start_fail"": 1}","{""requeue.before_commit"": 1}",142837,156,143,32,0.2295
local,no_version_check,116,0,,,"{""observe_down"": 1, ""observe_stale"": 1}",{},17033,225,182,38,0.3943
local,no_version_check,117,1,I5,"replay differs from the tables: workload w7: table Workload(id='w7', namespace='team-c', spec={'checkpoint_interval_s': 0, 'command': None, 'cpus': 12, 'estimat","{""observe_down"": 1, ""race_cancel"": 1, ""store_outage"": 1}",{},,65,59,16,0.074
local,no_version_check,118,0,,,"{""crash"": 1, ""node_down"": 1}","{""stop.before_call"": 1}",109214,128,114,23,0.1598
local,no_version_check,119,1,I5,replay failed: seq 57 (started w14): no transition from CANCELLED on started,"{""attempt_crash"": 1, ""race_cancel"": 1}",{},,57,48,14,0.057
local,no_version_check,120,0,,,"{""start_fail"": 1, ""stop_fail"": 1}",{},159602,182,162,35,0.2798
local,no_version_check,121,0,,,"{""preempt"": 1}",{},288764,148,125,31,0.2034
local,no_version_check,122,0,,,"{""attempt_crash"": 1, ""crash"": 1, ""observe_stale"": 1}","{""start.after_commit"": 1}",107785,120,106,27,0.1626
local,no_version_check,123,1,I5,"replay differs from the tables: workload w8: table Workload(id='w8', namespace='team-c', spec={'checkpoint_interval_s': 20, 'command': None, 'cpus': 24, 'estima","{""race_cancel"": 1, ""zombie"": 1}",{},,32,28,8,0.0312
local,no_version_check,124,0,,,"{""cap_change"": 1, ""observe_down"": 1}",{},33924,128,105,24,0.1768
local,no_version_check,125,0,,,"{""cap_change"": 1, ""crash"": 1, ""slow_start"": 1}","{""stop.before_call"": 1}",86012,136,118,30,0.1868
local,no_version_check,126,0,,,"{""zombie"": 1}",{},220412,202,171,40,0.4468
local,no_version_check,127,0,,,"{""crash"": 1, ""node_down"": 1, ""observe_stale"": 2, ""store_tx_fail"": 1, ""zombie"": 1}","{""start.after_call"": 1}",123533,213,166,37,0.3735
local,no_version_check,128,0,,,"{""observe_stale"": 1}",{},117487,146,127,32,0.2182
local,no_version_check,129,0,,,"{""attempt_lost"": 1, ""crash"": 1, ""store_outage"": 1, ""zombie"": 1}","{""start.after_call"": 1}",38055,120,88,24,0.1298
local,no_version_check,130,0,,,"{""observe_down"": 1, ""race_cancel"": 1, ""store_tx_fail"": 1, ""zombie"": 1}",{},131920,202,161,38,0.3093
local,no_version_check,131,0,,,"{""crash"": 1, ""slow_start"": 1}","{""start.after_commit"": 1}",137727,142,130,26,0.2062
local,no_version_check,132,0,,,"{""crash"": 1, ""observe_down"": 1, ""observe_stale"": 1, ""race_cancel"": 1, ""zombie"": 1}","{""start.after_commit"": 1}",147569,210,180,45,0.3948
local,no_version_check,133,0,,,"{""attempt_crash"": 1, ""crash"": 1, ""node_down"": 1, ""policy_fault"": 1, ""preempt"": 1}","{""submit.after_commit"": 1}",35451,138,124,29,0.1974
local,no_version_check,134,1,I5,replay failed: seq 20 (started w5): no transition from CANCELLED on started,"{""race_cancel"": 1}",{},,20,15,5,0.0153
local,no_version_check,135,0,,,"{""cap_change"": 1, ""node_down"": 1, ""observe_stale"": 1, ""slow_start"": 1}",{},76916,152,138,31,0.2409
local,no_version_check,136,0,,,"{""observe_down"": 1, ""zombie"": 1}",{},494116,208,145,39,0.3135
local,no_version_check,137,0,,,"{""attempt_lost"": 1, ""crash"": 1, ""store_outage"": 1, ""zombie"": 1}","{""submit.after_commit"": 1}",116150,190,171,38,0.3524
local,no_version_check,138,0,,,"{""node_down"": 1, ""observe_stale"": 1}",{},48948,201,176,35,0.4107
local,no_version_check,139,0,,,"{""observe_stale"": 1}",{},211315,212,173,36,0.3932
local,no_version_check,140,1,I5,replay failed: seq 24 (started w7): no transition from CANCELLED on started,"{""race_cancel"": 1}",{},,24,20,7,0.0214
local,no_version_check,141,0,,,"{""crash"": 1}","{""start.after_commit"": 1}",119561,130,113,29,0.1925
local,no_version_check,142,0,,,"{""observe_down"": 1}",{},274341,224,171,38,0.4183
local,no_version_check,143,0,,,"{""node_down"": 1, ""stop_fail"": 1}",{},174182,141,120,23,0.2142
local,no_version_check,144,0,,,"{""attempt_crash"": 1, ""crash"": 1, ""observe_down"": 1, ""observe_stale"": 1, ""stop_fail"": 1, ""zombie"": 1}","{""requeue.before_commit"": 1}",15064,120,98,28,0.1642
local,no_version_check,145,1,I5,"replay differs from the tables: workload w12: table Workload(id='w12', namespace='team-c', spec={'checkpoint_interval_s': 0, 'command': None, 'cpus': 12, 'estim","{""cap_change"": 1, ""race_cancel"": 1, ""slow_start"": 1, ""store_outage"": 1, ""zombie"": 1}",{},,72,54,16,0.0865
local,no_version_check,146,0,,,"{""observe_down"": 1, ""preempt"": 1, ""zombie"": 2}",{},353123,304,174,50,0.5179
local,no_version_check,147,0,,,"{""store_tx_fail"": 1}",{},160481,132,123,26,0.2021
local,no_version_check,148,0,,,"{""observe_stale"": 1, ""store_outage"": 1}",{},109035,178,156,37,0.307
local,no_version_check,149,0,,,"{""attempt_crash"": 1, ""observe_stale"": 1, ""policy_fault"": 2, ""zombie"": 1}",{},93495,188,155,34,0.3096
local,no_version_check,150,0,,,"{""attempt_crash"": 1, ""crash"": 1}","{""submit.after_commit"": 1}",177797,162,163,35,0.3173
local,no_version_check,151,0,,,"{""observe_stale"": 1, ""slow_start"": 1, ""store_tx_fail"": 1, ""zombie"": 1}",{},150076,198,178,38,0.3828
local,no_version_check,152,0,,,"{""observe_stale"": 2, ""store_outage"": 2}",{},22560,150,149,28,0.2283
local,no_version_check,153,0,,,"{""policy_fault"": 1}",{},139875,214,169,39,0.3838
local,no_version_check,154,1,I5,"replay differs from the tables: workload w3: table Workload(id='w3', namespace='team-b', spec={'checkpoint_interval_s': 20, 'command': None, 'cpus': 12, 'estima","{""race_cancel"": 1}",{},,25,19,6,0.0208
local,no_version_check,155,0,,,"{""race_cancel"": 1, ""zombie"": 1}",{},88917,140,110,31,0.2112
local,no_version_check,156,0,,,"{""cap_change"": 1, ""node_down"": 1, ""race_cancel"": 1, ""store_tx_fail"": 1}",{},194940,192,186,36,0.3745
local,no_version_check,157,0,,,"{""attempt_crash"": 1, ""crash"": 1, ""node_down"": 1, ""observe_down"": 1, ""preempt"": 1, ""slow_start"": 1}","{""submit.after_commit"": 1}",131072,153,136,25,0.2517
local,no_version_check,158,0,,,"{""attempt_lost"": 1, ""observe_stale"": 1, ""race_cancel"": 1, ""store_tx_fail"": 1}",{},97441,156,144,27,0.256
local,no_version_check,159,0,,,"{""slow_start"": 1, ""start_fail"": 1, ""stop_fail"": 1}",{},2990,132,123,25,0.2169
local,no_version_check,160,0,,,"{""attempt_crash"": 1, ""observe_down"": 1}",{},158914,192,162,34,0.3021
local,no_version_check,161,0,,,"{""observe_stale"": 2, ""zombie"": 1}",{},148232,200,148,40,0.3359
local,no_version_check,162,0,,,"{""attempt_lost"": 1, ""observe_down"": 1, ""observe_stale"": 1, ""policy_fault"": 1, ""start_fail"": 1}",{},69732,202,172,35,0.3638
local,no_version_check,163,0,,,"{""slow_start"": 1, ""start_fail"": 1}",{},99633,204,180,38,0.3806
local,no_version_check,164,0,,,"{""observe_stale"": 1, ""policy_fault"": 2, ""store_outage"": 1, ""zombie"": 1}",{},183085,186,141,33,0.2983
local,no_version_check,165,0,,,"{""cap_change"": 1, ""observe_down"": 1, ""observe_stale"": 2, ""slow_start"": 1, ""zombie"": 1}",{},20654,148,123,31,0.2609
local,no_version_check,166,0,,,"{""cap_change"": 1, ""store_tx_fail"": 2}",{},0,144,136,30,0.2312
local,no_version_check,167,0,,,"{""node_down"": 1, ""observe_stale"": 1, ""race_cancel"": 1, ""stop_fail"": 1}",{},56626,150,149,28,0.2345
local,no_version_check,168,0,,,"{""attempt_crash"": 1, ""crash"": 2, ""stop_fail"": 1, ""store_tx_fail"": 1}","{""ended.before_forget"": 1, ""start.after_commit"": 1}",118963,158,130,30,0.2587
local,no_version_check,169,0,,,"{""observe_down"": 1, ""observe_stale"": 1, ""race_cancel"": 1, ""slow_start"": 1, ""stop_fail"": 1, ""zombie"": 1}",{},198907,168,118,36,0.2818
local,no_version_check,170,0,,,"{""cap_change"": 1}",{},130933,170,135,33,0.2644
local,no_version_check,171,0,,,"{""observe_down"": 1, ""observe_stale"": 1, ""stop_fail"": 1}",{},107179,132,125,26,0.213
local,no_version_check,172,1,I5,"replay differs from the tables: workload w30: table Workload(id='w30', namespace='team-a', spec={'checkpoint_interval_s': 20, 'command': None, 'cpus': 96, 'esti","{""cap_change"": 1, ""crash"": 2, ""race_cancel"": 1, ""store_tx_fail"": 1}","{""start.after_call"": 2}",,162,151,34,0.2895
local,no_version_check,173,1,I5,"replay differs from the tables: workload w12: table Workload(id='w12', namespace='team-b', spec={'checkpoint_interval_s': 0, 'command': None, 'cpus': 24, 'estim","{""race_cancel"": 1}",{},,64,56,14,0.0764
local,no_version_check,174,0,,,"{""observe_stale"": 1, ""store_tx_fail"": 1}",{},84316,128,117,25,0.207
local,no_version_check,175,0,,,"{""start_fail"": 1}",{},61928,140,127,28,0.2394
local,no_version_check,176,1,I5,"replay differs from the tables: workload w34: table Workload(id='w34', namespace='team-b', spec={'checkpoint_interval_s': 5, 'command': None, 'cpus': 24, 'estim","{""crash"": 1, ""race_cancel"": 1, ""start_fail"": 1, ""zombie"": 2}","{""ended.before_forget"": 1}",,191,148,36,0.3612
local,no_version_check,177,0,,,"{""start_fail"": 1}",{},174245,116,105,28,0.1869
local,no_version_check,178,0,,,"{""observe_down"": 1, ""slow_start"": 1, ""store_outage"": 1}",{},119325,128,124,29,0.2009
local,no_version_check,179,1,I5,replay failed: seq 128: logged state RETRY_WAIT but the table gives CANCELLED,"{""attempt_lost"": 1, ""crash"": 1, ""race_cancel"": 1, ""slow_start"": 1, ""stop_fail"": 1}","{""requeue.before_commit"": 1}",,128,120,26,0.2087
local,no_version_check,180,0,,,"{""crash"": 1, ""node_down"": 1, ""observe_stale"": 1}","{""stop.before_call"": 1}",50880,141,143,31,0.2456
local,no_version_check,181,0,,,"{""observe_stale"": 1, ""stop_fail"": 2, ""store_tx_fail"": 2}",{},121863,148,138,30,0.2249
local,no_version_check,182,0,,,"{""attempt_lost"": 1, ""observe_down"": 1, ""race_cancel"": 1, ""slow_start"": 1, ""store_tx_fail"": 1, ""zombie"": 1}",{},163949,172,150,33,0.309
local,no_version_check,183,1,I5,replay failed: seq 6 (started w2): no transition from CANCELLED on started,"{""preempt"": 1, ""race_cancel"": 1}",{},,6,6,2,0.0058
local,no_version_check,184,0,,,"{""observe_stale"": 1, ""preempt"": 1, ""slow_start"": 1, ""start_fail"": 1, ""stop_fail"": 1, ""store_outage"": 1}",{},133450,164,162,31,0.3342
local,no_version_check,185,0,,,"{""attempt_crash"": 1, ""attempt_lost"": 1, ""cap_change"": 1, ""stop_fail"": 1, ""zombie"": 2}",{},0,130,99,25,0.1943
local,no_version_check,186,1,I5,"replay differs from the tables: workload w24: table Workload(id='w24', namespace='team-b', spec={'checkpoint_interval_s': 20, 'command': None, 'cpus': 96, 'esti","{""attempt_crash"": 1, ""race_cancel"": 1, ""stop_fail"": 1, ""zombie"": 1}",{},,117,99,24,0.1798
local,no_version_check,187,0,,,"{""observe_stale"": 1, ""policy_fault"": 1, ""zombie"": 1}",{},78761,128,100,31,0.1888
local,no_version_check,188,0,,,"{""attempt_lost"": 1, ""cap_change"": 1, ""crash"": 1, ""race_cancel"": 1, ""start_fail"": 2}","{""submit.after_commit"": 1}",73705,172,153,31,0.2683
local,no_version_check,189,0,,,"{""observe_stale"": 1}",{},149251,128,109,21,0.1732
local,no_version_check,190,0,,,"{""observe_down"": 1, ""observe_stale"": 1, ""preempt"": 1, ""race_cancel"": 1, ""slow_start"": 1, ""store_outage"": 1}",{},85203,140,153,25,0.2613
local,no_version_check,191,0,,,"{""observe_stale"": 1, ""race_cancel"": 1, ""start_fail"": 1, ""store_tx_fail"": 1}",{},72521,144,130,32,0.2254
local,no_version_check,192,1,I5,replay failed: seq 13 (started w4): no transition from CANCELLED on started,"{""race_cancel"": 1}",{},,13,10,4,0.0107
local,no_version_check,193,0,,,"{""cap_change"": 1, ""node_down"": 1, ""observe_stale"": 1, ""race_cancel"": 1, ""slow_start"": 1, ""store_tx_fail"": 1}",{},174482,211,193,39,0.4401
local,no_version_check,194,0,,,"{""crash"": 2, ""slow_start"": 1, ""store_outage"": 1}","{""ended.before_forget"": 1, ""start.after_call"": 1}",101582,164,174,30,0.3073
local,no_version_check,195,0,,,"{""attempt_lost"": 1, ""crash"": 1, ""preempt"": 2, ""slow_start"": 1, ""start_fail"": 1}","{""start.after_call"": 1}",158460,148,140,26,0.2189
local,no_version_check,196,0,,,"{""stop_fail"": 1}",{},149574,158,139,26,0.256
local,no_version_check,197,0,,,"{""race_cancel"": 1, ""zombie"": 1}",{},175014,214,165,44,0.4409
local,no_version_check,198,0,,,"{""crash"": 2, ""zombie"": 1}","{""start.after_commit"": 1, ""stop.before_call"": 1}",79033,150,122,33,0.2359
local,no_version_check,199,0,,,"{""attempt_crash"": 1, ""policy_fault"": 2, ""start_fail"": 1}",{},168504,152,141,32,0.2333
local,no_version_check,200,0,,,"{""attempt_crash"": 1, ""attempt_lost"": 1, ""observe_stale"": 1, ""start_fail"": 1}",{},69816,190,170,38,0.3254
local,none,1,0,,,"{""race_cancel"": 2, ""store_tx_fail"": 1}",{},136791,192,152,32,0.234
local,none,2,0,,,"{""policy_fault"": 1, ""slow_start"": 1, ""start_fail"": 1, ""zombie"": 1}",{},88182,134,104,29,0.1282
local,none,3,0,,,"{""attempt_crash"": 1, ""node_down"": 1, ""store_outage"": 1, ""zombie"": 2}",{},169212,317,183,44,0.4398
local,none,4,0,,,"{""attempt_lost"": 1, ""stop_fail"": 1}",{},235074,230,167,35,0.2284
local,none,5,0,,,"{""crash"": 1, ""slow_start"": 1}","{""submit.after_commit"": 1}",192541,106,101,23,0.0979
local,none,6,0,,,"{""cap_change"": 1, ""policy_fault"": 1, ""race_cancel"": 1, ""slow_start"": 1}",{},161723,98,110,20,0.0863
local,none,7,0,,,"{""race_cancel"": 1}",{},116102,121,116,24,0.1173
local,none,8,0,,,"{""crash"": 2, ""observe_down"": 1, ""store_outage"": 1, ""zombie"": 1}","{""requeue.before_commit"": 1, ""stop.before_call"": 1}",116491,134,116,27,0.1412
local,none,9,0,,,"{""cap_change"": 1, ""observe_down"": 2, ""observe_stale"": 1, ""race_cancel"": 1}",{},41665,109,103,21,0.1201
local,none,10,0,,,"{""policy_fault"": 1, ""store_tx_fail"": 1, ""zombie"": 1}",{},8147,120,111,27,0.1254
local,none,11,0,,,"{""attempt_crash"": 1, ""policy_fault"": 1, ""preempt"": 1, ""race_cancel"": 1}",{},93853,143,134,31,0.1582
local,none,12,0,,,"{""stop_fail"": 1}",{},104150,188,159,40,0.2156
local,none,13,0,,,"{""attempt_lost"": 1, ""crash"": 1, ""policy_fault"": 1}","{""ended.before_forget"": 1}",274811,204,184,37,0.2508
local,none,14,0,,,"{""observe_stale"": 1, ""policy_fault"": 1}",{},47028,148,137,28,0.1774
local,none,15,0,,,"{""stop_fail"": 1, ""store_tx_fail"": 1}",{},89817,168,148,38,0.2623
local,none,16,0,,,"{""race_cancel"": 1}",{},93717,92,81,23,0.106
local,none,17,0,,,"{""node_down"": 1, ""race_cancel"": 1, ""store_outage"": 1, ""store_tx_fail"": 1}",{},71770,150,163,29,0.1721
local,none,18,0,,,"{""observe_stale"": 1, ""zombie"": 3}",{},51855,150,109,35,0.157
local,none,19,0,,,"{""stop_fail"": 1}",{},76050,96,91,20,0.0851
local,none,20,0,,,"{""crash"": 1, ""store_outage"": 1}","{""ended.before_forget"": 1}",69838,126,115,21,0.1111
local,none,21,0,,,"{""attempt_crash"": 1, ""node_down"": 1, ""slow_start"": 1}",{},150074,202,179,39,0.2427
local,none,22,0,,,"{""observe_stale"": 1, ""policy_fault"": 1, ""stop_fail"": 1}",{},119835,140,127,28,0.1634
local,none,23,0,,,"{""crash"": 1, ""race_cancel"": 1, ""slow_start"": 1}","{""ended.before_forget"": 1}",12714,142,122,27,0.137
local,none,24,0,,,"{""observe_stale"": 1, ""race_cancel"": 1}",{},158587,206,180,40,0.3127
local,none,25,0,,,"{""attempt_lost"": 1, ""observe_down"": 1, ""zombie"": 1}",{},170282,216,151,36,0.2931
local,none,26,0,,,"{""observe_stale"": 1}",{},137876,164,151,33,0.2363
local,none,27,0,,,"{""store_tx_fail"": 1}",{},238436,182,168,36,0.2513
local,none,28,0,,,"{""slow_start"": 1, ""zombie"": 1}",{},83431,150,130,29,0.1635
local,none,29,0,,,"{""race_cancel"": 1}",{},112635,136,114,26,0.1282
local,none,30,0,,,"{""attempt_crash"": 1, ""cap_change"": 1, ""crash"": 1}","{""ended.before_forget"": 1}",81186,138,113,26,0.1526
local,none,31,0,,,"{""attempt_lost"": 1, ""observe_down"": 1, ""store_outage"": 1}",{},72058,108,110,22,0.115
local,none,32,0,,,"{""attempt_crash"": 1, ""attempt_lost"": 1, ""node_down"": 1, ""observe_down"": 1, ""observe_stale"": 1}",{},79157,235,194,36,0.3359
local,none,33,0,,,"{""observe_stale"": 1, ""preempt"": 1, ""race_cancel"": 1, ""store_outage"": 2}",{},140964,138,142,25,0.1423
local,none,34,0,,,"{""node_down"": 1, ""observe_stale"": 1, ""slow_start"": 1, ""zombie"": 1}",{},114791,149,115,31,0.1355
local,none,35,0,,,"{""store_outage"": 1, ""zombie"": 1}",{},201265,238,208,39,0.3622
local,none,36,0,,,"{""cap_change"": 1, ""observe_stale"": 2, ""start_fail"": 1, ""store_outage"": 1, ""zombie"": 1}",{},76515,108,100,24,0.114
local,none,37,0,,,"{""cap_change"": 1, ""policy_fault"": 2, ""stop_fail"": 1, ""store_tx_fail"": 1}",{},199527,176,166,31,0.2051
local,none,38,0,,,"{""crash"": 1, ""race_cancel"": 1, ""store_outage"": 1}","{""submit.after_commit"": 1}",111532,112,114,25,0.112
local,none,39,0,,,"{""attempt_lost"": 1, ""observe_stale"": 1, ""race_cancel"": 1, ""store_outage"": 1, ""store_tx_fail"": 1, ""zombie"": 1}",{},282981,222,196,40,0.3343
local,none,40,0,,,"{""stop_fail"": 1}",{},152965,116,96,24,0.1003
local,none,41,0,,,"{""store_outage"": 1}",{},188873,152,139,33,0.1542
local,none,42,0,,,"{""attempt_crash"": 1, ""attempt_lost"": 1, ""cap_change"": 1, ""observe_stale"": 1, ""policy_fault"": 1, ""start_fail"": 1}",{},0,140,132,30,0.1317
local,none,43,0,,,"{""attempt_crash"": 1, ""observe_stale"": 1, ""start_fail"": 2, ""store_tx_fail"": 1}",{},58271,150,148,28,0.1557
local,none,44,0,,,"{""node_down"": 1, ""observe_stale"": 1, ""start_fail"": 2, ""store_outage"": 1, ""zombie"": 1}",{},64735,191,177,41,0.2555
local,none,45,0,,,"{""cap_change"": 1, ""crash"": 1}","{""ended.before_forget"": 1}",142298,174,128,38,0.1835
local,none,46,0,,,"{""attempt_crash"": 1, ""cap_change"": 1, ""race_cancel"": 1, ""store_outage"": 1}",{},0,104,108,21,0.0955
local,none,47,0,,,"{""attempt_crash"": 1, ""start_fail"": 1}",{},190101,118,101,24,0.1362
local,none,48,0,,,"{""observe_down"": 1, ""observe_stale"": 1, ""preempt"": 1}",{},119382,190,172,35,0.275
local,none,49,0,,,"{""attempt_crash"": 1, ""attempt_lost"": 1, ""observe_stale"": 1}",{},166866,118,110,20,0.0998
local,none,50,0,,,"{""cap_change"": 1, ""crash"": 1, ""start_fail"": 1, ""store_outage"": 1}","{""submit.after_commit"": 1}",59673,130,126,26,0.1344
local,none,51,0,,,"{""preempt"": 1}",{},357767,220,159,33,0.2475
local,none,52,0,,,"{""attempt_lost"": 1}",{},149853,220,184,40,0.2819
local,none,53,0,,,"{""node_down"": 1, ""stop_fail"": 1, ""zombie"": 1}",{},91033,189,146,38,0.2204
local,none,54,0,,,"{""attempt_crash"": 1, ""attempt_lost"": 1, ""observe_down"": 1, ""policy_fault"": 1, ""race_cancel"": 2}",{},71637,112,107,23,0.0976
local,none,55,0,,,"{""attempt_crash"": 1, ""race_cancel"": 1}",{},137041,100,93,22,0.0881
local,none,56,0,,,"{""observe_stale"": 2, ""start_fail"": 1}",{},79586,184,166,38,0.2231
local,none,57,0,,,"{""attempt_lost"": 1, ""observe_stale"": 1, ""store_outage"": 1}",{},166793,208,206,38,0.2607
local,none,58,0,,,"{""attempt_crash"": 1}",{},115632,178,155,35,0.2133
local,none,59,0,,,"{""race_cancel"": 1, ""stop_fail"": 1}",{},202838,134,129,27,0.1297
local,none,60,0,,,"{""observe_down"": 1, ""race_cancel"": 1, ""stop_fail"": 1}",{},118629,123,114,28,0.1293
local,none,61,0,,,"{""race_cancel"": 1}",{},134432,177,164,34,0.1844
local,none,62,0,,,"{""crash"": 1, ""observe_down"": 1, ""store_outage"": 1}","{""submit.after_commit"": 1}",189881,140,132,27,0.1539
local,none,63,0,,,"{""attempt_crash"": 1}",{},81731,120,103,24,0.105
local,none,64,0,,,"{""node_down"": 1, ""race_cancel"": 1}",{},136009,211,183,32,0.2584
local,none,65,0,,,"{""zombie"": 1}",{},134495,142,124,30,0.1584
local,none,66,0,,,{},{},201167,162,143,33,0.1862
local,none,67,0,,,"{""attempt_lost"": 1, ""crash"": 1, ""store_tx_fail"": 2, ""zombie"": 1}","{""start.after_call"": 1}",139746,140,120,29,0.1424
local,none,68,0,,,"{""attempt_crash"": 1, ""attempt_lost"": 1, ""stop_fail"": 1}",{},291929,180,152,36,0.2203
local,none,69,0,,,"{""attempt_crash"": 1, ""node_down"": 1}",{},263568,182,143,29,0.1904
local,none,70,0,,,"{""attempt_crash"": 1}",{},151312,178,151,34,0.2405
local,none,71,0,,,"{""policy_fault"": 1, ""race_cancel"": 1, ""stop_fail"": 1, ""zombie"": 1}",{},148066,234,164,39,0.2934
local,none,72,0,,,"{""attempt_lost"": 1}",{},153129,106,94,24,0.0836
local,none,73,0,,,"{""observe_down"": 1, ""race_cancel"": 1, ""zombie"": 1}",{},117414,125,114,28,0.1224
local,none,74,0,,,"{""race_cancel"": 1}",{},160238,164,154,36,0.1959
local,none,75,0,,,"{""node_down"": 1}",{},168375,98,87,20,0.0859
local,none,76,0,,,"{""cap_change"": 1, ""crash"": 1, ""node_down"": 1, ""stop_fail"": 1, ""zombie"": 2}","{""start.after_call"": 1}",162,125,95,25,0.1194
local,none,77,0,,,"{""attempt_crash"": 2, ""observe_stale"": 1, ""preempt"": 1, ""race_cancel"": 1, ""stop_fail"": 1}",{},157618,130,119,24,0.1298
local,none,78,0,,,"{""attempt_lost"": 2, ""crash"": 1, ""observe_down"": 1, ""preempt"": 1}","{""start.after_commit"": 1}",167957,146,129,23,0.161
local,none,79,0,,,"{""policy_fault"": 1, ""start_fail"": 1}",{},126594,106,98,21,0.1053
local,none,80,0,,,"{""node_down"": 1, ""policy_fault"": 1, ""stop_fail"": 1, ""zombie"": 2}",{},267975,243,148,40,0.3263
local,none,81,0,,,"{""start_fail"": 1, ""store_outage"": 1}",{},154868,202,184,34,0.2369
local,none,82,0,,,"{""attempt_lost"": 1, ""crash"": 1, ""observe_down"": 2}","{""submit.after_commit"": 1}",236145,124,117,25,0.1154
local,none,83,0,,,"{""attempt_lost"": 1, ""policy_fault"": 1}",{},122054,186,172,38,0.2615
local,none,84,0,,,"{""crash"": 1, ""preempt"": 1, ""race_cancel"": 1}","{""submit.after_commit"": 1}",223544,1159,298,32,0.8896
local,none,85,0,,,"{""attempt_lost"": 1, ""observe_stale"": 1, ""store_outage"": 1}",{},106782,96,99,21,0.0812
local,none,86,0,,,"{""crash"": 1, ""observe_down"": 1, ""race_cancel"": 1, ""store_tx_fail"": 1, ""zombie"": 1}","{""requeue.before_commit"": 1}",185266,234,192,44,0.2754
local,none,87,0,,,"{""start_fail"": 1}",{},195048,118,100,22,0.1044
local,none,88,0,,,"{""cap_change"": 1, ""observe_stale"": 1, ""policy_fault"": 2, ""race_cancel"": 1, ""stop_fail"": 1}",{},107464,180,155,37,0.2313
local,none,89,0,,,"{""crash"": 2, ""race_cancel"": 1, ""start_fail"": 1, ""stop_fail"": 1}","{""start.after_commit"": 1, ""stop.before_call"": 1}",147314,182,167,36,0.2498
local,none,90,0,,,"{""node_down"": 1, ""policy_fault"": 1, ""preempt"": 1}",{},248448,177,163,34,0.2279
local,none,91,0,,,"{""observe_stale"": 1}",{},127104,176,164,35,0.2007
local,none,92,0,,,"{""crash"": 2, ""preempt"": 1, ""race_cancel"": 1, ""zombie"": 1}","{""ended.before_forget"": 2}",232701,208,160,43,0.306
local,none,93,0,,,"{""crash"": 2, ""race_cancel"": 2, ""store_outage"": 1, ""zombie"": 1}","{""ended.before_forget"": 1, ""submit.after_commit"": 1}",82898,144,134,31,0.1668
local,none,94,0,,,"{""attempt_lost"": 2, ""observe_stale"": 2, ""policy_fault"": 1}",{},81478,180,164,31,0.2095
local,none,95,0,,,"{""attempt_lost"": 1, ""node_down"": 1, ""slow_start"": 1, ""start_fail"": 1, ""store_outage"": 1}",{},185110,168,169,34,0.2139
local,none,96,0,,,"{""store_tx_fail"": 1, ""zombie"": 2}",{},91335,168,143,34,0.2168
local,none,97,0,,,"{""zombie"": 1}",{},116179,150,129,28,0.157
local,none,98,0,,,"{""attempt_lost"": 1, ""node_down"": 1, ""start_fail"": 1, ""zombie"": 2}",{},185455,140,93,26,0.142
local,none,99,0,,,"{""crash"": 2}","{""start.after_commit"": 1, ""stop.before_call"": 1}",218652,244,188,37,0.3213
local,none,100,0,,,"{""crash"": 1, ""node_down"": 1, ""policy_fault"": 1, ""race_cancel"": 1}","{""ended.before_forget"": 1}",57613,140,132,26,0.1354
local,none,101,0,,,"{""attempt_crash"": 1, ""store_tx_fail"": 1}",{},121164,188,147,40,0.219
local,none,102,0,,,"{""node_down"": 1, ""race_cancel"": 1, ""zombie"": 1}",{},59790,132,109,29,0.141
local,none,103,0,,,"{""stop_fail"": 1, ""zombie"": 1}",{},254040,180,153,38,0.249
local,none,104,0,,,"{""observe_stale"": 2, ""policy_fault"": 1, ""slow_start"": 1}",{},46671,114,103,25,0.1001
local,none,105,0,,,"{""start_fail"": 1}",{},156160,150,141,33,0.1702
local,none,106,0,,,"{""crash"": 1, ""preempt"": 1, ""race_cancel"": 1, ""store_outage"": 1}","{""stop.before_call"": 1}",34134,206,186,39,0.2595
local,none,107,0,,,"{""store_tx_fail"": 1}",{},68735,138,133,29,0.1683
local,none,108,0,,,"{""node_down"": 1, ""observe_stale"": 1}",{},161834,203,184,34,0.2517
local,none,109,0,,,"{""slow_start"": 1}",{},159745,154,151,29,0.1859
local,none,110,0,,,"{""node_down"": 1, ""race_cancel"": 1, ""zombie"": 1}",{},91749,137,119,24,0.1204
local,none,111,0,,,"{""attempt_crash"": 1, ""attempt_lost"": 1, ""crash"": 1, ""observe_stale"": 2, ""store_outage"": 1}","{""submit.after_commit"": 1}",40505,120,120,27,0.1327
local,none,112,0,,,"{""store_outage"": 1, ""store_tx_fail"": 1}",{},136570,110,101,21,0.081
local,none,113,0,,,"{""cap_change"": 1, ""crash"": 1, ""race_cancel"": 1, ""stop_fail"": 2}","{""ended.before_forget"": 1}",0,126,115,25,0.1422
local,none,114,0,,,"{""zombie"": 1}",{},169798,152,111,34,0.1809
local,none,115,0,,,"{""crash"": 1, ""start_fail"": 1}","{""requeue.before_commit"": 1}",142837,156,143,32,0.1611
local,none,116,0,,,"{""observe_down"": 1, ""observe_stale"": 1}",{},17033,225,182,38,0.2636
local,none,117,0,,,"{""observe_down"": 1, ""observe_stale"": 1, ""race_cancel"": 1, ""slow_start"": 1, ""store_outage"": 1, ""zombie"": 1}",{},105597,137,129,28,0.1358
local,none,118,0,,,"{""crash"": 1, ""node_down"": 1}","{""stop.before_call"": 1}",109214,128,114,23,0.1116
local,none,119,0,,,"{""attempt_crash"": 1, ""race_cancel"": 1, ""start_fail"": 1, ""stop_fail"": 1}",{},7678,128,128,30,0.1446
local,none,120,0,,,"{""start_fail"": 1, ""stop_fail"": 1}",{},159602,182,162,35,0.2441
local,none,121,0,,,"{""preempt"": 1}",{},288764,148,125,31,0.1521
local,none,122,0,,,"{""attempt_crash"": 1, ""crash"": 1, ""observe_stale"": 1}","{""start.after_commit"": 1}",107785,120,106,27,0.1153
local,none,123,0,,,"{""race_cancel"": 2, ""start_fail"": 1, ""zombie"": 1}",{},159140,130,118,27,0.1244
local,none,124,0,,,"{""cap_change"": 1, ""observe_down"": 1}",{},33924,128,105,24,0.1202
local,none,125,0,,,"{""cap_change"": 1, ""crash"": 1, ""slow_start"": 1}","{""stop.before_call"": 1}",86012,136,118,30,0.1224
local,none,126,0,,,"{""zombie"": 1}",{},220412,202,171,40,0.2967
local,none,127,0,,,"{""crash"": 1, ""node_down"": 1, ""observe_stale"": 2, ""store_tx_fail"": 1, ""zombie"": 1}","{""start.after_call"": 1}",123533,213,166,37,0.2672
local,none,128,0,,,"{""observe_stale"": 1}",{},117487,146,127,32,0.1612
local,none,129,0,,,"{""attempt_lost"": 1, ""crash"": 1, ""store_outage"": 1, ""zombie"": 1}","{""start.after_call"": 1}",38055,120,88,24,0.0997
local,none,130,0,,,"{""observe_down"": 1, ""race_cancel"": 1, ""store_tx_fail"": 1, ""zombie"": 1}",{},131920,202,161,38,0.2218
local,none,131,0,,,"{""crash"": 1, ""slow_start"": 1}","{""start.after_commit"": 1}",137727,142,130,26,0.1441
local,none,132,0,,,"{""crash"": 1, ""observe_down"": 1, ""observe_stale"": 1, ""race_cancel"": 1, ""zombie"": 1}","{""start.after_commit"": 1}",147569,210,180,45,0.2833
local,none,133,0,,,"{""attempt_crash"": 1, ""crash"": 1, ""node_down"": 1, ""policy_fault"": 1, ""preempt"": 1}","{""submit.after_commit"": 1}",35451,138,124,29,0.14
local,none,134,0,,,"{""attempt_lost"": 1, ""race_cancel"": 1}",{},135396,144,128,26,0.1314
local,none,135,0,,,"{""cap_change"": 1, ""node_down"": 1, ""observe_stale"": 1, ""slow_start"": 1}",{},76916,152,138,31,0.1601
local,none,136,0,,,"{""observe_down"": 1, ""zombie"": 1}",{},494116,208,145,39,0.2001
local,none,137,0,,,"{""attempt_lost"": 1, ""crash"": 1, ""store_outage"": 1, ""zombie"": 1}","{""submit.after_commit"": 1}",116150,190,171,38,0.2363
local,none,138,0,,,"{""node_down"": 1, ""observe_stale"": 1}",{},48948,201,176,35,0.2572
local,none,139,0,,,"{""observe_stale"": 1}",{},211315,212,173,36,0.2218
local,none,140,0,,,"{""node_down"": 1, ""race_cancel"": 2, ""slow_start"": 1}",{},82138,112,114,27,0.1095
local,none,141,0,,,"{""crash"": 1}","{""start.after_commit"": 1}",119561,130,113,29,0.1255
local,none,142,0,,,"{""observe_down"": 1}",{},274341,224,171,38,0.2596
local,none,143,0,,,"{""node_down"": 1, ""stop_fail"": 1}",{},174182,141,120,23,0.1382
local,none,144,0,,,"{""attempt_crash"": 1, ""crash"": 1, ""observe_down"": 1, ""observe_stale"": 1, ""stop_fail"": 1, ""zombie"": 1}","{""requeue.before_commit"": 1}",15064,120,98,28,0.1088
local,none,145,0,,,"{""cap_change"": 1, ""race_cancel"": 1, ""slow_start"": 1, ""store_outage"": 1, ""zombie"": 1}",{},135609,107,88,22,0.0923
local,none,146,0,,,"{""observe_down"": 1, ""preempt"": 1, ""zombie"": 2}",{},353123,304,174,50,0.3399
local,none,147,0,,,"{""store_tx_fail"": 1}",{},160481,132,123,26,0.1313
local,none,148,0,,,"{""observe_stale"": 1, ""store_outage"": 1}",{},109035,178,156,37,0.2118
local,none,149,0,,,"{""attempt_crash"": 1, ""observe_stale"": 1, ""policy_fault"": 2, ""zombie"": 1}",{},93495,188,155,34,0.1963
local,none,150,0,,,"{""attempt_crash"": 1, ""crash"": 1}","{""submit.after_commit"": 1}",177797,162,163,35,0.1997
local,none,151,0,,,"{""observe_stale"": 1, ""slow_start"": 1, ""store_tx_fail"": 1, ""zombie"": 1}",{},150076,198,178,38,0.2642
local,none,152,0,,,"{""observe_stale"": 2, ""store_outage"": 2}",{},22560,150,149,28,0.1609
local,none,153,0,,,"{""policy_fault"": 1}",{},139875,214,169,39,0.2785
local,none,154,0,,,"{""crash"": 1, ""preempt"": 1, ""race_cancel"": 2, ""zombie"": 1}","{""requeue.before_commit"": 1}",245684,163,124,35,0.2031
local,none,155,0,,,"{""race_cancel"": 1, ""zombie"": 1}",{},88917,140,110,31,0.1506
local,none,156,0,,,"{""cap_change"": 1, ""node_down"": 1, ""race_cancel"": 1, ""store_tx_fail"": 1}",{},194940,192,186,36,0.2737
local,none,157,0,,,"{""attempt_crash"": 1, ""crash"": 1, ""node_down"": 1, ""observe_down"": 1, ""preempt"": 1, ""slow_start"": 1}","{""submit.after_commit"": 1}",131072,153,136,25,0.1769
local,none,158,0,,,"{""attempt_lost"": 1, ""observe_stale"": 1, ""race_cancel"": 1, ""store_tx_fail"": 1}",{},97441,156,144,27,0.1732
local,none,159,0,,,"{""slow_start"": 1, ""start_fail"": 1, ""stop_fail"": 1}",{},2990,132,123,25,0.1328
local,none,160,0,,,"{""attempt_crash"": 1, ""observe_down"": 1}",{},158914,192,162,34,0.1961
local,none,161,0,,,"{""observe_stale"": 2, ""zombie"": 1}",{},148232,200,148,40,0.2081
local,none,162,0,,,"{""attempt_lost"": 1, ""observe_down"": 1, ""observe_stale"": 1, ""policy_fault"": 1, ""start_fail"": 1}",{},69732,202,172,35,0.232
local,none,163,0,,,"{""slow_start"": 1, ""start_fail"": 1}",{},99633,204,180,38,0.2382
local,none,164,0,,,"{""observe_stale"": 1, ""policy_fault"": 2, ""store_outage"": 1, ""zombie"": 1}",{},183085,186,141,33,0.2032
local,none,165,0,,,"{""cap_change"": 1, ""observe_down"": 1, ""observe_stale"": 2, ""slow_start"": 1, ""zombie"": 1}",{},20654,148,123,31,0.1763
local,none,166,0,,,"{""cap_change"": 1, ""store_tx_fail"": 2}",{},0,144,136,30,0.1615
local,none,167,0,,,"{""node_down"": 1, ""observe_stale"": 1, ""race_cancel"": 1, ""stop_fail"": 1}",{},56626,150,149,28,0.1618
local,none,168,0,,,"{""attempt_crash"": 1, ""crash"": 2, ""stop_fail"": 1, ""store_tx_fail"": 1}","{""ended.before_forget"": 1, ""start.after_commit"": 1}",118963,158,130,30,0.1612
local,none,169,0,,,"{""observe_down"": 1, ""observe_stale"": 1, ""race_cancel"": 1, ""slow_start"": 1, ""stop_fail"": 1, ""zombie"": 1}",{},198907,168,118,36,0.1646
local,none,170,0,,,"{""cap_change"": 1}",{},130933,170,135,33,0.17
local,none,171,0,,,"{""observe_down"": 1, ""observe_stale"": 1, ""stop_fail"": 1}",{},107179,132,125,26,0.1394
local,none,172,0,,,"{""cap_change"": 1, ""crash"": 2, ""race_cancel"": 1, ""store_tx_fail"": 1}","{""start.after_call"": 2}",92486,163,154,34,0.1948
local,none,173,0,,,"{""race_cancel"": 1}",{},79633,117,108,24,0.1328
local,none,174,0,,,"{""observe_stale"": 1, ""store_tx_fail"": 1}",{},84316,128,117,25,0.1625
local,none,175,0,,,"{""start_fail"": 1}",{},61928,140,127,28,0.1475
local,none,176,0,,,"{""crash"": 1, ""race_cancel"": 1, ""start_fail"": 1, ""zombie"": 2}","{""ended.before_forget"": 1}",51516,191,153,36,0.2185
local,none,177,0,,,"{""start_fail"": 1}",{},174245,116,105,28,0.1212
local,none,178,0,,,"{""observe_down"": 1, ""slow_start"": 1, ""store_outage"": 1}",{},119325,128,124,29,0.1284
local,none,179,0,,,"{""attempt_lost"": 1, ""crash"": 1, ""race_cancel"": 1, ""slow_start"": 1, ""stop_fail"": 1}","{""requeue.before_commit"": 1}",53173,129,123,26,0.1604
local,none,180,0,,,"{""crash"": 1, ""node_down"": 1, ""observe_stale"": 1}","{""stop.before_call"": 1}",50880,141,143,31,0.1664
local,none,181,0,,,"{""observe_stale"": 1, ""stop_fail"": 2, ""store_tx_fail"": 2}",{},121863,148,138,30,0.1461
local,none,182,0,,,"{""attempt_lost"": 1, ""observe_down"": 1, ""race_cancel"": 1, ""slow_start"": 1, ""store_tx_fail"": 1, ""zombie"": 1}",{},163949,172,150,33,0.202
local,none,183,0,,,"{""cap_change"": 1, ""observe_down"": 1, ""preempt"": 1, ""race_cancel"": 2}",{},32307,100,94,21,0.0969
local,none,184,0,,,"{""observe_stale"": 1, ""preempt"": 1, ""slow_start"": 1, ""start_fail"": 1, ""stop_fail"": 1, ""store_outage"": 1}",{},133450,164,162,31,0.2014
local,none,185,0,,,"{""attempt_crash"": 1, ""attempt_lost"": 1, ""cap_change"": 1, ""stop_fail"": 1, ""zombie"": 2}",{},0,130,99,25,0.1336
local,none,186,0,,,"{""attempt_crash"": 1, ""race_cancel"": 1, ""stop_fail"": 1, ""zombie"": 1}",{},147108,117,105,24,0.1171
local,none,187,0,,,"{""observe_stale"": 1, ""policy_fault"": 1, ""zombie"": 1}",{},78761,128,100,31,0.122
local,none,188,0,,,"{""attempt_lost"": 1, ""cap_change"": 1, ""crash"": 1, ""race_cancel"": 1, ""start_fail"": 2}","{""submit.after_commit"": 1}",73705,172,153,31,0.1748
local,none,189,0,,,"{""observe_stale"": 1}",{},149251,128,109,21,0.1155
local,none,190,0,,,"{""observe_down"": 1, ""observe_stale"": 1, ""preempt"": 1, ""race_cancel"": 1, ""slow_start"": 1, ""store_outage"": 1}",{},85203,140,153,25,0.1522
local,none,191,0,,,"{""observe_stale"": 1, ""race_cancel"": 1, ""start_fail"": 1, ""store_tx_fail"": 1}",{},72521,144,130,32,0.1432
local,none,192,0,,,"{""attempt_crash"": 1, ""node_down"": 1, ""race_cancel"": 2}",{},75754,114,96,21,0.106
local,none,193,0,,,"{""cap_change"": 1, ""node_down"": 1, ""observe_stale"": 1, ""race_cancel"": 1, ""slow_start"": 1, ""store_tx_fail"": 1}",{},174482,211,193,39,0.306
local,none,194,0,,,"{""crash"": 2, ""slow_start"": 1, ""store_outage"": 1}","{""ended.before_forget"": 1, ""start.after_call"": 1}",101582,164,174,30,0.2174
local,none,195,0,,,"{""attempt_lost"": 1, ""crash"": 1, ""preempt"": 2, ""slow_start"": 1, ""start_fail"": 1}","{""start.after_call"": 1}",158460,148,140,26,0.1397
local,none,196,0,,,"{""stop_fail"": 1}",{},149574,158,139,26,0.1642
local,none,197,0,,,"{""race_cancel"": 1, ""zombie"": 1}",{},175014,214,165,44,0.3137
local,none,198,0,,,"{""crash"": 2, ""zombie"": 1}","{""start.after_commit"": 1, ""stop.before_call"": 1}",79033,150,122,33,0.1695
local,none,199,0,,,"{""attempt_crash"": 1, ""policy_fault"": 2, ""start_fail"": 1}",{},168504,152,141,32,0.1632
local,none,200,0,,,"{""attempt_crash"": 1, ""attempt_lost"": 1, ""observe_stale"": 1, ""start_fail"": 1}",{},69816,190,170,38,0.2003
local,none,201,0,,,"{""slow_start"": 1, ""store_tx_fail"": 1}",{},105346,130,115,26,0.113
local,none,202,0,,,"{""cap_change"": 1}",{},97871,134,124,24,0.1328
local,none,203,0,,,"{""crash"": 2, ""race_cancel"": 1, ""slow_start"": 1}","{""stop.before_call"": 1, ""stopped.before_commit"": 1}",276407,192,185,37,0.2631
local,none,204,0,,,"{""attempt_lost"": 1, ""observe_down"": 1, ""observe_stale"": 1, ""race_cancel"": 1, ""stop_fail"": 1}",{},113111,123,115,24,0.0999
local,none,205,0,,,"{""policy_fault"": 1, ""store_tx_fail"": 1}",{},94736,178,165,38,0.2091
local,none,206,0,,,"{""policy_fault"": 1}",{},177627,197,172,39,0.2508
local,none,207,0,,,"{""crash"": 2, ""zombie"": 1}","{""start.after_commit"": 1, ""stopped.before_commit"": 1}",134226,132,116,29,0.1513
local,none,208,0,,,"{""crash"": 3, ""node_down"": 2}","{""start.after_commit"": 1, ""stopped.before_commit"": 1, ""submit.after_commit"": 1}",192460,160,160,31,0.2074
local,none,209,0,,,"{""crash"": 1, ""preempt"": 1, ""zombie"": 1}","{""ended.before_forget"": 1}",105622,176,147,35,0.1805
local,none,210,0,,,"{""crash"": 1}","{""stopped.before_commit"": 1}",156088,144,123,26,0.1557
local,none,211,0,,,"{""attempt_crash"": 1, ""race_cancel"": 1, ""zombie"": 1}",{},186660,198,169,39,0.2767
local,none,212,0,,,"{""crash"": 1, ""preempt"": 1, ""stop_fail"": 1}","{""start.after_call"": 1}",220439,120,109,25,0.1106
local,none,213,0,,,"{""observe_down"": 1, ""zombie"": 1}",{},112130,128,98,25,0.1223
local,none,214,0,,,"{""attempt_crash"": 1, ""observe_stale"": 2, ""race_cancel"": 1, ""zombie"": 2}",{},218231,317,190,43,0.4502
local,none,215,0,,,"{""store_outage"": 1}",{},281626,224,188,37,0.3114
local,none,216,0,,,"{""observe_stale"": 1, ""preempt"": 1, ""race_cancel"": 2, ""stop_fail"": 1}",{},96947,172,162,35,0.2406
local,none,217,0,,,"{""attempt_crash"": 1, ""observe_stale"": 1, ""race_cancel"": 1}",{},131223,126,114,25,0.137
local,none,218,0,,,"{""node_down"": 2, ""race_cancel"": 1, ""start_fail"": 1, ""store_tx_fail"": 1}",{},64818,188,190,35,0.2333
local,none,219,0,,,"{""attempt_crash"": 1, ""cap_change"": 1, ""crash"": 1, ""observe_stale"": 1, ""preempt"": 1}","{""start.after_commit"": 1}",36571,136,125,27,0.154
local,none,220,0,,,"{""observe_stale"": 2}",{},120278,96,92,20,0.0795
local,none,221,0,,,"{""crash"": 2, ""observe_stale"": 1, ""policy_fault"": 1}","{""requeue.before_commit"": 1, ""stop.before_call"": 1}",231965,220,168,30,0.2346
local,none,222,0,,,"{""crash"": 1, ""store_tx_fail"": 1}","{""ended.before_forget"": 1}",110140,142,128,29,0.1583
local,none,223,0,,,"{""attempt_crash"": 1, ""observe_stale"": 1}",{},87222,134,123,30,0.1553
local,none,224,0,,,"{""crash"": 1, ""node_down"": 2, ""preempt"": 1, ""race_cancel"": 1, ""start_fail"": 1}","{""submit.after_commit"": 1}",50661,104,102,22,0.1006
local,none,225,0,,,"{""race_cancel"": 1, ""stop_fail"": 1}",{},159207,202,195,40,0.2756
local,none,226,0,,,"{""crash"": 1, ""node_down"": 3, ""observe_stale"": 1, ""store_outage"": 1}","{""start.after_commit"": 1}",183361,215,195,39,0.3092
local,none,227,0,,,"{""attempt_crash"": 1, ""slow_start"": 1, ""stop_fail"": 1, ""store_outage"": 2, ""zombie"": 1}",{},141448,176,168,38,0.3051
local,none,228,0,,,"{""observe_stale"": 1, ""preempt"": 1, ""race_cancel"": 1, ""zombie"": 1}",{},130949,204,168,43,0.3238
local,none,229,0,,,"{""cap_change"": 1, ""crash"": 1, ""observe_down"": 1, ""race_cancel"": 1, ""slow_start"": 1, ""store_tx_fail"": 1}","{""stop.before_call"": 1}",135524,163,143,30,0.1891
local,none,230,0,,,"{""cap_change"": 1, ""observe_stale"": 1, ""policy_fault"": 1, ""store_outage"": 1}",{},66795,140,132,29,0.1375
local,none,231,0,,,"{""crash"": 1}","{""start.after_commit"": 1}",132670,148,133,28,0.179
local,none,232,0,,,"{""observe_stale"": 1, ""zombie"": 2}",{},315920,140,80,29,0.1325
local,none,233,0,,,"{""observe_down"": 2, ""race_cancel"": 1, ""zombie"": 1}",{},116264,194,158,44,0.2505
local,none,234,0,,,"{""slow_start"": 1, ""start_fail"": 1, ""stop_fail"": 1, ""store_tx_fail"": 1, ""zombie"": 1}",{},228413,164,138,31,0.1923
local,none,235,0,,,"{""observe_down"": 1, ""observe_stale"": 1}",{},82653,158,160,32,0.1917
local,none,236,0,,,"{""attempt_lost"": 1}",{},111406,102,90,22,0.0943
local,none,237,0,,,"{""preempt"": 2}",{},112490,98,81,20,0.0839
local,none,238,0,,,"{""attempt_lost"": 1, ""store_tx_fail"": 1, ""zombie"": 1}",{},130997,202,156,40,0.2911
local,none,239,0,,,"{""race_cancel"": 1}",{},157317,128,116,26,0.1126
local,none,240,0,,,"{""observe_down"": 1, ""race_cancel"": 1, ""stop_fail"": 1}",{},78730,136,131,25,0.1492
local,none,241,0,,,"{""attempt_lost"": 1, ""crash"": 1, ""observe_down"": 1, ""race_cancel"": 1, ""store_outage"": 1}","{""requeue.before_commit"": 1}",94296,139,138,29,0.1568
local,none,242,0,,,"{""crash"": 1, ""node_down"": 2, ""preempt"": 1, ""slow_start"": 1}","{""stop.before_call"": 1}",122077,156,159,32,0.2255
local,none,243,0,,,"{""preempt"": 1}",{},2400,140,120,26,0.1377
local,none,244,0,,,"{""cap_change"": 1, ""start_fail"": 1, ""store_outage"": 1}",{},7707,204,194,40,0.265
local,none,245,0,,,"{""race_cancel"": 1, ""slow_start"": 2}",{},94991,144,131,28,0.1468
local,none,246,0,,,"{""policy_fault"": 4, ""slow_start"": 1, ""store_tx_fail"": 1}",{},79282,142,130,31,0.1579
local,none,247,0,,,"{""race_cancel"": 1}",{},137857,158,131,25,0.1634
local,none,248,0,,,"{""preempt"": 1, ""race_cancel"": 1, ""store_outage"": 1, ""zombie"": 1}",{},58754,124,107,27,0.0964
local,none,249,0,,,"{""crash"": 1, ""node_down"": 1, ""race_cancel"": 1, ""start_fail"": 2}","{""stop.before_call"": 1}",110825,159,160,32,0.2702
local,none,250,0,,,"{""attempt_crash"": 1, ""crash"": 2, ""race_cancel"": 1}","{""start.after_call"": 1, ""start.after_commit"": 1}",159437,125,111,26,0.1654
local,none,251,0,,,"{""crash"": 1, ""race_cancel"": 2}","{""start.after_call"": 1}",118808,136,124,24,0.1387
local,none,252,0,,,"{""crash"": 1, ""observe_down"": 1, ""start_fail"": 1}","{""start.after_call"": 1}",52616,126,121,27,0.131
local,none,253,0,,,"{""crash"": 1}","{""requeue.before_commit"": 1}",166839,182,158,38,0.2101
local,none,254,0,,,"{""node_down"": 3, ""race_cancel"": 1, ""slow_start"": 1}",{},124563,244,214,39,0.3366
local,none,255,0,,,"{""crash"": 2, ""node_down"": 1, ""observe_down"": 1}","{""start.after_call"": 1, ""submit.after_commit"": 1}",267371,198,161,35,0.2037
local,none,256,0,,,"{""node_down"": 1, ""observe_stale"": 1, ""start_fail"": 1, ""stop_fail"": 1, ""store_tx_fail"": 1}",{},145472,124,127,24,0.1535
local,none,257,0,,,"{""attempt_crash"": 1, ""cap_change"": 1, ""crash"": 1, ""observe_down"": 1, ""start_fail"": 1, ""store_tx_fail"": 1}","{""requeue.before_commit"": 1}",0,126,124,25,0.137
local,none,258,0,,,"{""crash"": 1, ""observe_down"": 1, ""race_cancel"": 1, ""store_tx_fail"": 1}","{""ended.before_forget"": 1}",91877,166,145,34,0.1925
local,none,259,0,,,"{""attempt_crash"": 1, ""attempt_lost"": 1, ""node_down"": 1, ""observe_stale"": 1}",{},67010,114,96,24,0.1149
local,none,260,0,,,"{""attempt_lost"": 1, ""preempt"": 1, ""stop_fail"": 1, ""store_outage"": 1}",{},149730,142,125,27,0.1709
local,none,261,0,,,"{""cap_change"": 1, ""zombie"": 1}",{},277749,140,120,26,0.152
local,none,262,0,,,{},{},101855,128,105,29,0.1238
local,none,263,0,,,"{""observe_stale"": 1, ""start_fail"": 1}",{},188995,176,159,37,0.2156
local,none,264,0,,,"{""crash"": 1, ""observe_stale"": 1, ""stop_fail"": 1, ""zombie"": 2}","{""ended.before_forget"": 1}",156592,128,88,28,0.1149
local,none,265,0,,,"{""attempt_lost"": 1, ""policy_fault"": 1}",{},190068,146,132,28,0.1811
local,none,266,0,,,{},{},22335,112,102,24,0.1241
local,none,267,0,,,"{""attempt_crash"": 1, ""cap_change"": 2}",{},56155,138,111,28,0.1602
local,none,268,0,,,"{""attempt_crash"": 1, ""observe_stale"": 1, ""policy_fault"": 1}",{},56495,148,126,31,0.1489
local,none,269,0,,,"{""observe_stale"": 1, ""policy_fault"": 1, ""stop_fail"": 1, ""zombie"": 1}",{},39482,180,142,41,0.2471
local,none,270,0,,,"{""zombie"": 1}",{},135589,142,107,28,0.1488
local,none,271,0,,,"{""attempt_lost"": 1, ""race_cancel"": 1, ""start_fail"": 1, ""store_outage"": 1}",{},153335,244,181,40,0.3245
local,none,272,0,,,"{""cap_change"": 1, ""crash"": 2}","{""ended.before_forget"": 1, ""stopped.before_commit"": 1}",166599,188,167,39,0.2414
local,none,273,0,,,"{""attempt_lost"": 1, ""cap_change"": 1, ""crash"": 2, ""stop_fail"": 1}","{""ended.before_forget"": 1, ""requeue.before_commit"": 1}",210112,164,166,35,0.2174
local,none,274,0,,,"{""start_fail"": 1}",{},154806,96,89,22,0.0898
local,none,275,0,,,"{""store_tx_fail"": 1}",{},200455,218,173,40,0.2829
local,none,276,0,,,"{""cap_change"": 1, ""node_down"": 1, ""preempt"": 1, ""stop_fail"": 1}",{},137860,113,109,20,0.0905
local,none,277,0,,,"{""observe_down"": 1, ""stop_fail"": 1}",{},118483,108,93,21,0.0944
local,none,278,0,,,"{""attempt_lost"": 1, ""observe_down"": 1, ""observe_stale"": 1, ""preempt"": 1, ""race_cancel"": 1, ""zombie"": 1}",{},130491,165,144,32,0.1736
local,none,279,0,,,"{""stop_fail"": 1}",{},159323,124,110,25,0.1072
local,none,280,0,,,{},{},74147,108,92,23,0.0907
local,none,281,0,,,"{""attempt_lost"": 1, ""observe_stale"": 1, ""policy_fault"": 1, ""stop_fail"": 1}",{},124386,174,149,32,0.1702
local,none,282,0,,,"{""race_cancel"": 1, ""store_tx_fail"": 1}",{},105691,188,168,36,0.2114
local,none,283,0,,,"{""store_outage"": 1, ""store_tx_fail"": 1}",{},83074,112,107,23,0.104
local,none,284,0,,,"{""cap_change"": 1, ""observe_down"": 1, ""slow_start"": 1}",{},111884,172,174,35,0.2516
local,none,285,0,,,"{""preempt"": 1, ""race_cancel"": 1, ""zombie"": 1}",{},0,101,88,20,0.0847
local,none,286,0,,,{},{},71005,124,105,23,0.1011
local,none,287,0,,,"{""attempt_lost"": 1, ""policy_fault"": 1, ""race_cancel"": 1, ""start_fail"": 1}",{},15537,140,121,24,0.1458
local,none,288,0,,,"{""crash"": 1, ""observe_stale"": 2, ""stop_fail"": 2, ""store_outage"": 1}","{""stopped.before_commit"": 1}",119474,166,149,34,0.1996
local,none,289,0,,,"{""preempt"": 1, ""race_cancel"": 1, ""stop_fail"": 1, ""store_outage"": 2, ""store_tx_fail"": 1}",{},20400,120,118,22,0.1204
local,none,290,0,,,"{""crash"": 1, ""observe_down"": 1, ""observe_stale"": 2, ""slow_start"": 1, ""zombie"": 1}","{""requeue.before_commit"": 1}",86941,129,8654,30,7.3807
local,none,291,0,,,"{""attempt_crash"": 1, ""preempt"": 1}",{},178808,216,179,38,0.2806
local,none,292,0,,,"{""cap_change"": 1, ""preempt"": 1, ""stop_fail"": 1}",{},203100,150,124,31,0.1592
local,none,293,0,,,"{""zombie"": 1}",{},193481,150,127,33,0.1642
local,none,294,0,,,"{""crash"": 1, ""observe_stale"": 1, ""policy_fault"": 1, ""start_fail"": 1, ""store_tx_fail"": 1}","{""stopped.before_commit"": 1}",186655,168,153,28,0.1842
local,none,295,0,,,"{""observe_stale"": 2, ""preempt"": 1}",{},116581,120,103,22,0.1343
local,none,296,0,,,"{""attempt_crash"": 1, ""race_cancel"": 1}",{},109739,148,128,28,0.1349
local,none,297,0,,,"{""attempt_crash"": 1, ""observe_stale"": 1, ""race_cancel"": 1, ""store_outage"": 1}",{},98728,118,119,24,0.1116
local,none,298,0,,,"{""cap_change"": 1, ""node_down"": 1}",{},0,120,105,23,0.1145
local,none,299,0,,,"{""preempt"": 1}",{},220053,168,150,32,0.1777
local,none,300,0,,,"{""crash"": 1, ""node_down"": 1, ""observe_down"": 1, ""store_tx_fail"": 1}","{""stopped.before_commit"": 1}",37579,106,97,23,0.0894
local,none,301,0,,,"{""attempt_lost"": 1, ""slow_start"": 1}",{},138890,136,135,27,0.1713
local,none,302,0,,,"{""attempt_crash"": 1, ""race_cancel"": 1, ""stop_fail"": 1, ""store_outage"": 1}",{},30905,131,126,28,0.1257
local,none,303,0,,,"{""zombie"": 1}",{},354396,240,164,39,0.2713
local,none,304,0,,,"{""observe_stale"": 1, ""race_cancel"": 1}",{},229957,240,185,35,0.2793
local,none,305,0,,,"{""crash"": 1, ""observe_stale"": 1}","{""start.after_call"": 1}",144676,106,99,22,0.0992
local,none,306,0,,,"{""cap_change"": 1, ""preempt"": 1, ""race_cancel"": 1, ""zombie"": 1}",{},34043,120,87,24,0.1062
local,none,307,0,,,"{""attempt_lost"": 1, ""stop_fail"": 1}",{},93778,149,126,27,0.1606
local,none,308,0,,,"{""store_outage"": 1}",{},106761,120,110,27,0.1297
local,none,309,0,,,"{""cap_change"": 1, ""preempt"": 1}",{},155273,108,92,20,0.0842
local,none,310,0,,,"{""observe_stale"": 1, ""race_cancel"": 1, ""stop_fail"": 1}",{},61063,150,137,26,0.1381
local,none,311,0,,,"{""attempt_crash"": 1, ""observe_stale"": 1, ""slow_start"": 1}",{},141063,142,134,27,0.1488
local,none,312,0,,,"{""node_down"": 1, ""race_cancel"": 1, ""zombie"": 1}",{},239755,230,184,40,0.3074
local,none,313,0,,,"{""observe_down"": 1}",{},93330,148,127,30,0.1774
local,none,314,0,,,"{""store_tx_fail"": 1}",{},272358,172,149,32,0.1903
local,none,315,0,,,"{""cap_change"": 1, ""race_cancel"": 1, ""start_fail"": 1, ""stop_fail"": 1}",{},111841,108,106,23,0.1021
local,none,316,0,,,"{""policy_fault"": 2, ""slow_start"": 1, ""stop_fail"": 1, ""store_tx_fail"": 1}",{},122581,108,121,22,0.1114
local,none,317,0,,,"{""race_cancel"": 1}",{},88099,118,100,21,0.0977
local,none,318,0,,,"{""attempt_crash"": 1, ""preempt"": 1}",{},93315,176,147,36,0.2201
local,none,319,0,,,"{""crash"": 2, ""start_fail"": 1}","{""stop.before_call"": 2}",168726,194,160,36,0.2768
local,none,320,0,,,"{""crash"": 1, ""race_cancel"": 1, ""start_fail"": 1, ""stop_fail"": 1, ""zombie"": 1}","{""submit.after_commit"": 1}",125763,125,109,31,0.1147
local,none,321,0,,,"{""node_down"": 1, ""start_fail"": 1, ""stop_fail"": 1}",{},182736,122,108,22,0.1195
local,none,322,0,,,"{""observe_stale"": 1, ""preempt"": 1, ""stop_fail"": 1}",{},104528,144,133,30,0.1619
local,none,323,0,,,"{""attempt_crash"": 1, ""observe_stale"": 3, ""store_outage"": 1, ""store_tx_fail"": 1}",{},222834,172,159,27,0.1931
local,none,324,0,,,"{""attempt_crash"": 1, ""crash"": 2, ""observe_stale"": 1, ""start_fail"": 1}","{""requeue.before_commit"": 1, ""stop.before_call"": 1}",218030,188,156,33,0.248
local,none,325,0,,,"{""cap_change"": 2, ""observe_stale"": 1, ""preempt"": 1, ""store_tx_fail"": 1}",{},55184,102,100,20,0.099
local,none,326,0,,,"{""race_cancel"": 1, ""slow_start"": 1, ""zombie"": 1}",{},98048,200,148,39,0.2487
local,none,327,0,,,"{""cap_change"": 1, ""observe_down"": 1, ""race_cancel"": 1}",{},265419,208,183,39,0.2691
local,none,328,0,,,"{""slow_start"": 1}",{},158244,132,121,27,0.1291
local,none,329,0,,,"{""crash"": 1}","{""stopped.before_commit"": 1}",197579,214,181,37,0.2666
local,none,330,0,,,"{""attempt_lost"": 1, ""cap_change"": 1, ""observe_stale"": 1, ""policy_fault"": 1, ""stop_fail"": 1, ""store_outage"": 1}",{},42857,148,144,27,0.1622
local,none,331,0,,,"{""race_cancel"": 1, ""stop_fail"": 1, ""store_outage"": 2}",{},55710,196,189,38,0.2568
local,none,332,0,,,"{""attempt_lost"": 1}",{},144322,100,91,21,0.0842
local,none,333,0,,,"{""cap_change"": 1, ""store_tx_fail"": 1}",{},42194,166,152,31,0.2039
local,none,334,0,,,"{""race_cancel"": 1, ""store_outage"": 1}",{},161775,128,120,25,0.1139
local,none,335,0,,,"{""attempt_crash"": 1, ""policy_fault"": 1, ""race_cancel"": 1, ""store_outage"": 1, ""zombie"": 1}",{},151367,202,134,45,0.2464
local,none,336,0,,,"{""observe_down"": 1, ""observe_stale"": 1, ""store_tx_fail"": 1}",{},97276,192,173,40,0.2253
local,none,337,0,,,"{""attempt_crash"": 1}",{},103582,142,120,29,0.1223
local,none,338,0,,,"{""cap_change"": 1, ""preempt"": 1, ""race_cancel"": 1, ""start_fail"": 1, ""store_outage"": 1}",{},26215,174,164,35,0.2006
local,none,339,0,,,"{""attempt_lost"": 2, ""crash"": 1}","{""ended.before_forget"": 1}",109889,128,107,23,0.1179
local,none,340,0,,,"{""observe_stale"": 1, ""zombie"": 1}",{},258907,140,108,24,0.1482
local,none,341,0,,,"{""race_cancel"": 1, ""slow_start"": 1, ""stop_fail"": 1}",{},97687,134,127,28,0.1328
local,none,342,0,,,{},{},133729,132,110,25,0.1179
local,none,343,0,,,"{""observe_stale"": 2, ""store_outage"": 1}",{},137727,150,144,34,0.1853
local,none,344,0,,,"{""attempt_crash"": 1, ""crash"": 1, ""observe_down"": 1, ""observe_stale"": 1}","{""start.after_call"": 1}",87213,108,98,22,0.0937
local,none,345,0,,,"{""observe_stale"": 1, ""stop_fail"": 1, ""zombie"": 2}",{},94903,150,127,34,0.1527
local,none,346,0,,,"{""attempt_crash"": 1, ""observe_down"": 3, ""race_cancel"": 1, ""store_outage"": 1}",{},71445,200,194,40,0.2538
local,none,347,0,,,"{""crash"": 1, ""observe_down"": 1, ""slow_start"": 1, ""store_outage"": 1}","{""start.after_call"": 1}",200052,442,172,24,0.3007
local,none,348,0,,,"{""attempt_crash"": 1}",{},145170,190,168,40,0.2205
local,none,349,0,,,"{""crash"": 1, ""race_cancel"": 1, ""slow_start"": 1, ""start_fail"": 1}","{""stop.before_call"": 1}",178230,174,166,35,0.2321
local,none,350,0,,,"{""preempt"": 1}",{},157888,166,131,34,0.1598
local,none,351,0,,,"{""attempt_lost"": 2, ""crash"": 1, ""slow_start"": 1, ""zombie"": 1}","{""requeue.before_commit"": 1}",0,184,134,35,0.2138
local,none,352,0,,,{},{},52422,108,93,24,0.1002
local,none,353,0,,,"{""observe_stale"": 2, ""zombie"": 2}",{},140324,192,149,42,0.2619
local,none,354,0,,,"{""attempt_lost"": 1, ""zombie"": 1}",{},144076,238,198,42,0.298
local,none,355,0,,,"{""crash"": 1, ""preempt"": 1, ""stop_fail"": 2}","{""start.after_call"": 1}",261740,162,141,31,0.1729
local,none,356,0,,,"{""attempt_crash"": 1, ""store_outage"": 1}",{},113203,124,112,24,0.1077
local,none,357,0,,,"{""attempt_crash"": 1, ""crash"": 1, ""node_down"": 1, ""observe_stale"": 1, ""preempt"": 1}","{""stop.before_call"": 1}",192677,215,188,35,0.254
local,none,358,0,,,"{""crash"": 1, ""observe_down"": 1}","{""stop.before_call"": 1}",84496,102,90,21,0.0959
local,none,359,0,,,"{""crash"": 3, ""race_cancel"": 1}","{""ended.before_forget"": 1, ""start.after_call"": 1, ""submit.after_commit"": 1}",83976,162,148,31,0.1794
local,none,360,0,,,"{""cap_change"": 1, ""crash"": 1, ""node_down"": 1, ""observe_down"": 1, ""policy_fault"": 1, ""store_outage"": 1}","{""start.after_call"": 1}",60534,116,121,22,0.1225
local,none,361,0,,,"{""crash"": 1, ""policy_fault"": 1, ""store_outage"": 1}","{""submit.after_commit"": 1}",38975,106,100,22,0.1057
local,none,362,0,,,"{""crash"": 1, ""observe_stale"": 1, ""race_cancel"": 1}","{""submit.after_commit"": 1}",114147,113,107,23,0.1144
local,none,363,0,,,"{""crash"": 1, ""observe_stale"": 1, ""stop_fail"": 1, ""store_outage"": 1, ""store_tx_fail"": 1}","{""start.after_call"": 1}",30241,130,132,25,0.1531
local,none,364,0,,,"{""attempt_crash"": 1, ""crash"": 1, ""observe_stale"": 1, ""stop_fail"": 1}","{""start.after_call"": 1}",31065,172,164,33,0.2502
local,none,365,0,,,"{""cap_change"": 2, ""crash"": 1, ""race_cancel"": 1}","{""stopped.before_commit"": 1}",250674,190,173,35,0.2222
local,none,366,0,,,"{""attempt_lost"": 1, ""observe_stale"": 1, ""policy_fault"": 3}",{},94001,136,126,25,0.1417
local,none,367,0,,,"{""start_fail"": 1, ""store_tx_fail"": 1, ""zombie"": 1}",{},72734,118,105,24,0.1102
local,none,368,0,,,"{""crash"": 2, ""race_cancel"": 4}","{""ended.before_forget"": 1, ""stop.before_call"": 1}",109683,170,138,34,0.1853
local,none,369,0,,,"{""attempt_crash"": 1, ""policy_fault"": 1, ""race_cancel"": 1}",{},124274,152,129,26,0.1642
local,none,370,0,,,"{""crash"": 2, ""race_cancel"": 1}","{""requeue.before_commit"": 2}",133007,186,164,38,0.2314
local,none,371,0,,,"{""crash"": 1, ""zombie"": 1}","{""submit.after_commit"": 1}",119961,184,138,36,0.2164
local,none,372,0,,,"{""policy_fault"": 2, ""race_cancel"": 1, ""slow_start"": 1}",{},79376,212,187,40,0.2544
local,none,373,0,,,"{""policy_fault"": 1, ""zombie"": 1}",{},268170,198,163,37,0.2658
local,none,374,0,,,"{""attempt_lost"": 1, ""crash"": 2, ""race_cancel"": 1, ""slow_start"": 1, ""zombie"": 1}","{""requeue.before_commit"": 1, ""stop.before_call"": 1}",132112,152,117,29,0.1681
local,none,375,0,,,"{""attempt_lost"": 1, ""race_cancel"": 1, ""stop_fail"": 1, ""store_tx_fail"": 1}",{},140323,188,163,38,0.206
local,none,376,0,,,"{""preempt"": 1}",{},72638,154,132,35,0.1751
local,none,377,0,,,"{""observe_stale"": 1, ""policy_fault"": 1, ""race_cancel"": 1, ""store_tx_fail"": 1}",{},125688,121,116,21,0.1171
local,none,378,0,,,"{""attempt_crash"": 1, ""attempt_lost"": 1, ""cap_change"": 1, ""preempt"": 1}",{},143389,110,99,20,0.0929
local,none,379,0,,,"{""attempt_crash"": 1, ""store_tx_fail"": 1}",{},153378,182,166,40,0.2817
local,none,380,0,,,"{""cap_change"": 2, ""zombie"": 1}",{},121239,132,108,26,0.1518
local,none,381,0,,,"{""crash"": 1, ""race_cancel"": 1}","{""stopped.before_commit"": 1}",170626,104,93,25,0.1087
local,none,382,0,,,"{""attempt_crash"": 1, ""observe_stale"": 1, ""preempt"": 1, ""race_cancel"": 1, ""slow_start"": 1, ""zombie"": 1}",{},139321,176,144,37,0.2332
local,none,383,0,,,"{""node_down"": 1, ""observe_down"": 1, ""start_fail"": 1, ""zombie"": 1}",{},189372,156,123,28,0.1426
local,none,384,0,,,"{""slow_start"": 1, ""start_fail"": 1, ""store_outage"": 1}",{},73340,120,130,21,0.1214
local,none,385,0,,,"{""crash"": 2, ""preempt"": 1, ""race_cancel"": 1}","{""start.after_commit"": 1, ""stop.before_call"": 1}",113033,160,148,29,0.181
local,none,386,0,,,"{""attempt_crash"": 1, ""crash"": 2, ""zombie"": 2}","{""start.after_call"": 1, ""start.after_commit"": 1}",179774,120,93,24,0.1174
local,none,387,0,,,"{""observe_stale"": 1, ""start_fail"": 1}",{},122314,146,147,32,0.1878
local,none,388,0,,,"{""attempt_lost"": 1, ""crash"": 1, ""node_down"": 1, ""policy_fault"": 1, ""slow_start"": 2}","{""stopped.before_commit"": 1}",72381,119,119,20,0.1142
local,none,389,0,,,"{""crash"": 1, ""observe_stale"": 1, ""policy_fault"": 1, ""stop_fail"": 1}","{""ended.before_forget"": 1}",40342,128,118,27,0.1406
local,none,390,0,,,"{""cap_change"": 1}",{},0,158,132,38,0.1959
local,none,391,0,,,"{""observe_stale"": 1}",{},147918,228,193,40,0.3086
local,none,392,0,,,"{""attempt_crash"": 1, ""crash"": 1, ""store_outage"": 2}","{""submit.after_commit"": 1}",191761,204,197,40,0.2566
local,none,393,0,,,"{""attempt_crash"": 1, ""observe_down"": 1, ""slow_start"": 1, ""zombie"": 1}",{},119151,156,134,31,0.154
local,none,394,0,,,"{""observe_stale"": 1, ""race_cancel"": 1, ""start_fail"": 1, ""stop_fail"": 1}",{},255908,146,128,31,0.1342
local,none,395,0,,,"{""race_cancel"": 1, ""stop_fail"": 1}",{},22025,102,88,21,0.0768
local,none,396,0,,,"{""policy_fault"": 1, ""store_tx_fail"": 1}",{},41710,192,171,38,0.2288
local,none,397,0,,,"{""cap_change"": 1, ""observe_stale"": 1}",{},73089,112,100,22,0.1196
local,none,398,0,,,"{""attempt_lost"": 1, ""start_fail"": 1, ""store_outage"": 1, ""store_tx_fail"": 1, ""zombie"": 2}",{},275604,218,174,39,0.2814
local,none,399,0,,,"{""crash"": 1, ""observe_down"": 1}","{""ended.before_forget"": 1}",180025,108,98,20,0.0982
local,none,400,0,,,"{""observe_down"": 1, ""observe_stale"": 1, ""policy_fault"": 1, ""stop_fail"": 1, ""zombie"": 1}",{},114572,154,131,32,0.1568
local,none,401,0,,,"{""cap_change"": 1, ""policy_fault"": 1, ""race_cancel"": 1, ""zombie"": 2}",{},203608,210,175,46,0.3203
local,none,402,0,,,"{""attempt_lost"": 1, ""observe_stale"": 2}",{},122028,144,135,31,0.1686
local,none,403,0,,,"{""cap_change"": 1, ""crash"": 1, ""race_cancel"": 1, ""stop_fail"": 1}","{""stop.before_call"": 1}",40930,178,150,37,0.2132
local,none,404,0,,,"{""policy_fault"": 1, ""preempt"": 2, ""slow_start"": 1, ""store_tx_fail"": 1, ""zombie"": 1}",{},57662,190,168,40,0.2545
local,none,405,0,,,"{""observe_stale"": 1, ""race_cancel"": 1, ""store_outage"": 1}",{},114755,118,112,22,0.1038
local,none,406,0,,,"{""race_cancel"": 1}",{},143992,165,149,32,0.1681
local,none,407,0,,,"{""attempt_crash"": 1, ""cap_change"": 1, ""observe_stale"": 1, ""slow_start"": 1, ""zombie"": 2}",{},70201,196,144,40,0.2249
local,none,408,0,,,"{""attempt_lost"": 1, ""crash"": 1, ""observe_stale"": 1, ""preempt"": 1}","{""start.after_commit"": 1}",111761,210,172,39,0.239
local,none,409,0,,,"{""node_down"": 1, ""observe_stale"": 1, ""zombie"": 1}",{},185012,163,130,32,0.1585
local,none,410,0,,,"{""crash"": 1, ""observe_stale"": 2, ""slow_start"": 1, ""store_outage"": 1, ""zombie"": 1}","{""start.after_call"": 1}",117471,164,127,34,0.1674
local,none,411,0,,,"{""attempt_lost"": 1, ""race_cancel"": 1, ""slow_start"": 1, ""start_fail"": 1, ""store_outage"": 1, ""zombie"": 1}",{},137062,120,123,25,0.136
local,none,412,0,,,"{""cap_change"": 1, ""policy_fault"": 1, ""race_cancel"": 1, ""slow_start"": 1, ""store_outage"": 1, ""zombie"": 1}",{},219469,184,179,38,0.2665
local,none,413,0,,,"{""cap_change"": 1, ""race_cancel"": 1}",{},116201,194,175,39,0.257
local,none,414,0,,,"{""store_outage"": 1}",{},221346,202,185,35,0.2366
local,none,415,0,,,"{""node_down"": 1, ""preempt"": 1, ""store_tx_fail"": 1}",{},170340,112,106,25,0.1033
local,none,416,0,,,"{""node_down"": 1, ""observe_stale"": 1, ""stop_fail"": 1}",{},137690,223,194,39,0.3025
local,none,417,0,,,"{""attempt_lost"": 1, ""observe_down"": 1, ""preempt"": 1, ""slow_start"": 1, ""stop_fail"": 1, ""store_tx_fail"": 1}",{},69556,158,141,30,0.1965
local,none,418,0,,,"{""cap_change"": 1, ""observe_stale"": 1, ""policy_fault"": 1, ""preempt"": 1, ""slow_start"": 1}",{},48403,124,140,24,0.1295
local,none,419,0,,,"{""crash"": 1}","{""requeue.before_commit"": 1}",177983,156,135,35,0.1652
local,none,420,0,,,{},{},30462,136,122,27,0.128
local,none,421,0,,,"{""race_cancel"": 2, ""slow_start"": 1, ""start_fail"": 1}",{},103020,167,161,37,0.2273
local,none,422,0,,,"{""crash"": 1, ""node_down"": 1, ""observe_down"": 1, ""observe_stale"": 1, ""race_cancel"": 1, ""store_outage"": 1}","{""start.after_commit"": 1}",143045,101,118,22,0.109
local,none,423,0,,,"{""crash"": 1, ""observe_stale"": 1, ""race_cancel"": 1, ""start_fail"": 1, ""stop_fail"": 1, ""store_outage"": 1}","{""stopped.before_commit"": 1}",81922,142,138,30,0.1556
local,none,424,0,,,"{""cap_change"": 1, ""crash"": 4, ""store_tx_fail"": 1}","{""ended.before_forget"": 1, ""requeue.before_commit"": 2, ""start.after_commit"": 1}",188003,124,119,27,0.1306
local,none,425,0,,,"{""crash"": 1, ""race_cancel"": 1, ""zombie"": 1}","{""ended.before_forget"": 1}",108315,150,118,33,0.1441
local,none,426,0,,,"{""attempt_lost"": 1, ""observe_down"": 1, ""observe_stale"": 1, ""race_cancel"": 1, ""zombie"": 2}",{},92275,140,111,32,0.1538
local,none,427,0,,,"{""crash"": 1, ""node_down"": 1, ""policy_fault"": 1, ""slow_start"": 1, ""stop_fail"": 1}","{""stopped.before_commit"": 1}",132665,124,110,23,0.1199
local,none,428,0,,,"{""crash"": 1, ""observe_down"": 1, ""start_fail"": 1, ""stop_fail"": 1, ""zombie"": 1}","{""stop.before_call"": 1}",96687,138,120,29,0.1502
local,none,429,0,,,"{""attempt_lost"": 1, ""cap_change"": 1, ""node_down"": 1, ""observe_stale"": 1, ""zombie"": 1}",{},136416,179,166,30,0.2548
local,none,430,0,,,"{""crash"": 1, ""stop_fail"": 1}","{""start.after_call"": 1}",125429,156,150,34,0.1917
local,none,431,0,,,"{""observe_down"": 2, ""race_cancel"": 1, ""stop_fail"": 1}",{},74003,155,136,28,0.1516
local,none,432,0,,,"{""crash"": 1, ""store_tx_fail"": 1, ""zombie"": 1}","{""ended.before_forget"": 1}",145434,176,136,36,0.2104
local,none,433,0,,,"{""crash"": 1, ""observe_down"": 1, ""start_fail"": 1, ""stop_fail"": 1, ""zombie"": 1}","{""requeue.before_commit"": 1}",225,116,101,20,0.1046
local,none,434,0,,,"{""attempt_crash"": 1, ""policy_fault"": 1, ""preempt"": 1, ""start_fail"": 1, ""store_outage"": 1, ""store_tx_fail"": 1}",{},188726,136,133,26,0.1323
local,none,435,0,,,"{""attempt_crash"": 1, ""cap_change"": 1, ""observe_stale"": 1, ""zombie"": 1}",{},212336,208,169,42,0.3797
local,none,436,0,,,"{""crash"": 1, ""store_outage"": 2, ""zombie"": 1}","{""start.after_commit"": 1}",256287,220,155,40,0.2692
local,none,437,0,,,"{""preempt"": 1, ""store_tx_fail"": 1}",{},204110,182,168,34,0.2065
local,none,438,0,,,"{""attempt_lost"": 1, ""cap_change"": 2, ""slow_start"": 1}",{},197380,112,98,21,0.1157
local,none,439,0,,,"{""attempt_lost"": 1, ""observe_down"": 1, ""policy_fault"": 1, ""race_cancel"": 1}",{},165050,132,4401,26,2.6846
local,none,440,0,,,"{""cap_change"": 2, ""crash"": 1, ""observe_stale"": 1}","{""start.after_commit"": 1}",11345,194,171,37,0.2132
local,none,441,0,,,"{""cap_change"": 1, ""crash"": 1}","{""start.after_call"": 1}",31646,184,145,36,0.1832
local,none,442,0,,,"{""attempt_lost"": 1, ""slow_start"": 1}",{},86234,156,135,34,0.1791
local,none,443,0,,,"{""observe_stale"": 1, ""policy_fault"": 1}",{},19295,148,135,28,0.157
local,none,444,0,,,"{""preempt"": 1, ""start_fail"": 1, ""store_outage"": 1, ""zombie"": 1}",{},127742,200,183,43,0.2758
local,none,445,0,,,"{""policy_fault"": 1, ""race_cancel"": 1, ""zombie"": 1}",{},140901,174,140,35,0.1831
local,none,446,0,,,"{""crash"": 1, ""stop_fail"": 1}","{""requeue.before_commit"": 1}",180690,142,120,26,0.1467
local,none,447,0,,,"{""observe_stale"": 1, ""slow_start"": 1, ""stop_fail"": 1}",{},96166,148,151,32,0.2367
local,none,448,0,,,"{""attempt_lost"": 1, ""crash"": 1, ""node_down"": 1, ""observe_stale"": 1}","{""submit.after_commit"": 1}",176660,202,193,38,0.2754
local,none,449,0,,,"{""cap_change"": 1, ""policy_fault"": 1, ""race_cancel"": 1, ""slow_start"": 1, ""store_outage"": 1}",{},142580,146,138,31,0.1632
local,none,450,0,,,"{""cap_change"": 1, ""observe_stale"": 1, ""start_fail"": 1, ""store_outage"": 2, ""zombie"": 1}",{},143762,124,120,27,0.128
local,none,451,0,,,"{""attempt_lost"": 1, ""observe_down"": 1, ""start_fail"": 1}",{},130433,158,138,30,0.1575
local,none,452,0,,,"{""attempt_lost"": 1, ""node_down"": 1, ""slow_start"": 1}",{},113019,155,171,32,0.2076
local,none,453,0,,,"{""attempt_crash"": 1}",{},121690,116,98,27,0.0979
local,none,454,0,,,{},{},0,120,104,25,0.1187
local,none,455,0,,,"{""attempt_crash"": 1, ""crash"": 1}","{""start.after_commit"": 1}",17355,180,157,37,0.2345
local,none,456,0,,,"{""crash"": 1, ""observe_stale"": 1, ""stop_fail"": 1, ""store_outage"": 1}","{""ended.before_forget"": 1}",53673,120,127,24,0.1244
local,none,457,0,,,"{""cap_change"": 1, ""crash"": 1, ""policy_fault"": 1, ""store_outage"": 1}","{""start.after_commit"": 1}",201510,128,125,24,0.1079
local,none,458,0,,,"{""crash"": 1, ""node_down"": 1, ""stop_fail"": 1, ""store_tx_fail"": 1}","{""requeue.before_commit"": 1}",211095,118,101,25,0.1033
local,none,459,0,,,"{""observe_stale"": 1, ""zombie"": 1}",{},115577,112,90,24,0.1091
local,none,460,0,,,"{""crash"": 1, ""node_down"": 1, ""observe_stale"": 1, ""store_tx_fail"": 1, ""zombie"": 1}","{""stopped.before_commit"": 1}",24617,140,107,27,0.1207
local,none,461,0,,,"{""observe_down"": 1, ""observe_stale"": 1, ""preempt"": 1, ""store_tx_fail"": 1}",{},79252,162,153,31,0.1901
local,none,462,0,,,"{""attempt_crash"": 1, ""attempt_lost"": 1, ""cap_change"": 1, ""crash"": 1, ""slow_start"": 2}","{""stopped.before_commit"": 1}",193000,128,124,26,0.1389
local,none,463,0,,,"{""crash"": 1, ""node_down"": 1, ""store_tx_fail"": 3, ""zombie"": 1}","{""requeue.before_commit"": 1}",187619,244,206,42,0.3288
local,none,464,0,,,"{""node_down"": 1, ""policy_fault"": 2, ""slow_start"": 1}",{},118577,121,124,24,0.1205
local,none,465,0,,,"{""observe_stale"": 1, ""preempt"": 1}",{},135205,158,151,32,0.2013
local,none,466,0,,,"{""crash"": 1, ""observe_stale"": 1, ""stop_fail"": 1}","{""requeue.before_commit"": 1}",124694,120,119,24,0.1201
local,none,467,0,,,"{""crash"": 1, ""store_outage"": 1}","{""ended.before_forget"": 1}",97791,134,140,24,0.1378
local,none,468,0,,,"{""cap_change"": 1, ""crash"": 1, ""observe_stale"": 2, ""race_cancel"": 1}","{""submit.after_commit"": 1}",162568,172,166,37,0.202
local,none,469,0,,,"{""crash"": 1}","{""stopped.before_commit"": 1}",111679,140,118,28,0.1496
local,none,470,0,,,"{""observe_down"": 2, ""preempt"": 1, ""race_cancel"": 1, ""stop_fail"": 1}",{},177675,184,150,30,0.2191
local,none,471,0,,,"{""cap_change"": 1, ""start_fail"": 1}",{},176436,162,148,32,0.2091
local,none,472,0,,,"{""observe_down"": 1, ""observe_stale"": 1}",{},139678,86,88,20,0.0696
local,none,473,0,,,"{""race_cancel"": 1}",{},58682,86,71,21,0.0669
local,none,474,0,,,"{""crash"": 1, ""node_down"": 1, ""observe_stale"": 1, ""policy_fault"": 2, ""preempt"": 1}","{""ended.before_forget"": 1}",66179,136,135,26,0.1602
local,none,475,0,,,"{""cap_change"": 2, ""observe_stale"": 1, ""race_cancel"": 1, ""start_fail"": 1, ""zombie"": 1}",{},100745,123,108,23,0.1092
local,none,476,0,,,"{""race_cancel"": 1}",{},198697,172,157,36,0.2401
local,none,477,0,,,"{""node_down"": 2}",{},52993,148,149,29,0.1961
local,none,478,0,,,"{""attempt_crash"": 1, ""observe_stale"": 1, ""store_outage"": 1}",{},120992,118,115,23,0.1135
local,none,479,0,,,"{""node_down"": 1, ""slow_start"": 1, ""store_tx_fail"": 1}",{},65895,100,93,20,0.0725
local,none,480,0,,,"{""stop_fail"": 2}",{},97191,112,100,22,0.0918
local,none,481,0,,,"{""attempt_crash"": 1, ""crash"": 1, ""observe_stale"": 1, ""stop_fail"": 1, ""zombie"": 1}","{""start.after_commit"": 1}",0,102,80,25,0.095
local,none,482,0,,,"{""node_down"": 1, ""observe_stale"": 1, ""preempt"": 1, ""zombie"": 1}",{},39997,134,116,28,0.1402
local,none,483,0,,,"{""node_down"": 1}",{},90997,171,151,35,0.1946
local,none,484,0,,,"{""store_tx_fail"": 1}",{},149899,146,131,29,0.1811
local,none,485,0,,,"{""attempt_crash"": 1, ""crash"": 2}","{""start.after_commit"": 1, ""stop.before_call"": 1}",89078,144,134,31,0.2281
local,none,486,0,,,"{""cap_change"": 1, ""crash"": 1, ""observe_stale"": 1, ""stop_fail"": 1, ""store_outage"": 2}","{""requeue.before_commit"": 1}",76388,170,163,36,0.2384
local,none,487,0,,,"{""start_fail"": 2}",{},84821,102,95,20,0.091
local,none,488,0,,,"{""cap_change"": 1, ""race_cancel"": 3, ""store_tx_fail"": 1}",{},62123,168,157,37,0.2113
local,none,489,0,,,"{""attempt_lost"": 1, ""store_outage"": 1, ""zombie"": 1}",{},166926,132,112,28,0.146
local,none,490,0,,,"{""crash"": 1, ""zombie"": 1}","{""start.after_call"": 1}",297809,234,185,42,0.32
local,none,491,0,,,"{""cap_change"": 1, ""crash"": 2, ""store_outage"": 1}","{""requeue.before_commit"": 1, ""stop.before_call"": 1}",176721,116,118,21,0.1309
local,none,492,0,,,"{""crash"": 1, ""race_cancel"": 1, ""store_outage"": 1, ""zombie"": 1}","{""start.after_call"": 1}",139694,122,105,27,0.1397
local,none,493,0,,,"{""observe_down"": 1, ""observe_stale"": 1, ""race_cancel"": 2, ""stop_fail"": 1}",{},74690,148,141,28,0.1951
local,none,494,0,,,"{""attempt_crash"": 1, ""cap_change"": 1, ""crash"": 1, ""observe_down"": 1, ""policy_fault"": 1}","{""stopped.before_commit"": 1}",156425,148,121,27,0.1423
local,none,495,0,,,"{""attempt_crash"": 1, ""attempt_lost"": 1, ""observe_stale"": 2}",{},46294,132,125,29,0.1622
local,none,496,0,,,"{""observe_stale"": 1}",{},166300,144,120,26,0.1497
local,none,497,0,,,"{""node_down"": 1, ""start_fail"": 1}",{},77973,110,99,20,0.0988
local,none,498,0,,,"{""cap_change"": 1, ""crash"": 2, ""observe_down"": 1, ""policy_fault"": 1, ""preempt"": 1}","{""start.after_call"": 1, ""start.after_commit"": 1}",107612,106,105,21,0.1134
local,none,499,0,,,"{""attempt_crash"": 1, ""cap_change"": 1, ""observe_stale"": 1}",{},73792,224,186,40,0.2706
local,none,500,0,,,"{""attempt_lost"": 1, ""observe_down"": 1, ""store_outage"": 1, ""zombie"": 1}",{},134807,122,108,25,0.1319
local,none,501,0,,,"{""race_cancel"": 1, ""store_tx_fail"": 1}",{},138694,118,103,22,0.1228
local,none,502,0,,,"{""policy_fault"": 1, ""preempt"": 1, ""race_cancel"": 1, ""start_fail"": 1}",{},124643,184,157,35,0.242
local,none,503,0,,,"{""node_down"": 1}",{},144360,170,157,34,0.1917
local,none,504,0,,,"{""attempt_crash"": 1, ""crash"": 1, ""observe_stale"": 1, ""race_cancel"": 1}","{""submit.after_commit"": 1}",228606,190,146,34,0.2057
local,none,505,0,,,"{""preempt"": 1, ""store_outage"": 1}",{},126898,170,155,35,0.1852
local,none,506,0,,,"{""crash"": 2, ""observe_stale"": 1, ""policy_fault"": 1, ""store_outage"": 1}","{""ended.before_forget"": 1, ""start.after_commit"": 1}",108113,149,143,29,0.1852
local,none,507,0,,,"{""race_cancel"": 2}",{},141032,94,87,21,0.0873
local,none,508,0,,,"{""crash"": 1}","{""stop.before_call"": 1}",61596,124,116,23,0.1276
local,none,509,0,,,"{""attempt_crash"": 1, ""cap_change"": 2, ""observe_stale"": 1, ""store_tx_fail"": 2}",{},136092,126,127,25,0.1354
local,none,510,0,,,"{""observe_stale"": 1}",{},145372,108,99,22,0.1208
local,none,511,0,,,"{""node_down"": 1, ""observe_stale"": 1, ""preempt"": 1, ""store_outage"": 1}",{},177085,133,137,22,0.1472
local,none,512,0,,,"{""attempt_lost"": 1, ""slow_start"": 1}",{},273285,186,176,36,0.2738
local,none,513,0,,,"{""attempt_lost"": 1, ""race_cancel"": 2, ""slow_start"": 1, ""start_fail"": 1, ""zombie"": 1}",{},128129,172,163,32,0.1794
local,none,514,0,,,"{""cap_change"": 1, ""observe_stale"": 1, ""start_fail"": 1}",{},172464,168,154,35,0.1926
local,none,515,0,,,"{""cap_change"": 1, ""observe_down"": 1, ""stop_fail"": 1}",{},38793,108,96,22,0.0867
local,none,516,0,,,"{""race_cancel"": 2, ""zombie"": 3}",{},230652,144,88,27,0.1441
local,none,517,0,,,"{""cap_change"": 1, ""crash"": 1, ""observe_down"": 1, ""start_fail"": 2}","{""submit.after_commit"": 1}",34032,124,110,26,0.1034
local,none,518,0,,,"{""attempt_lost"": 1, ""observe_stale"": 2, ""preempt"": 1, ""zombie"": 1}",{},37560,150,114,28,0.1572
local,none,519,0,,,"{""race_cancel"": 1, ""start_fail"": 1, ""stop_fail"": 1}",{},116997,151,139,33,0.2084
local,none,520,0,,,"{""zombie"": 1}",{},153780,144,92,27,0.1551
local,none,521,0,,,"{""attempt_crash"": 1, ""stop_fail"": 1}",{},87858,146,123,28,0.1482
local,none,522,0,,,"{""attempt_lost"": 1, ""crash"": 1, ""observe_stale"": 1, ""policy_fault"": 1, ""zombie"": 2}","{""start.after_commit"": 1}",31731,210,187,41,0.3191
local,none,523,0,,,"{""crash"": 1, ""observe_stale"": 1, ""policy_fault"": 1}","{""stop.before_call"": 1}",130633,164,142,32,0.1597
local,none,524,0,,,"{""policy_fault"": 1, ""preempt"": 1, ""slow_start"": 1, ""stop_fail"": 1, ""store_outage"": 1}",{},125448,120,129,24,0.1257
local,none,525,0,,,"{""observe_down"": 2}",{},127814,136,124,28,0.1538
local,none,526,0,,,"{""crash"": 1, ""observe_down"": 1, ""observe_stale"": 1, ""zombie"": 1}","{""stop.before_call"": 1}",142824,154,127,30,0.1722
local,none,527,0,,,"{""attempt_crash"": 1, ""node_down"": 1, ""preempt"": 1, ""slow_start"": 1, ""stop_fail"": 1, ""zombie"": 1}",{},46737,174,132,33,0.1823
local,none,528,0,,,"{""node_down"": 1}",{},126512,196,159,38,0.2337
local,none,529,0,,,"{""crash"": 2, ""zombie"": 1}","{""ended.before_forget"": 1, ""start.after_commit"": 1}",95229,92,84,22,0.0892
local,none,530,0,,,"{""node_down"": 1, ""observe_down"": 1}",{},24268,218,200,39,0.3361
local,none,531,0,,,"{""zombie"": 1}",{},107706,104,92,20,0.0862
local,none,532,0,,,"{""attempt_crash"": 1, ""crash"": 1, ""race_cancel"": 1}","{""stop.before_call"": 1}",130225,194,150,35,0.2056
local,none,533,0,,,"{""cap_change"": 1, ""start_fail"": 1, ""store_outage"": 2, ""store_tx_fail"": 1, ""zombie"": 1}",{},158628,134,139,28,0.1396
local,none,534,0,,,"{""cap_change"": 1, ""start_fail"": 1, ""stop_fail"": 1, ""store_outage"": 1}",{},207998,190,159,36,0.224
local,none,535,0,,,"{""observe_down"": 1, ""race_cancel"": 1}",{},134298,200,175,34,0.2567
local,none,536,0,,,{},{},64079,160,145,36,0.1991
local,none,537,0,,,"{""policy_fault"": 2}",{},315604,278,183,39,0.3579
local,none,538,0,,,"{""crash"": 1}","{""ended.before_forget"": 1}",198692,190,181,39,0.243
local,none,539,0,,,"{""crash"": 1, ""race_cancel"": 1, ""start_fail"": 1}","{""requeue.before_commit"": 1}",75996,124,110,25,0.1341
local,none,540,0,,,"{""observe_stale"": 1}",{},86372,168,141,30,0.2106
local,none,541,0,,,"{""node_down"": 1, ""preempt"": 1, ""start_fail"": 2}",{},112880,154,147,29,0.2025
local,none,542,0,,,"{""start_fail"": 1}",{},40033,182,158,34,0.234
local,none,543,0,,,"{""observe_stale"": 2}",{},187323,154,134,30,0.1449
local,none,544,0,,,"{""observe_stale"": 1, ""slow_start"": 1, ""store_tx_fail"": 1}",{},24263,144,126,29,0.1508
local,none,545,0,,,"{""attempt_crash"": 1, ""crash"": 1, ""observe_stale"": 1, ""zombie"": 1}","{""ended.before_forget"": 1}",138951,156,129,36,0.2129
local,none,546,0,,,"{""race_cancel"": 1, ""zombie"": 2}",{},97697,196,141,44,0.2593
local,none,547,0,,,"{""attempt_lost"": 1, ""start_fail"": 1, ""stop_fail"": 1, ""store_outage"": 1}",{},137581,152,147,28,0.1818
local,none,548,0,,,"{""zombie"": 1}",{},30425,124,80,26,0.1328
local,none,549,0,,,"{""node_down"": 1}",{},119617,141,129,29,0.1534
local,none,550,0,,,"{""cap_change"": 1, ""start_fail"": 1}",{},46026,136,125,30,0.1592
local,none,551,0,,,"{""attempt_lost"": 1, ""observe_stale"": 1, ""store_outage"": 1}",{},93949,196,184,37,0.2525
local,none,552,0,,,"{""policy_fault"": 1, ""store_outage"": 1}",{},0,132,120,29,0.1557
local,none,553,0,,,"{""observe_stale"": 1, ""policy_fault"": 1, ""start_fail"": 1, ""store_tx_fail"": 1, ""zombie"": 1}",{},136132,194,169,35,0.2276
local,none,554,0,,,"{""crash"": 1, ""start_fail"": 1, ""zombie"": 1}","{""start.after_commit"": 1}",167687,156,120,30,0.1644
local,none,555,0,,,"{""crash"": 1, ""policy_fault"": 1, ""zombie"": 1}","{""start.after_call"": 1}",162260,160,113,37,0.1879
local,none,556,0,,,"{""observe_down"": 1, ""preempt"": 1, ""zombie"": 2}",{},188799,182,122,36,0.1941
local,none,557,0,,,"{""crash"": 1, ""observe_stale"": 1, ""slow_start"": 1}","{""submit.after_commit"": 1}",149341,156,148,30,0.1903
local,none,558,0,,,"{""stop_fail"": 1}",{},76395,192,155,33,0.2312
local,none,559,0,,,"{""attempt_crash"": 1, ""crash"": 1, ""stop_fail"": 1, ""store_outage"": 1, ""store_tx_fail"": 1, ""zombie"": 1}","{""ended.before_forget"": 1}",42476,140,124,27,0.1277
local,none,560,0,,,"{""attempt_crash"": 1, ""race_cancel"": 1}",{},100554,126,118,24,0.118
local,none,561,0,,,"{""race_cancel"": 1}",{},93758,156,128,36,0.197
local,none,562,0,,,"{""race_cancel"": 1, ""stop_fail"": 1, ""store_outage"": 2, ""store_tx_fail"": 1}",{},284758,243,210,38,0.3517
local,none,563,0,,,"{""attempt_crash"": 1, ""attempt_lost"": 2, ""policy_fault"": 1, ""start_fail"": 1, ""zombie"": 1}",{},115400,204,156,41,0.2666
local,none,564,0,,,"{""observe_stale"": 1, ""start_fail"": 1}",{},90300,124,132,27,0.1435
local,none,565,0,,,"{""node_down"": 1, ""preempt"": 1, ""race_cancel"": 2}",{},96648,117,109,24,0.1078
local,none,566,0,,,"{""crash"": 1, ""zombie"": 1}","{""requeue.before_commit"": 1}",89898,120,97,21,0.1143
local,none,567,0,,,"{""crash"": 2, ""policy_fault"": 1, ""race_cancel"": 1, ""store_outage"": 1, ""zombie"": 1}","{""ended.before_forget"": 1, ""start.after_call"": 1}",159020,102,97,21,0.121
local,none,568,0,,,"{""observe_stale"": 1}",{},146406,186,164,33,0.2248
local,none,569,0,,,"{""observe_stale"": 1}",{},166156,202,190,37,0.2823
local,none,570,0,,,"{""attempt_lost"": 1, ""crash"": 1, ""policy_fault"": 1, ""preempt"": 1, ""slow_start"": 1}","{""stopped.before_commit"": 1}",196216,190,158,32,0.2105
local,none,571,0,,,"{""crash"": 1, ""zombie"": 2}","{""requeue.before_commit"": 1}",339297,224,159,45,0.3093
local,none,572,0,,,"{""crash"": 1, ""observe_stale"": 1, ""race_cancel"": 1, ""stop_fail"": 1, ""store_tx_fail"": 1}","{""requeue.before_commit"": 1}",176571,142,137,23,0.1438
local,none,573,0,,,"{""race_cancel"": 1}",{},119242,176,140,31,0.1898
local,none,574,0,,,"{""attempt_lost"": 3, ""start_fail"": 1, ""store_outage"": 1, ""zombie"": 1}",{},114315,216,193,43,0.2812
local,none,575,0,,,"{""observe_stale"": 1, ""zombie"": 1}",{},187736,180,129,40,0.2055
local,none,576,0,,,"{""policy_fault"": 1, ""race_cancel"": 1, ""zombie"": 2}",{},150886,163,140,35,0.1942
local,none,577,0,,,"{""policy_fault"": 1, ""store_outage"": 1}",{},138036,148,149,34,0.1776
local,none,578,0,,,"{""cap_change"": 1, ""stop_fail"": 1}",{},229757,188,172,38,0.2242
local,none,579,0,,,"{""race_cancel"": 1}",{},127279,171,162,39,0.214
local,none,580,0,,,"{""policy_fault"": 1, ""store_outage"": 2}",{},233524,204,189,36,0.3094
local,none,581,0,,,"{""race_cancel"": 1}",{},112829,136,136,28,0.1573
local,none,582,0,,,"{""observe_down"": 1, ""observe_stale"": 1, ""slow_start"": 1}",{},95303,108,113,24,0.0927
local,none,583,0,,,"{""crash"": 1}","{""stopped.before_commit"": 1}",219589,212,172,36,0.2512
local,none,584,0,,,"{""cap_change"": 1, ""observe_stale"": 1, ""stop_fail"": 1}",{},93531,154,140,32,0.1812
local,none,585,0,,,"{""crash"": 1, ""node_down"": 1, ""policy_fault"": 1}","{""start.after_call"": 1}",160817,162,146,32,0.1781
local,none,586,0,,,"{""start_fail"": 1}",{},113164,118,112,24,0.1029
local,none,587,0,,,"{""crash"": 1, ""observe_down"": 1, ""preempt"": 1, ""race_cancel"": 1}","{""ended.before_forget"": 1}",75954,208,176,40,0.2711
local,none,588,0,,,"{""cap_change"": 1}",{},64233,96,89,20,0.0808
local,none,589,0,,,"{""observe_stale"": 1}",{},167262,198,161,38,0.2243
local,none,590,0,,,"{""policy_fault"": 1}",{},173496,188,165,35,0.2319
local,none,591,0,,,"{""cap_change"": 1, ""observe_stale"": 1, ""slow_start"": 1}",{},135764,134,139,31,0.1941
local,none,592,0,,,"{""cap_change"": 1, ""zombie"": 1}",{},116806,104,76,23,0.0933
local,none,593,0,,,"{""node_down"": 2, ""race_cancel"": 2}",{},80418,120,120,27,0.1186
local,none,594,0,,,"{""crash"": 1, ""preempt"": 1, ""race_cancel"": 1, ""stop_fail"": 1, ""store_tx_fail"": 1}","{""ended.before_forget"": 1}",48768,83,80,20,0.0596
local,none,595,0,,,"{""attempt_crash"": 2, ""preempt"": 1, ""zombie"": 1}",{},70442,152,112,26,0.1677
local,none,596,0,,,"{""attempt_crash"": 1, ""attempt_lost"": 1, ""store_tx_fail"": 1, ""zombie"": 2}",{},148609,122,96,27,0.1131
local,none,597,0,,,"{""crash"": 1, ""race_cancel"": 2, ""store_tx_fail"": 1, ""zombie"": 1}","{""requeue.before_commit"": 1}",121367,170,137,34,0.196
local,none,598,0,,,"{""attempt_crash"": 1, ""attempt_lost"": 1, ""crash"": 1, ""observe_down"": 1, ""policy_fault"": 1, ""slow_start"": 1}","{""submit.after_commit"": 1}",118625,192,170,34,0.2213
local,none,599,0,,,"{""attempt_lost"": 1, ""cap_change"": 1, ""zombie"": 1}",{},108837,108,87,26,0.0948
local,none,600,0,,,"{""attempt_crash"": 1, ""attempt_lost"": 1, ""observe_down"": 1, ""slow_start"": 1, ""stop_fail"": 1}",{},93013,138,142,28,0.1483
local,none,601,0,,,"{""attempt_lost"": 1, ""cap_change"": 1, ""node_down"": 1, ""observe_stale"": 1, ""race_cancel"": 1}",{},74971,145,137,27,0.1661
local,none,602,0,,,"{""attempt_crash"": 1, ""crash"": 1, ""observe_down"": 1}","{""requeue.before_commit"": 1}",81852,176,148,34,0.1951
local,none,603,0,,,"{""policy_fault"": 1, ""slow_start"": 1, ""start_fail"": 1, ""store_tx_fail"": 1, ""zombie"": 1}",{},136914,200,181,36,0.2434
local,none,604,0,,,"{""crash"": 2, ""observe_down"": 1, ""slow_start"": 1, ""store_tx_fail"": 1}","{""ended.before_forget"": 1, ""requeue.before_commit"": 1}",247441,168,136,28,0.1827
local,none,605,0,,,"{""attempt_crash"": 1, ""race_cancel"": 1, ""start_fail"": 1, ""store_tx_fail"": 1}",{},64581,173,154,31,0.1747
local,none,606,0,,,"{""observe_stale"": 1, ""policy_fault"": 1, ""race_cancel"": 1, ""stop_fail"": 1, ""store_outage"": 1}",{},129369,154,158,32,0.1503
local,none,607,0,,,"{""race_cancel"": 1, ""start_fail"": 1}",{},92425,109,109,22,0.0949
local,none,608,0,,,"{""attempt_lost"": 1, ""cap_change"": 1, ""crash"": 1, ""node_down"": 1, ""slow_start"": 1}","{""ended.before_forget"": 1}",57634,194,182,37,0.2552
local,none,609,0,,,"{""attempt_crash"": 1, ""observe_down"": 1, ""start_fail"": 2}",{},78895,132,119,20,0.1164
local,none,610,0,,,"{""observe_down"": 2, ""zombie"": 1}",{},139258,174,3818,38,2.6955
local,none,611,0,,,"{""node_down"": 1, ""preempt"": 2, ""race_cancel"": 1}",{},127360,157,137,25,0.1407
local,none,612,0,,,"{""attempt_lost"": 1}",{},276000,261,181,32,0.3171
local,none,613,0,,,"{""stop_fail"": 2}",{},100879,180,158,35,0.2134
local,none,614,0,,,"{""attempt_lost"": 1, ""race_cancel"": 1, ""start_fail"": 1, ""stop_fail"": 1}",{},95191,158,145,31,0.201
local,none,615,0,,,"{""attempt_crash"": 1, ""attempt_lost"": 1, ""node_down"": 1, ""race_cancel"": 1, ""start_fail"": 1, ""zombie"": 1}",{},72528,171,135,36,0.2223
local,none,616,0,,,"{""store_tx_fail"": 1}",{},61164,253,223,39,0.3925
local,none,617,0,,,"{""attempt_crash"": 1, ""crash"": 1, ""race_cancel"": 1}","{""start.after_call"": 1}",185086,122,107,23,0.1114
local,none,618,0,,,"{""crash"": 1, ""observe_down"": 2, ""preempt"": 2}","{""start.after_commit"": 1}",103133,98,93,21,0.1015
local,none,619,0,,,"{""observe_stale"": 1}",{},94207,126,121,24,0.133
local,none,620,0,,,"{""observe_stale"": 1}",{},133154,132,121,27,0.1261
local,none,621,0,,,"{""observe_stale"": 1, ""preempt"": 1, ""race_cancel"": 1, ""stop_fail"": 1}",{},83443,109,107,24,0.1029
local,none,622,0,,,"{""crash"": 2, ""policy_fault"": 1}","{""requeue.before_commit"": 2}",152123,178,170,35,0.2189
local,none,623,0,,,"{""crash"": 1, ""observe_stale"": 1}","{""start.after_commit"": 1}",27552,128,128,30,0.1555
local,none,624,0,,,"{""preempt"": 1, ""race_cancel"": 1, ""zombie"": 1}",{},213395,147,110,27,0.1515
local,none,625,0,,,"{""attempt_crash"": 1}",{},243585,124,111,22,0.1024
local,none,626,0,,,"{""node_down"": 1}",{},118099,160,149,32,0.1689
local,none,627,0,,,"{""preempt"": 1}",{},44835,130,111,24,0.1138
local,none,628,0,,,"{""observe_stale"": 1}",{},80651,86,81,20,0.0678
local,none,629,0,,,"{""zombie"": 1}",{},150740,130,100,26,0.135
local,none,630,0,,,"{""attempt_crash"": 1, ""observe_stale"": 1, ""race_cancel"": 1, ""stop_fail"": 1}",{},140485,128,116,27,0.1327
local,none,631,0,,,"{""observe_stale"": 2, ""store_outage"": 1, ""store_tx_fail"": 1}",{},89702,160,162,31,0.1767
local,none,632,0,,,"{""attempt_lost"": 1, ""crash"": 1, ""store_tx_fail"": 1}","{""requeue.before_commit"": 1}",168123,212,171,36,0.2433
local,none,633,0,,,"{""attempt_lost"": 1, ""crash"": 1, ""observe_stale"": 1, ""preempt"": 1, ""race_cancel"": 1, ""slow_start"": 1}","{""ended.before_forget"": 1}",116634,156,139,31,0.1571
local,none,634,0,,,"{""race_cancel"": 1}",{},149754,121,103,25,0.0972
local,none,635,0,,,"{""attempt_lost"": 1, ""preempt"": 1}",{},140183,120,101,24,0.1069
local,none,636,0,,,"{""node_down"": 1, ""store_tx_fail"": 2}",{},15192,126,125,26,0.1535
local,none,637,0,,,"{""attempt_crash"": 1, ""crash"": 3, ""start_fail"": 1, ""zombie"": 1}","{""ended.before_forget"": 1, ""start.after_commit"": 1, ""stop.before_call"": 1}",75328,94,84,21,0.1144
local,none,638,0,,,"{""cap_change"": 1, ""crash"": 1, ""observe_down"": 1, ""preempt"": 1, ""zombie"": 1}","{""stop.before_call"": 1}",204036,186,153,33,0.2684
local,none,639,0,,,"{""cap_change"": 1}",{},58064,94,80,20,0.0722
local,none,640,0,,,"{""policy_fault"": 1, ""store_tx_fail"": 2, ""zombie"": 1}",{},80354,94,91,20,0.075
local,none,641,0,,,"{""preempt"": 1, ""stop_fail"": 1}",{},154379,148,135,28,0.155
local,none,642,0,,,"{""policy_fault"": 1}",{},168575,178,164,38,0.2225
local,none,643,0,,,"{""attempt_crash"": 1, ""preempt"": 1, ""race_cancel"": 1}",{},160916,188,164,40,0.222
local,none,644,0,,,"{""attempt_lost"": 1, ""cap_change"": 1, ""crash"": 1, ""observe_stale"": 1, ""store_outage"": 1}","{""stopped.before_commit"": 1}",218777,244,210,35,0.3497
local,none,645,0,,,"{""node_down"": 1, ""race_cancel"": 2}",{},103353,165,142,32,0.1887
local,none,646,0,,,"{""preempt"": 1, ""zombie"": 2}",{},152242,198,165,41,0.2457
local,none,647,0,,,"{""attempt_crash"": 1, ""zombie"": 1}",{},282963,214,174,39,0.2805
local,none,648,0,,,"{""attempt_crash"": 1, ""attempt_lost"": 1, ""policy_fault"": 1}",{},124303,182,157,35,0.1927
local,none,649,0,,,"{""attempt_crash"": 1}",{},127776,138,129,24,0.1496
local,none,650,0,,,"{""crash"": 1, ""observe_down"": 1, ""race_cancel"": 1, ""store_tx_fail"": 1}","{""stop.before_call"": 1}",53511,138,134,28,0.1326
local,none,651,0,,,"{""node_down"": 1, ""observe_stale"": 1, ""stop_fail"": 1, ""store_outage"": 1}",{},228418,143,132,25,0.1493
local,none,652,0,,,"{""attempt_crash"": 1, ""observe_stale"": 1, ""start_fail"": 1, ""store_tx_fail"": 1, ""zombie"": 1}",{},93520,164,141,39,0.2293
local,none,653,0,,,"{""node_down"": 1}",{},208032,194,168,39,0.2199
local,none,654,0,,,"{""observe_down"": 1}",{},116311,220,183,39,0.3031
local,none,655,0,,,"{""observe_stale"": 1}",{},130308,126,106,22,0.0949
local,none,656,0,,,"{""race_cancel"": 2, ""store_outage"": 1, ""zombie"": 1}",{},50313,180,139,36,0.2017
local,none,657,0,,,"{""zombie"": 1}",{},232506,152,117,33,0.1744
local,none,658,0,,,"{""cap_change"": 1, ""preempt"": 1, ""store_outage"": 1, ""store_tx_fail"": 1, ""zombie"": 1}",{},85255,138,122,30,0.1385
local,none,659,0,,,"{""crash"": 1}","{""start.after_commit"": 1}",216652,176,155,37,0.1905
local,none,660,0,,,"{""observe_stale"": 1, ""slow_start"": 2, ""store_outage"": 1}",{},428544,234,188,40,0.2753
local,none,661,0,,,"{""attempt_lost"": 1, ""observe_stale"": 1, ""policy_fault"": 1, ""start_fail"": 1, ""stop_fail"": 1}",{},0,116,113,23,0.1159
local,none,662,0,,,"{""zombie"": 1}",{},338088,194,152,39,0.2523
local,none,663,0,,,"{""crash"": 2, ""node_down"": 1}","{""ended.before_forget"": 1, ""start.after_call"": 1}",110475,115,109,21,0.0978
local,none,664,0,,,"{""node_down"": 1, ""observe_stale"": 1, ""policy_fault"": 1}",{},20185,151,146,33,0.1824
local,none,665,0,,,"{""crash"": 1, ""node_down"": 1, ""slow_start"": 1, ""store_tx_fail"": 1}","{""start.after_call"": 1}",203986,140,134,29,0.142
local,none,666,0,,,"{""observe_stale"": 1}",{},56724,156,149,30,0.1836
local,none,667,0,,,"{""crash"": 1, ""policy_fault"": 1, ""race_cancel"": 1, ""start_fail"": 1}","{""ended.before_forget"": 1}",44202,115,106,25,0.1034
local,none,668,0,,,"{""observe_down"": 1, ""stop_fail"": 1, ""store_outage"": 1, ""zombie"": 1}",{},159253,210,168,41,0.2975
local,none,669,0,,,"{""cap_change"": 1, ""crash"": 1}","{""stop.before_call"": 1}",133570,124,116,23,0.1442
local,none,670,0,,,"{""race_cancel"": 1}",{},151639,141,122,28,0.1627
local,none,671,0,,,"{""slow_start"": 1}",{},229208,198,166,40,0.2634
local,none,672,0,,,"{""attempt_crash"": 1, ""crash"": 1, ""observe_stale"": 1, ""start_fail"": 1}","{""start.after_commit"": 1}",81585,100,97,20,0.091
local,none,673,0,,,"{""cap_change"": 1, ""observe_stale"": 1, ""race_cancel"": 2, ""zombie"": 1}",{},38011,161,150,31,0.2215
local,none,674,0,,,"{""cap_change"": 2, ""race_cancel"": 1}",{},71971,200,177,36,0.2357
local,none,675,0,,,"{""observe_stale"": 2, ""store_outage"": 1}",{},12893,128,120,29,0.1441
local,none,676,0,,,"{""zombie"": 1}",{},175080,138,102,29,0.1291
local,none,677,0,,,{},{},64532,158,137,33,0.1619
local,none,678,0,,,"{""cap_change"": 1, ""stop_fail"": 1}",{},15224,110,107,23,0.1067
local,none,679,0,,,"{""crash"": 1, ""observe_stale"": 2, ""store_outage"": 1, ""zombie"": 1}","{""ended.before_forget"": 1}",122124,196,168,40,0.2348
local,none,680,0,,,"{""attempt_crash"": 1, ""crash"": 2, ""policy_fault"": 1, ""stop_fail"": 1}","{""start.after_call"": 1, ""submit.after_commit"": 1}",112023,132,123,29,0.1394
local,none,681,0,,,"{""attempt_crash"": 1, ""crash"": 1, ""node_down"": 1, ""preempt"": 1, ""race_cancel"": 2}","{""start.after_call"": 1}",21370,202,179,40,0.2622
local,none,682,0,,,"{""crash"": 1, ""policy_fault"": 1}","{""requeue.before_commit"": 1}",151426,162,140,31,0.1711
local,none,683,0,,,"{""attempt_crash"": 1, ""preempt"": 1, ""slow_start"": 1, ""zombie"": 1}",{},164527,184,151,37,0.2272
local,none,684,0,,,"{""cap_change"": 1, ""observe_stale"": 1}",{},167560,176,137,38,0.2307
local,none,685,0,,,"{""observe_stale"": 1}",{},242803,214,172,36,0.2527
local,none,686,0,,,"{""cap_change"": 1, ""start_fail"": 1}",{},76630,102,98,20,0.0882
local,none,687,0,,,"{""crash"": 2, ""preempt"": 1}","{""ended.before_forget"": 1, ""start.after_call"": 1}",142545,172,134,35,0.2072
local,none,688,0,,,"{""policy_fault"": 1, ""start_fail"": 1, ""stop_fail"": 1, ""store_outage"": 1}",{},137169,204,194,40,0.2659
local,none,689,0,,,"{""store_outage"": 1}",{},153764,136,129,31,0.1808
local,none,690,0,,,"{""attempt_lost"": 1, ""node_down"": 1, ""preempt"": 1, ""race_cancel"": 2}",{},192905,192,154,36,0.2492
local,none,691,0,,,"{""crash"": 1, ""observe_stale"": 1, ""race_cancel"": 2, ""slow_start"": 1}","{""stopped.before_commit"": 1}",155081,155,132,27,0.1759
local,none,692,0,,,"{""crash"": 1, ""race_cancel"": 1, ""slow_start"": 1, ""start_fail"": 2, ""zombie"": 1}","{""ended.before_forget"": 1}",49382,170,139,36,0.2033
local,none,693,0,,,"{""zombie"": 1}",{},113246,140,107,31,0.1497
local,none,694,0,,,"{""race_cancel"": 1, ""start_fail"": 1, ""store_tx_fail"": 1, ""zombie"": 1}",{},123537,158,145,29,0.2179
local,none,695,0,,,"{""stop_fail"": 1}",{},49116,136,122,25,0.1614
local,none,696,0,,,"{""crash"": 1, ""store_tx_fail"": 1}","{""start.after_commit"": 1}",118283,108,106,24,0.1191
local,none,697,0,,,"{""stop_fail"": 1}",{},48408,128,111,25,0.1324
local,none,698,0,,,"{""attempt_lost"": 1, ""crash"": 1, ""observe_stale"": 2, ""start_fail"": 2}","{""ended.before_forget"": 1}",2650,162,141,36,0.1762
local,none,699,0,,,"{""attempt_crash"": 1, ""attempt_lost"": 1, ""crash"": 1, ""store_outage"": 1}","{""start.after_call"": 1}",65362,134,134,28,0.1503
local,none,700,0,,,"{""attempt_lost"": 1}",{},181213,152,133,26,0.1462
local,none,701,0,,,"{""node_down"": 1, ""observe_down"": 1, ""preempt"": 1, ""race_cancel"": 1, ""slow_start"": 1}",{},208343,187,12150,27,7.9153
local,none,702,0,,,"{""attempt_lost"": 1, ""race_cancel"": 2, ""stop_fail"": 1, ""zombie"": 2}",{},119982,170,139,30,0.1774
local,none,703,0,,,"{""crash"": 1}","{""requeue.before_commit"": 1}",203767,198,160,39,0.2064
local,none,704,0,,,"{""attempt_crash"": 1, ""node_down"": 1, ""observe_down"": 1, ""observe_stale"": 1, ""stop_fail"": 1}",{},115330,158,151,32,0.2133
local,none,705,0,,,"{""crash"": 1}","{""ended.before_forget"": 1}",171349,204,163,35,0.2383
local,none,706,0,,,"{""observe_stale"": 1, ""race_cancel"": 1, ""store_outage"": 1}",{},142525,154,148,32,0.1837
local,none,707,0,,,"{""crash"": 2, ""slow_start"": 1, ""store_tx_fail"": 1, ""zombie"": 2}","{""start.after_commit"": 2}",76280,148,148,29,0.1594
local,none,708,0,,,"{""store_outage"": 1}",{},72645,104,93,21,0.0916
local,none,709,0,,,"{""attempt_crash"": 1, ""preempt"": 1}",{},87919,140,116,23,0.1313
local,none,710,0,,,"{""cap_change"": 1, ""observe_down"": 1, ""race_cancel"": 1, ""stop_fail"": 1, ""zombie"": 1}",{},80325,120,104,26,0.1304
local,none,711,0,,,"{""observe_stale"": 1}",{},64090,112,103,26,0.1229
local,none,712,0,,,"{""preempt"": 1, ""slow_start"": 1}",{},158018,160,148,31,0.198
local,none,713,0,,,"{""crash"": 1, ""node_down"": 1, ""policy_fault"": 1, ""slow_start"": 1, ""stop_fail"": 1}","{""submit.after_commit"": 1}",52330,128,123,24,0.1288
local,none,714,0,,,"{""observe_stale"": 1, ""preempt"": 1, ""slow_start"": 1, ""start_fail"": 1}",{},62201,140,126,32,0.1611
local,none,715,0,,,"{""crash"": 1, ""node_down"": 1, ""observe_stale"": 1, ""store_outage"": 1, ""zombie"": 1}","{""start.after_commit"": 1}",46403,169,170,38,0.2126
local,none,716,0,,,"{""store_tx_fail"": 1}",{},341451,194,171,37,0.2822
local,none,717,0,,,"{""observe_stale"": 1, ""slow_start"": 1, ""zombie"": 2}",{},149249,182,136,36,0.2114
local,none,718,0,,,"{""cap_change"": 1, ""crash"": 1, ""observe_stale"": 1, ""race_cancel"": 1, ""zombie"": 1}","{""ended.before_forget"": 1}",182430,196,145,37,0.2198
local,none,719,0,,,"{""attempt_lost"": 1, ""crash"": 1, ""slow_start"": 1}","{""ended.before_forget"": 1}",107762,138,140,26,0.1532
local,none,720,0,,,"{""race_cancel"": 1, ""zombie"": 1}",{},81563,122,99,27,0.112
local,none,721,0,,,"{""crash"": 1, ""observe_down"": 1}","{""stopped.before_commit"": 1}",156353,194,166,39,0.2694
local,none,722,0,,,"{""crash"": 1, ""observe_down"": 1, ""race_cancel"": 1, ""start_fail"": 2}","{""ended.before_forget"": 1}",111789,165,156,34,0.2013
local,none,723,0,,,"{""attempt_lost"": 1, ""node_down"": 1, ""observe_down"": 1, ""slow_start"": 1, ""stop_fail"": 1}",{},54989,181,212,37,0.2838
local,none,724,0,,,"{""preempt"": 1, ""zombie"": 1}",{},133848,160,108,31,0.172
local,none,725,0,,,"{""store_outage"": 1}",{},155248,100,101,22,0.0962
local,none,726,0,,,"{""observe_stale"": 1, ""policy_fault"": 1, ""race_cancel"": 1, ""zombie"": 1}",{},230472,130,109,25,0.1483
local,none,727,0,,,"{""observe_down"": 1, ""observe_stale"": 1, ""store_tx_fail"": 1}",{},65846,128,122,25,0.161
local,none,728,0,,,"{""store_outage"": 1}",{},188959,162,153,34,0.2043
local,none,729,0,,,"{""store_tx_fail"": 1, ""zombie"": 1}",{},292433,238,196,44,0.3526
local,none,730,0,,,"{""race_cancel"": 1}",{},121176,152,133,28,0.1621
local,none,731,0,,,"{""cap_change"": 1, ""race_cancel"": 1, ""store_outage"": 1}",{},152718,133,122,31,0.1437
local,none,732,0,,,"{""race_cancel"": 1, ""stop_fail"": 1}",{},85858,126,112,26,0.1218
local,none,733,0,,,"{""node_down"": 2, ""observe_stale"": 1}",{},130374,148,125,27,0.1667
local,none,734,0,,,"{""observe_stale"": 1, ""race_cancel"": 1}",{},94474,152,132,32,0.1666
local,none,735,0,,,"{""cap_change"": 1, ""start_fail"": 1, ""store_outage"": 1}",{},120970,158,151,31,0.1907
local,none,736,0,,,"{""policy_fault"": 1, ""preempt"": 1, ""store_outage"": 1, ""zombie"": 1}",{},68451,98,105,20,0.0975
local,none,737,0,,,"{""crash"": 1, ""race_cancel"": 2, ""store_tx_fail"": 1, ""zombie"": 1}","{""ended.before_forget"": 1}",74742,139,107,26,0.1533
local,none,738,0,,,"{""observe_stale"": 1, ""zombie"": 2}",{},125549,162,127,31,0.169
local,none,739,0,,,"{""crash"": 1, ""node_down"": 1, ""observe_stale"": 1, ""race_cancel"": 1, ""stop_fail"": 1, ""store_outage"": 1}","{""start.after_call"": 1}",75624,190,182,39,0.2502
local,none,740,0,,,"{""crash"": 1, ""stop_fail"": 1, ""zombie"": 1}","{""ended.before_forget"": 1}",113387,112,99,23,0.1029
local,none,741,0,,,"{""attempt_crash"": 1}",{},86379,112,105,22,0.1268
local,none,742,0,,,"{""attempt_lost"": 1, ""observe_down"": 1, ""race_cancel"": 1, ""store_outage"": 1, ""store_tx_fail"": 1}",{},122532,126,110,26,0.1294
local,none,743,0,,,"{""node_down"": 1, ""observe_down"": 1, ""slow_start"": 1, ""stop_fail"": 1, ""zombie"": 1}",{},27802,177,173,35,0.241
local,none,744,0,,,"{""policy_fault"": 1, ""race_cancel"": 1, ""stop_fail"": 1, ""store_tx_fail"": 1}",{},52915,126,118,25,0.1491
local,none,745,0,,,"{""observe_down"": 1}",{},214067,140,126,28,0.1849
local,none,746,0,,,"{""cap_change"": 1, ""store_outage"": 1}",{},0,114,104,23,0.1053
local,none,747,0,,,"{""crash"": 1, ""node_down"": 2, ""observe_down"": 1, ""policy_fault"": 1, ""store_tx_fail"": 1}","{""start.after_call"": 1}",54338,211,200,38,0.2936
local,none,748,0,,,"{""attempt_crash"": 1, ""race_cancel"": 2, ""start_fail"": 2, ""store_tx_fail"": 1}",{},87077,134,126,28,0.122
local,none,749,0,,,"{""cap_change"": 1, ""observe_stale"": 1}",{},69825,120,109,25,0.1258
local,none,750,0,,,"{""node_down"": 1, ""zombie"": 1}",{},152731,132,98,29,0.1505
local,none,751,0,,,"{""attempt_lost"": 1, ""observe_down"": 1, ""slow_start"": 1, ""zombie"": 1}",{},86714,194,159,38,0.2298
local,none,752,0,,,"{""race_cancel"": 1, ""start_fail"": 1, ""zombie"": 1}",{},160429,122,99,25,0.1189
local,none,753,0,,,"{""preempt"": 1, ""slow_start"": 1}",{},75741,120,107,23,0.1126
local,none,754,0,,,"{""node_down"": 1, ""slow_start"": 1, ""stop_fail"": 1}",{},69924,167,158,33,0.2039
local,none,755,0,,,"{""node_down"": 1, ""start_fail"": 1}",{},95693,191,175,36,0.2756
local,none,756,0,,,"{""race_cancel"": 1, ""store_outage"": 1}",{},165355,134,120,29,0.1516
local,none,757,0,,,"{""attempt_lost"": 1, ""crash"": 1, ""store_outage"": 1}","{""ended.before_forget"": 1}",180506,190,161,36,0.231
local,none,758,0,,,"{""crash"": 1}","{""ended.before_forget"": 1}",146591,144,133,33,0.1536
local,none,759,0,,,"{""race_cancel"": 1}",{},222269,198,166,36,0.2643
local,none,760,0,,,"{""observe_down"": 1, ""stop_fail"": 1}",{},79798,140,126,26,0.1315
local,none,761,0,,,"{""attempt_crash"": 1, ""attempt_lost"": 1, ""observe_down"": 1, ""observe_stale"": 1, ""stop_fail"": 1}",{},71867,130,115,32,0.1474
local,none,762,0,,,"{""crash"": 1, ""store_tx_fail"": 1}","{""requeue.before_commit"": 1}",88764,148,134,33,0.1506
local,none,763,0,,,"{""observe_stale"": 1}",{},69165,106,101,25,0.0889
local,none,764,0,,,"{""node_down"": 1, ""observe_down"": 1, ""observe_stale"": 2, ""race_cancel"": 1}",{},145321,150,143,31,0.1681
local,none,765,0,,,"{""store_outage"": 1}",{},208836,194,187,40,0.2462
local,none,766,0,,,"{""attempt_lost"": 1, ""crash"": 1, ""observe_down"": 1, ""observe_stale"": 2}","{""submit.after_commit"": 1}",282238,220,179,36,0.2833
local,none,767,0,,,"{""race_cancel"": 1, ""slow_start"": 1}",{},141471,136,127,26,0.1384
local,none,768,0,,,"{""attempt_lost"": 1, ""crash"": 1, ""node_down"": 1}","{""start.after_call"": 1}",272329,161,141,29,0.1805
local,none,769,0,,,"{""slow_start"": 1, ""store_outage"": 1}",{},96084,112,117,24,0.098
local,none,770,0,,,"{""attempt_crash"": 1, ""attempt_lost"": 1, ""slow_start"": 1, ""zombie"": 1}",{},191091,200,184,36,0.2593
local,none,771,0,,,"{""attempt_lost"": 1, ""node_down"": 1, ""observe_down"": 1, ""observe_stale"": 1, ""start_fail"": 1}",{},76029,175,170,39,0.2715
local,none,772,0,,,"{""cap_change"": 1, ""crash"": 1, ""node_down"": 3}","{""stop.before_call"": 1}",130758,160,139,26,0.2003
local,none,773,0,,,"{""zombie"": 1}",{},170907,142,108,31,0.1321
local,none,774,0,,,"{""preempt"": 1, ""race_cancel"": 1, ""stop_fail"": 2}",{},48390,116,108,20,0.1079
local,none,775,0,,,"{""observe_stale"": 2, ""policy_fault"": 1}",{},57371,140,139,28,0.152
local,none,776,0,,,"{""attempt_crash"": 1, ""cap_change"": 1}",{},0,118,109,23,0.1133
local,none,777,0,,,"{""observe_stale"": 2, ""policy_fault"": 1}",{},132898,146,134,32,0.1566
local,none,778,0,,,"{""crash"": 1, ""observe_stale"": 1, ""slow_start"": 1}","{""start.after_call"": 1}",60895,124,115,24,0.1232
local,none,779,0,,,"{""race_cancel"": 1}",{},124629,114,95,25,0.1107
local,none,780,0,,,"{""attempt_crash"": 1, ""attempt_lost"": 1, ""observe_stale"": 1, ""race_cancel"": 2, ""store_tx_fail"": 1}",{},173857,128,113,27,0.1122
local,none,781,0,,,"{""attempt_lost"": 1}",{},215723,194,169,40,0.2618
local,none,782,0,,,"{""observe_stale"": 1, ""policy_fault"": 2, ""stop_fail"": 1, ""zombie"": 1}",{},89927,106,93,22,0.0933
local,none,783,0,,,"{""attempt_crash"": 1, ""attempt_lost"": 1, ""node_down"": 1, ""observe_stale"": 1, ""race_cancel"": 1}",{},72458,208,190,35,0.2479
local,none,784,0,,,"{""preempt"": 1}",{},80055,138,124,27,0.1429
local,none,785,0,,,"{""observe_stale"": 1}",{},142141,154,136,30,0.2042
local,none,786,0,,,"{""attempt_lost"": 1, ""node_down"": 1, ""stop_fail"": 1}",{},33144,99,91,20,0.0796
local,none,787,0,,,"{""attempt_lost"": 1}",{},139231,164,141,31,0.1625
local,none,788,0,,,"{""attempt_lost"": 1, ""crash"": 1, ""observe_stale"": 1, ""store_outage"": 1}","{""start.after_call"": 1}",0,100,93,20,0.0933
local,none,789,0,,,"{""observe_stale"": 1}",{},127979,170,144,33,0.1894
local,none,790,0,,,"{""attempt_crash"": 1, ""store_outage"": 1}",{},237194,180,169,34,0.2249
local,none,791,0,,,"{""attempt_crash"": 1, ""cap_change"": 1, ""observe_stale"": 1, ""race_cancel"": 1, ""store_outage"": 1, ""zombie"": 1}",{},185118,204,163,39,0.2582
local,none,792,0,,,"{""crash"": 1}","{""stop.before_call"": 1}",334490,168,145,32,0.188
local,none,793,0,,,"{""stop_fail"": 1}",{},97266,186,156,31,0.2369
local,none,794,0,,,"{""observe_stale"": 1, ""preempt"": 1, ""slow_start"": 1}",{},249455,204,172,40,0.2872
local,none,795,0,,,"{""attempt_crash"": 1, ""observe_stale"": 1, ""policy_fault"": 1}",{},141862,174,147,40,0.186
local,none,796,0,,,"{""attempt_lost"": 2}",{},107447,162,130,33,0.1668
local,none,797,0,,,"{""observe_stale"": 1, ""race_cancel"": 1, ""store_outage"": 1, ""store_tx_fail"": 1, ""zombie"": 2}",{},24862,145,119,33,1.5651
local,none,798,0,,,"{""cap_change"": 2, ""race_cancel"": 1}",{},275186,114,101,23,0.1151
local,none,799,0,,,"{""preempt"": 1, ""start_fail"": 1}",{},85617,96,90,22,0.0804
local,none,800,0,,,"{""crash"": 1, ""observe_stale"": 1, ""slow_start"": 1, ""store_outage"": 1, ""zombie"": 1}","{""submit.after_commit"": 1}",77625,126,112,24,0.1258
local,none,801,0,,,"{""attempt_lost"": 1, ""observe_stale"": 2}",{},157368,142,139,26,0.1441
local,none,802,0,,,"{""cap_change"": 1, ""observe_stale"": 1, ""policy_fault"": 1, ""slow_start"": 1, ""store_tx_fail"": 1, ""zombie"": 1}",{},0,130,121,27,0.1528
local,none,803,0,,,"{""cap_change"": 1, ""observe_stale"": 1, ""race_cancel"": 1}",{},124735,154,149,30,0.1696
local,none,804,0,,,"{""node_down"": 2, ""observe_stale"": 1, ""policy_fault"": 1, ""race_cancel"": 1}",{},9311,201,173,36,0.242
local,none,805,0,,,"{""attempt_crash"": 1}",{},59827,164,131,26,0.1661
local,none,806,0,,,"{""cap_change"": 2, ""observe_stale"": 2, ""race_cancel"": 2}",{},98173,115,112,22,0.1092
local,none,807,0,,,"{""observe_stale"": 1}",{},0,114,104,21,0.096
local,none,808,0,,,"{""cap_change"": 1, ""crash"": 1, ""start_fail"": 1, ""zombie"": 1}","{""stop.before_call"": 1}",203350,239,172,41,0.3308
local,none,809,0,,,"{""preempt"": 1}",{},246027,136,118,28,0.131
local,none,810,0,,,"{""crash"": 1, ""policy_fault"": 1, ""stop_fail"": 1, ""zombie"": 1}","{""start.after_call"": 1}",95308,196,137,32,0.2155
local,none,811,0,,,"{""race_cancel"": 1, ""store_outage"": 1}",{},116585,162,147,30,0.1659
local,none,812,0,,,"{""attempt_lost"": 1, ""cap_change"": 1, ""node_down"": 1, ""start_fail"": 1}",{},126939,140,127,27,0.1473
local,none,813,0,,,"{""attempt_lost"": 1, ""crash"": 2, ""node_down"": 1, ""observe_stale"": 1, ""preempt"": 1}","{""ended.before_forget"": 1, ""stop.before_call"": 1}",64561,192,168,35,0.2381
local,none,814,0,,,"{""node_down"": 2, ""observe_stale"": 1, ""race_cancel"": 1}",{},100809,169,159,33,0.2046
local,none,815,0,,,"{""crash"": 1, ""observe_down"": 1}","{""submit.after_commit"": 1}",71197,108,98,25,0.1121
local,none,816,0,,,"{""crash"": 2, ""slow_start"": 1, ""store_tx_fail"": 1}","{""stopped.before_commit"": 2}",67750,198,197,38,0.3051
local,none,817,0,,,"{""node_down"": 1}",{},274757,203,168,29,0.2524
local,none,818,0,,,"{""attempt_crash"": 1, ""observe_stale"": 1, ""race_cancel"": 1, ""store_outage"": 1}",{},0,110,118,21,0.1129
local,none,819,0,,,"{""crash"": 2, ""preempt"": 1}","{""start.after_call"": 1, ""submit.after_commit"": 1}",142958,190,171,33,0.2103
local,none,820,0,,,"{""store_tx_fail"": 1}",{},137800,136,111,28,0.1295
local,none,821,0,,,"{""crash"": 1, ""node_down"": 1, ""race_cancel"": 1, ""slow_start"": 1, ""store_outage"": 1, ""store_tx_fail"": 1}","{""stopped.before_commit"": 1}",106938,155,141,31,0.1749
local,none,822,0,,,"{""attempt_lost"": 1, ""cap_change"": 1, ""crash"": 1, ""observe_down"": 1}","{""ended.before_forget"": 1}",181315,200,174,40,0.2502
local,none,823,0,,,"{""observe_stale"": 1, ""race_cancel"": 1, ""start_fail"": 2, ""store_outage"": 1}",{},182961,197,192,40,0.2525
local,none,824,0,,,"{""cap_change"": 1, ""crash"": 1, ""node_down"": 2}","{""submit.after_commit"": 1}",91824,154,155,26,0.1491
local,none,825,0,,,"{""crash"": 1, ""preempt"": 2, ""race_cancel"": 2}","{""ended.before_forget"": 1}",197188,112,101,21,0.1065
local,none,826,0,,,"{""attempt_lost"": 1, ""cap_change"": 1, ""observe_stale"": 1}",{},154046,149,128,21,0.1259
local,none,827,0,,,"{""node_down"": 1, ""observe_down"": 1}",{},301310,227,194,38,0.2671
local,none,828,0,,,"{""attempt_lost"": 2, ""store_outage"": 2, ""store_tx_fail"": 1, ""zombie"": 1}",{},152626,170,149,34,0.2008
local,none,829,0,,,"{""crash"": 1}","{""start.after_call"": 1}",270194,202,139,30,0.2148
local,none,830,0,,,"{""attempt_lost"": 1}",{},69966,130,116,25,0.1194
local,none,831,0,,,"{""attempt_crash"": 1, ""attempt_lost"": 1, ""crash"": 1, ""preempt"": 1, ""stop_fail"": 1, ""zombie"": 1}","{""requeue.before_commit"": 1}",202891,170,114,29,0.1744
local,none,832,0,,,"{""attempt_lost"": 1, ""crash"": 1, ""slow_start"": 1, ""start_fail"": 1}","{""start.after_call"": 1}",117221,209,210,37,0.3903
local,none,833,0,,,"{""attempt_crash"": 1, ""crash"": 1, ""store_tx_fail"": 1, ""zombie"": 1}","{""ended.before_forget"": 1}",168256,222,184,43,0.3003
local,none,834,0,,,"{""observe_stale"": 1, ""store_tx_fail"": 1}",{},55487,128,119,28,0.1288
local,none,835,0,,,"{""cap_change"": 1}",{},56358,162,141,32,0.2097
local,none,836,0,,,"{""attempt_crash"": 1, ""observe_stale"": 1, ""preempt"": 1, ""slow_start"": 1, ""stop_fail"": 1}",{},105877,160,135,32,0.1772
local,none,837,0,,,"{""attempt_crash"": 1, ""cap_change"": 1, ""store_outage"": 1}",{},171302,180,177,36,0.2299
local,none,838,0,,,"{""observe_stale"": 1, ""race_cancel"": 1, ""zombie"": 1}",{},232135,144,114,25,0.1549
local,none,839,0,,,"{""crash"": 1, ""node_down"": 1}","{""start.after_commit"": 1}",320575,131,119,24,0.1323
local,none,840,0,,,"{""cap_change"": 1, ""crash"": 2, ""preempt"": 1, ""race_cancel"": 1, ""zombie"": 1}","{""ended.before_forget"": 1, ""start.after_commit"": 1}",184090,218,181,43,0.316
local,none,841,0,,,"{""store_tx_fail"": 1}",{},116794,98,87,21,0.0823
local,none,842,0,,,"{""attempt_lost"": 1, ""crash"": 1, ""race_cancel"": 1, ""store_tx_fail"": 1}","{""ended.before_forget"": 1}",104697,108,102,22,0.093
local,none,843,0,,,"{""crash"": 1, ""observe_stale"": 1}","{""ended.before_forget"": 1}",117323,128,105,25,0.1033
local,none,844,0,,,"{""policy_fault"": 2, ""preempt"": 1, ""slow_start"": 1, ""store_tx_fail"": 1}",{},91256,132,128,22,0.1157
local,none,845,0,,,"{""attempt_crash"": 1, ""attempt_lost"": 1}",{},170423,198,170,36,0.2217
local,none,846,0,,,"{""attempt_crash"": 1, ""cap_change"": 1, ""observe_down"": 1, ""observe_stale"": 1}",{},111149,108,106,22,0.1064
local,none,847,0,,,"{""attempt_crash"": 1, ""attempt_lost"": 1, ""observe_down"": 1, ""preempt"": 1, ""slow_start"": 1}",{},108809,190,163,38,0.2274
local,none,848,0,,,"{""crash"": 1, ""node_down"": 1, ""observe_stale"": 1, ""start_fail"": 1}","{""start.after_commit"": 1}",126074,191,180,38,0.2571
local,none,849,0,,,"{""race_cancel"": 1}",{},186458,168,151,34,0.1872
local,none,850,0,,,"{""attempt_lost"": 1, ""slow_start"": 1, ""store_outage"": 1}",{},87721,120,121,25,0.1033
local,none,851,0,,,"{""crash"": 1, ""store_tx_fail"": 1, ""zombie"": 1}","{""submit.after_commit"": 1}",182607,198,167,43,0.2997
local,none,852,0,,,"{""crash"": 1, ""node_down"": 1, ""race_cancel"": 1}","{""submit.after_commit"": 1}",63728,122,120,26,0.1364
local,none,853,0,,,"{""attempt_lost"": 1, ""observe_stale"": 1, ""preempt"": 1}",{},144404,210,190,37,0.2755
local,none,854,0,,,"{""observe_stale"": 2}",{},232045,102,95,21,0.0788
local,none,855,0,,,"{""preempt"": 1, ""race_cancel"": 1, ""store_outage"": 1, ""zombie"": 1}",{},94368,188,161,40,0.2026
local,none,856,0,,,"{""node_down"": 1, ""observe_stale"": 1}",{},216165,228,196,34,0.3012
local,none,857,0,,,"{""cap_change"": 2, ""observe_stale"": 1, ""slow_start"": 1, ""zombie"": 1}",{},179656,132,113,26,0.1405
local,none,858,0,,,"{""race_cancel"": 1, ""start_fail"": 1, ""zombie"": 2}",{},141849,138,113,33,0.142
local,none,859,0,,,"{""node_down"": 1}",{},151622,167,152,32,0.1724
local,none,860,0,,,"{""race_cancel"": 1, ""slow_start"": 1}",{},130944,132,118,28,0.1135
local,none,861,0,,,"{""observe_stale"": 1, ""policy_fault"": 1, ""store_outage"": 1, ""zombie"": 1}",{},81462,150,135,31,0.1455
local,none,862,0,,,"{""stop_fail"": 1, ""store_tx_fail"": 1, ""zombie"": 1}",{},384906,265,172,38,0.3202
local,none,863,0,,,"{""cap_change"": 1, ""observe_stale"": 1, ""stop_fail"": 1}",{},95552,158,150,33,0.189
local,none,864,0,,,"{""observe_down"": 2, ""policy_fault"": 1, ""preempt"": 1}",{},162697,116,112,23,0.1289
local,none,865,0,,,"{""start_fail"": 1, ""stop_fail"": 1, ""zombie"": 1}",{},185390,152,128,30,0.1703
local,none,866,0,,,"{""attempt_lost"": 1, ""cap_change"": 1, ""start_fail"": 1}",{},196509,108,99,20,0.1021
local,none,867,0,,,"{""slow_start"": 1}",{},248837,220,170,39,0.2931
local,none,868,0,,,"{""attempt_crash"": 1, ""attempt_lost"": 1, ""crash"": 1, ""node_down"": 1, ""race_cancel"": 1, ""zombie"": 1}","{""submit.after_commit"": 1}",66752,204,157,40,0.2843
local,none,869,0,,,"{""attempt_lost"": 1, ""race_cancel"": 1, ""slow_start"": 1}",{},124366,164,149,37,0.1983
local,none,870,0,,,"{""start_fail"": 1}",{},169878,200,179,38,0.2588
local,none,871,0,,,"{""observe_down"": 1, ""observe_stale"": 2, ""race_cancel"": 1}",{},272189,224,195,40,0.2806
local,none,872,0,,,"{""attempt_lost"": 1, ""crash"": 1, ""observe_stale"": 1, ""preempt"": 1, ""race_cancel"": 1}","{""requeue.before_commit"": 1}",158495,202,169,40,0.2815
local,none,873,0,,,"{""preempt"": 1, ""store_tx_fail"": 1}",{},155819,194,149,29,0.2155
local,none,874,0,,,"{""attempt_crash"": 1, ""attempt_lost"": 1, ""observe_stale"": 1, ""stop_fail"": 1}",{},57269,150,129,33,0.1609
local,none,875,0,,,"{""cap_change"": 1, ""race_cancel"": 1}",{},0,108,107,22,0.1087
local,none,876,0,,,"{""observe_stale"": 1, ""preempt"": 1, ""stop_fail"": 1}",{},222581,212,191,39,0.3273
local,none,877,0,,,"{""crash"": 1, ""race_cancel"": 1, ""store_outage"": 1, ""zombie"": 1}","{""stopped.before_commit"": 1}",211993,216,126,34,0.2355
local,none,878,0,,,"{""node_down"": 1, ""observe_down"": 1, ""observe_stale"": 1, ""stop_fail"": 1}",{},133549,167,152,28,0.1785
local,none,879,0,,,"{""slow_start"": 1, ""start_fail"": 1}",{},82677,184,165,38,0.2447
local,none,880,0,,,"{""attempt_crash"": 1, ""crash"": 2, ""observe_stale"": 1}","{""requeue.before_commit"": 1, ""submit.after_commit"": 1}",109852,208,187,39,0.2679
local,none,881,0,,,"{""attempt_lost"": 1, ""crash"": 1, ""observe_stale"": 1}","{""start.after_call"": 1}",117236,94,85,20,0.0859
local,none,882,0,,,"{""crash"": 1, ""observe_down"": 1, ""observe_stale"": 2, ""store_tx_fail"": 1}","{""requeue.before_commit"": 1}",344452,186,169,34,0.2995
local,none,883,0,,,"{""node_down"": 1, ""race_cancel"": 1, ""store_tx_fail"": 1}",{},172698,164,149,29,0.2046
local,none,884,0,,,"{""zombie"": 2}",{},139868,224,155,49,0.3076
local,none,885,0,,,"{""crash"": 1, ""race_cancel"": 1, ""store_outage"": 1}","{""stop.before_call"": 1}",153271,176,167,33,0.2619
local,none,886,0,,,"{""observe_down"": 1, ""preempt"": 1, ""slow_start"": 2, ""start_fail"": 2}",{},171654,192,165,34,0.2835
local,none,887,0,,,"{""crash"": 1, ""observe_stale"": 4, ""start_fail"": 1}","{""start.after_commit"": 1}",107434,98,96,24,0.1046
local,none,888,0,,,"{""preempt"": 1, ""race_cancel"": 1, ""store_outage"": 1}",{},157035,146,126,30,0.1429
local,none,889,0,,,"{""node_down"": 1, ""preempt"": 1, ""start_fail"": 1}",{},200668,180,172,37,0.2686
local,none,890,0,,,"{""cap_change"": 1, ""store_tx_fail"": 1}",{},105860,138,121,29,0.1571
local,none,891,0,,,"{""crash"": 1, ""observe_stale"": 1, ""stop_fail"": 1, ""store_outage"": 1, ""store_tx_fail"": 1, ""zombie"": 1}","{""submit.after_commit"": 1}",83037,146,137,31,0.182
local,none,892,0,,,"{""attempt_crash"": 1, ""cap_change"": 2, ""preempt"": 1, ""zombie"": 1}",{},206717,231,174,42,0.3168
local,none,893,0,,,"{""crash"": 1, ""observe_stale"": 2, ""store_tx_fail"": 1}","{""stop.before_call"": 1}",183586,170,169,35,0.2357
local,none,894,0,,,"{""attempt_lost"": 1, ""start_fail"": 1}",{},134046,110,101,21,0.1042
local,none,895,0,,,"{""attempt_lost"": 1, ""cap_change"": 1, ""observe_down"": 1, ""policy_fault"": 1, ""slow_start"": 1}",{},85401,158,158,35,0.2179
local,none,896,0,,,"{""node_down"": 1, ""store_outage"": 1}",{},88056,179,163,30,0.2508
local,none,897,0,,,"{""cap_change"": 2, ""start_fail"": 1}",{},0,132,122,26,0.1503
local,none,898,0,,,"{""observe_down"": 2, ""start_fail"": 1}",{},72650,132,114,27,0.1143
local,none,899,0,,,"{""crash"": 1}","{""ended.before_forget"": 1}",94342,106,93,21,0.0938
local,none,900,0,,,"{""crash"": 1, ""observe_stale"": 1, ""start_fail"": 2, ""store_outage"": 1, ""zombie"": 1}","{""requeue.before_commit"": 1}",174489,148,131,30,0.1472
local,none,901,0,,,"{""attempt_lost"": 1, ""crash"": 1, ""race_cancel"": 1, ""start_fail"": 2}","{""requeue.before_commit"": 1}",184947,102,94,22,0.092
local,none,902,0,,,"{""cap_change"": 1, ""crash"": 1, ""slow_start"": 1, ""stop_fail"": 1, ""store_outage"": 1}","{""ended.before_forget"": 1}",137834,140,159,28,0.1682
local,none,903,0,,,"{""attempt_lost"": 1, ""observe_stale"": 1, ""race_cancel"": 1, ""slow_start"": 1, ""zombie"": 1}",{},102462,150,122,30,0.1474
local,none,904,0,,,"{""store_tx_fail"": 1}",{},46920,152,135,28,0.1458
local,none,905,0,,,"{""crash"": 1, ""store_outage"": 1}","{""requeue.before_commit"": 1}",147733,190,178,37,0.2534
local,none,906,0,,,"{""cap_change"": 1}",{},126281,128,108,25,0.1261
local,none,907,0,,,"{""crash"": 2, ""node_down"": 1, ""observe_stale"": 1}","{""ended.before_forget"": 1, ""submit.after_commit"": 1}",65424,163,144,37,0.2236
local,none,908,0,,,"{""attempt_crash"": 1, ""cap_change"": 1, ""crash"": 1, ""observe_down"": 1, ""store_tx_fail"": 1, ""zombie"": 1}","{""start.after_call"": 1}",40234,138,104,27,0.1626
local,none,909,0,,,"{""crash"": 1, ""observe_down"": 1, ""race_cancel"": 1}","{""ended.before_forget"": 1}",137814,145,142,34,0.1874
local,none,910,0,,,"{""crash"": 1, ""observe_stale"": 1, ""race_cancel"": 1}","{""start.after_commit"": 1}",136745,128,128,29,0.142
local,none,911,0,,,"{""observe_stale"": 1, ""race_cancel"": 1, ""slow_start"": 1, ""zombie"": 1}",{},109087,156,115,30,0.1557
local,none,912,0,,,"{""crash"": 1}","{""requeue.before_commit"": 1}",254761,151,128,30,0.1533
local,none,913,0,,,"{""attempt_crash"": 4, ""preempt"": 1}",{},42454,146,122,29,0.1403
local,none,914,0,,,"{""crash"": 1}","{""stopped.before_commit"": 1}",64922,108,84,22,0.0959
local,none,915,0,,,"{""attempt_lost"": 2, ""crash"": 1, ""policy_fault"": 1, ""start_fail"": 2}","{""stopped.before_commit"": 1}",78643,196,187,37,0.2598
local,none,916,0,,,"{""attempt_lost"": 1, ""slow_start"": 1, ""zombie"": 1}",{},91006,166,143,32,0.1891
local,none,917,0,,,"{""crash"": 1, ""store_outage"": 1, ""zombie"": 1}","{""stopped.before_commit"": 1}",124554,192,158,42,0.2323
local,none,918,0,,,"{""attempt_lost"": 1, ""policy_fault"": 1, ""race_cancel"": 2, ""slow_start"": 1}",{},125042,186,156,36,0.2151
local,none,919,0,,,"{""attempt_lost"": 2, ""observe_stale"": 1, ""start_fail"": 1, ""stop_fail"": 1, ""store_tx_fail"": 1}",{},99949,122,119,24,0.1305
local,none,920,0,,,"{""stop_fail"": 2}",{},36673,156,136,29,0.1608
local,none,921,0,,,"{""node_down"": 1, ""observe_stale"": 1, ""race_cancel"": 2, ""start_fail"": 1, ""store_tx_fail"": 1}",{},49839,161,137,36,0.1772
local,none,922,0,,,"{""crash"": 1, ""observe_stale"": 3, ""policy_fault"": 1, ""store_outage"": 1}","{""ended.before_forget"": 1}",29797,124,128,26,0.1177
local,none,923,0,,,"{""attempt_lost"": 1, ""node_down"": 1, ""policy_fault"": 1, ""start_fail"": 1, ""stop_fail"": 1}",{},1536,122,113,22,0.1098
local,none,924,0,,,"{""stop_fail"": 1}",{},33977,104,93,23,0.0907
local,none,925,0,,,"{""node_down"": 1, ""observe_down"": 1, ""observe_stale"": 1, ""preempt"": 1, ""start_fail"": 1, ""store_outage"": 1}",{},7324,114,115,20,0.1
local,none,926,0,,,"{""observe_stale"": 1, ""race_cancel"": 1, ""store_outage"": 1}",{},230833,179,175,35,0.2122
local,none,927,0,,,"{""crash"": 1, ""observe_stale"": 1}","{""submit.after_commit"": 1}",92023,202,192,39,0.2559
local,none,928,0,,,"{""observe_down"": 1, ""race_cancel"": 1, ""store_tx_fail"": 1, ""zombie"": 2}",{},146105,166,127,31,0.1724
local,none,929,0,,,"{""crash"": 1, ""store_outage"": 1}","{""start.after_commit"": 1}",154970,146,138,32,0.1664
local,none,930,0,,,"{""attempt_crash"": 1}",{},135259,104,89,22,0.0774
local,none,931,0,,,"{""node_down"": 1, ""observe_stale"": 1, ""policy_fault"": 1}",{},42433,112,112,25,0.1097
local,none,932,0,,,"{""cap_change"": 2, ""zombie"": 1}",{},111324,186,119,41,0.2026
local,none,933,0,,,"{""cap_change"": 1}",{},180861,164,148,36,0.2038
local,none,934,0,,,"{""crash"": 2}","{""start.after_call"": 1, ""submit.after_commit"": 1}",178025,168,148,33,0.2093
local,none,935,0,,,"{""cap_change"": 2, ""crash"": 1, ""observe_down"": 1}","{""stopped.before_commit"": 1}",183261,130,125,29,0.1567
local,none,936,0,,,"{""attempt_crash"": 1, ""crash"": 1, ""observe_stale"": 1, ""store_outage"": 1}","{""requeue.before_commit"": 1}",85455,116,110,24,0.1292
local,none,937,0,,,"{""attempt_crash"": 1, ""race_cancel"": 1}",{},142564,143,124,28,0.1602
local,none,938,0,,,"{""attempt_lost"": 1, ""observe_stale"": 1}",{},139477,154,135,32,0.1731
local,none,939,0,,,"{""node_down"": 1}",{},138591,239,204,40,0.3269
local,none,940,0,,,"{""slow_start"": 1}",{},132087,174,148,35,0.2126
local,none,941,0,,,"{""observe_stale"": 1, ""preempt"": 1, ""race_cancel"": 1}",{},105730,108,101,22,0.1004
local,none,942,0,,,"{""observe_down"": 1, ""observe_stale"": 2, ""start_fail"": 1}",{},298316,168,147,36,0.2283
local,none,943,0,,,"{""attempt_crash"": 1, ""observe_stale"": 2, ""policy_fault"": 2, ""stop_fail"": 1}",{},0,124,120,23,0.1231
local,none,944,0,,,"{""crash"": 1, ""observe_stale"": 2, ""store_tx_fail"": 1}","{""ended.before_forget"": 1}",138471,166,149,34,0.1892
local,none,945,0,,,"{""store_tx_fail"": 1}",{},159653,214,196,39,0.2598
local,none,946,0,,,"{""crash"": 1}","{""submit.after_commit"": 1}",132198,140,126,31,0.144
local,none,947,0,,,"{""store_tx_fail"": 1}",{},246841,126,116,24,0.1288
local,none,948,0,,,"{""race_cancel"": 3}",{},84915,184,160,37,0.2308
local,none,949,0,,,"{""observe_stale"": 1, ""preempt"": 1, ""race_cancel"": 1, ""zombie"": 1}",{},123798,154,127,29,0.1626
local,none,950,0,,,"{""crash"": 1, ""node_down"": 1, ""observe_stale"": 2, ""stop_fail"": 1}","{""start.after_call"": 1}",80558,98,88,21,0.0882
local,none,951,0,,,"{""store_tx_fail"": 1}",{},117993,118,107,21,0.1126
local,none,952,0,,,"{""node_down"": 1, ""observe_down"": 1, ""race_cancel"": 1, ""start_fail"": 1, ""stop_fail"": 1, ""store_tx_fail"": 1}",{},91949,190,186,40,0.237
local,none,953,0,,,"{""crash"": 1, ""policy_fault"": 1, ""preempt"": 1, ""stop_fail"": 2, ""zombie"": 1}","{""ended.before_forget"": 1}",243157,146,112,30,0.1797
local,none,954,0,,,"{""attempt_crash"": 1, ""node_down"": 1, ""preempt"": 1, ""start_fail"": 1, ""store_outage"": 2}",{},106570,131,139,25,0.1359
local,none,955,0,,,"{""zombie"": 1}",{},176248,180,156,31,0.1976
local,none,956,0,,,"{""observe_down"": 1, ""stop_fail"": 1, ""store_outage"": 1}",{},194347,180,158,35,0.2142
local,none,957,0,,,"{""cap_change"": 1, ""race_cancel"": 1, ""store_outage"": 1, ""zombie"": 1}",{},14957,196,171,35,0.2346
local,none,958,0,,,"{""race_cancel"": 2}",{},60359,118,116,25,0.113
local,none,959,0,,,"{""crash"": 1, ""node_down"": 1, ""policy_fault"": 1}","{""ended.before_forget"": 1}",101387,239,207,37,0.3224
local,none,960,0,,,"{""attempt_crash"": 1, ""attempt_lost"": 1, ""preempt"": 1, ""race_cancel"": 2, ""start_fail"": 1}",{},172308,171,160,35,0.187
local,none,961,0,,,"{""race_cancel"": 2, ""store_outage"": 2, ""store_tx_fail"": 1, ""zombie"": 1}",{},77287,108,107,24,0.0829
local,none,962,0,,,"{""race_cancel"": 1}",{},161119,130,115,28,0.1146
local,none,963,0,,,"{""zombie"": 1}",{},123787,144,124,28,0.129
local,none,964,0,,,"{""observe_down"": 1}",{},131313,166,153,34,0.1862
local,none,965,0,,,"{""observe_down"": 1, ""policy_fault"": 1, ""preempt"": 1, ""start_fail"": 1}",{},186626,180,150,32,0.1942
local,none,966,0,,,"{""crash"": 1}","{""ended.before_forget"": 1}",77406,196,171,39,0.2277
local,none,967,0,,,"{""cap_change"": 1, ""race_cancel"": 1, ""store_outage"": 1, ""store_tx_fail"": 1}",{},65610,158,151,33,0.1762
local,none,968,0,,,"{""preempt"": 1, ""race_cancel"": 1, ""start_fail"": 1}",{},96045,156,144,34,0.1877
local,none,969,0,,,"{""race_cancel"": 1, ""slow_start"": 1, ""start_fail"": 1, ""zombie"": 1}",{},49006,159,123,33,0.223
local,none,970,0,,,"{""cap_change"": 1, ""crash"": 1, ""preempt"": 1, ""start_fail"": 1, ""store_outage"": 1}","{""stopped.before_commit"": 1}",46188,136,121,30,0.1412
local,none,971,0,,,"{""crash"": 1, ""observe_down"": 1, ""zombie"": 1}","{""requeue.before_commit"": 1}",191123,228,192,42,0.2802
local,none,972,0,,,"{""race_cancel"": 1}",{},311343,112,92,20,0.0872
local,none,973,0,,,"{""node_down"": 1, ""preempt"": 1, ""store_tx_fail"": 1}",{},373537,219,184,36,0.2587
local,none,974,0,,,"{""stop_fail"": 2}",{},0,148,131,30,0.1563
local,none,975,0,,,"{""observe_stale"": 2, ""race_cancel"": 1, ""stop_fail"": 1, ""zombie"": 1}",{},79597,192,180,38,0.229
local,none,976,0,,,"{""slow_start"": 1, ""start_fail"": 1, ""store_tx_fail"": 1}",{},113213,84,106,20,0.0822
local,none,977,0,,,"{""observe_down"": 1, ""observe_stale"": 2, ""race_cancel"": 1, ""start_fail"": 1, ""store_tx_fail"": 1}",{},0,157,139,32,0.1622
local,none,978,0,,,"{""attempt_crash"": 1, ""crash"": 2, ""observe_down"": 2, ""race_cancel"": 1}","{""stop.before_call"": 1, ""stopped.before_commit"": 1}",106743,120,106,23,0.1027
local,none,979,0,,,"{""attempt_lost"": 1, ""cap_change"": 1, ""observe_down"": 1, ""start_fail"": 1, ""store_tx_fail"": 1, ""zombie"": 1}",{},84955,140,117,26,0.141
local,none,980,0,,,"{""crash"": 2, ""start_fail"": 1, ""stop_fail"": 1}","{""ended.before_forget"": 2}",150480,164,150,31,0.1873
local,none,981,0,,,"{""attempt_lost"": 1, ""crash"": 1, ""observe_stale"": 1}","{""ended.before_forget"": 1}",208140,214,172,38,0.2784
local,none,982,0,,,"{""preempt"": 1, ""stop_fail"": 1, ""zombie"": 1}",{},162930,116,94,23,0.0928
local,none,983,0,,,"{""crash"": 1}","{""start.after_call"": 1}",135149,102,94,20,0.0874
local,none,984,0,,,"{""store_tx_fail"": 1, ""zombie"": 1}",{},51084,184,162,36,0.2263
local,none,985,0,,,"{""observe_stale"": 1, ""preempt"": 1, ""stop_fail"": 1}",{},0,98,90,22,0.0726
local,none,986,0,,,"{""attempt_lost"": 1, ""crash"": 1, ""observe_stale"": 1, ""preempt"": 1, ""stop_fail"": 2}","{""ended.before_forget"": 1}",833,130,122,28,0.1405
local,none,987,0,,,"{""node_down"": 1, ""observe_stale"": 1, ""start_fail"": 1, ""store_tx_fail"": 1}",{},83841,127,127,23,0.1408
local,none,988,0,,,"{""start_fail"": 1}",{},20704,166,149,33,0.1689
local,none,989,0,,,"{""attempt_crash"": 2, ""observe_down"": 1, ""race_cancel"": 1}",{},114925,98,86,20,0.0755
local,none,990,0,,,"{""preempt"": 1, ""slow_start"": 1, ""store_tx_fail"": 1, ""zombie"": 1}",{},98102,182,173,35,0.2524
local,none,991,0,,,"{""crash"": 1}","{""stopped.before_commit"": 1}",316100,206,154,33,0.286
local,none,992,0,,,"{""attempt_crash"": 1, ""crash"": 1, ""race_cancel"": 2}","{""start.after_call"": 1}",182972,225,176,39,0.286
local,none,993,0,,,"{""observe_stale"": 1, ""policy_fault"": 1, ""start_fail"": 1}",{},10684,222,197,39,0.2804
local,none,994,0,,,"{""crash"": 1, ""zombie"": 1}","{""start.after_commit"": 1}",270187,230,169,37,0.2749
local,none,995,0,,,"{""attempt_crash"": 1}",{},179897,202,169,38,0.2386
local,none,996,0,,,"{""observe_down"": 1, ""zombie"": 1}",{},134601,158,129,34,0.18
local,none,997,0,,,"{""cap_change"": 1}",{},107312,132,122,25,0.1194
local,none,998,0,,,"{""store_outage"": 1, ""zombie"": 1}",{},155126,186,168,34,0.2199
local,none,999,0,,,"{""attempt_crash"": 1, ""node_down"": 1, ""stop_fail"": 1, ""store_outage"": 1}",{},128295,132,120,23,0.1261
local,none,1000,0,,,"{""policy_fault"": 1, ""preempt"": 1, ""race_cancel"": 2, ""stop_fail"": 1}",{},76609,130,118,30,0.1362
local,none,1001,0,,,"{""attempt_crash"": 1, ""race_cancel"": 1, ""slow_start"": 1}",{},194900,168,163,29,0.2183
local,none,1002,0,,,"{""start_fail"": 1}",{},163722,152,131,32,0.1743
local,none,1003,0,,,"{""attempt_lost"": 1}",{},172016,180,148,33,0.2029
local,none,1004,0,,,"{""crash"": 1, ""observe_stale"": 1, ""preempt"": 1}","{""stopped.before_commit"": 1}",161164,210,184,39,0.2702
local,none,1005,0,,,"{""store_tx_fail"": 1}",{},211224,230,194,40,0.3232
local,none,1006,0,,,"{""cap_change"": 1, ""race_cancel"": 1, ""start_fail"": 1, ""store_tx_fail"": 1, ""zombie"": 1}",{},16128,108,104,27,0.1185
local,none,1007,0,,,{},{},114134,174,154,33,0.2319
local,none,1008,0,,,"{""attempt_crash"": 1, ""policy_fault"": 1, ""race_cancel"": 1, ""start_fail"": 1}",{},155081,110,107,22,0.1246
local,none,1009,0,,,"{""observe_down"": 1, ""policy_fault"": 1, ""zombie"": 1}",{},0,124,98,28,0.1292
local,none,1010,0,,,"{""cap_change"": 1, ""crash"": 1, ""preempt"": 1, ""slow_start"": 1, ""zombie"": 2}","{""requeue.before_commit"": 1}",238006,192,157,32,0.2733
local,none,1011,0,,,"{""cap_change"": 1, ""crash"": 2, ""observe_down"": 1, ""observe_stale"": 1, ""policy_fault"": 1}","{""stop.before_call"": 1, ""submit.after_commit"": 1}",246865,232,199,40,0.3458
local,none,1012,0,,,{},{},101620,156,133,33,0.1859
local,none,1013,0,,,"{""crash"": 1, ""observe_stale"": 1}","{""start.after_call"": 1}",143549,170,148,32,0.2352
local,none,1014,0,,,"{""crash"": 1, ""node_down"": 1, ""observe_stale"": 1, ""race_cancel"": 1, ""zombie"": 1}","{""start.after_commit"": 1}",186713,139,122,26,0.1477
local,none,1015,0,,,"{""stop_fail"": 1, ""store_outage"": 1}",{},162459,126,137,24,0.1444
local,none,1016,0,,,"{""race_cancel"": 1, ""start_fail"": 1}",{},122443,114,123,26,0.1268
local,none,1017,0,,,"{""crash"": 1, ""node_down"": 1, ""race_cancel"": 1, ""store_tx_fail"": 1, ""zombie"": 2}","{""stop.before_call"": 1}",228686,279,205,42,0.4288
local,none,1018,0,,,"{""crash"": 1, ""node_down"": 1, ""preempt"": 1, ""slow_start"": 1, ""zombie"": 2}","{""requeue.before_commit"": 1}",187489,137,103,27,0.171
local,none,1019,0,,,"{""zombie"": 1}",{},255992,170,141,34,0.2038
local,none,1020,0,,,"{""observe_down"": 1, ""race_cancel"": 1}",{},43315,160,144,32,0.183
local,none,1021,0,,,"{""attempt_crash"": 1, ""cap_change"": 1, ""crash"": 1, ""observe_down"": 1}","{""submit.after_commit"": 1}",83715,134,123,25,0.1286
local,none,1022,0,,,"{""attempt_lost"": 2, ""crash"": 2, ""node_down"": 1, ""zombie"": 1}","{""start.after_commit"": 1, ""stopped.before_commit"": 1}",241472,189,167,39,0.258
local,none,1023,0,,,"{""cap_change"": 1, ""observe_stale"": 1, ""race_cancel"": 1, ""zombie"": 1}",{},98965,146,119,31,0.1338
local,none,1024,0,,,"{""crash"": 1, ""policy_fault"": 1, ""race_cancel"": 1, ""start_fail"": 1, ""store_tx_fail"": 1}","{""start.after_call"": 1}",136550,136,133,28,0.1354
local,none,1025,0,,,"{""attempt_lost"": 1, ""cap_change"": 1, ""store_tx_fail"": 1, ""zombie"": 1}",{},87508,102,92,21,0.0925
local,none,1026,0,,,"{""crash"": 1, ""race_cancel"": 2, ""start_fail"": 1, ""store_outage"": 1}","{""submit.after_commit"": 1}",215561,230,215,39,0.2696
local,none,1027,0,,,"{""observe_down"": 1}",{},43123,92,84,20,0.0706
local,none,1028,0,,,"{""observe_stale"": 1, ""race_cancel"": 1, ""slow_start"": 1}",{},119500,152,139,35,0.1525
local,none,1029,0,,,"{""attempt_lost"": 1, ""zombie"": 1}",{},198336,128,95,29,0.1278
local,none,1030,0,,,"{""node_down"": 1, ""observe_stale"": 1, ""race_cancel"": 1, ""start_fail"": 1}",{},106457,199,174,36,0.2077
local,none,1031,0,,,"{""store_tx_fail"": 2}",{},131982,140,134,32,0.1299
local,none,1032,0,,,"{""observe_stale"": 3, ""race_cancel"": 1, ""start_fail"": 1, ""store_tx_fail"": 1}",{},122372,89,93,21,0.0657
local,none,1033,0,,,"{""crash"": 1, ""slow_start"": 1}","{""start.after_commit"": 1}",107353,134,127,28,0.135
local,none,1034,0,,,"{""crash"": 1, ""node_down"": 1, ""observe_stale"": 1, ""policy_fault"": 1, ""preempt"": 1}","{""start.after_commit"": 1}",240091,198,172,35,0.2618
local,none,1035,0,,,"{""crash"": 1, ""preempt"": 1, ""race_cancel"": 1, ""stop_fail"": 1, ""store_tx_fail"": 1, ""zombie"": 1}","{""submit.after_commit"": 1}",226571,212,167,43,0.2517
local,none,1036,0,,,"{""node_down"": 1, ""store_outage"": 1}",{},162892,106,107,24,0.078
local,none,1037,0,,,"{""attempt_lost"": 1, ""crash"": 1, ""node_down"": 1, ""observe_stale"": 1}","{""requeue.before_commit"": 1}",143844,217,201,39,0.2803
local,none,1038,0,,,"{""policy_fault"": 1, ""race_cancel"": 2, ""stop_fail"": 1}",{},96849,183,157,38,0.2028
local,none,1039,0,,,"{""attempt_crash"": 1, ""crash"": 1, ""node_down"": 1, ""observe_stale"": 1, ""store_tx_fail"": 1}","{""submit.after_commit"": 1}",120832,203,186,40,0.2652
local,none,1040,0,,,"{""crash"": 1, ""zombie"": 1}","{""ended.before_forget"": 1}",233669,194,137,38,0.2073
local,none,1041,0,,,"{""attempt_crash"": 1, ""observe_stale"": 2, ""preempt"": 2, ""zombie"": 1}",{},154890,260,175,39,0.3495
local,none,1042,0,,,"{""race_cancel"": 1}",{},89010,179,154,34,0.1993
local,none,1043,0,,,"{""attempt_lost"": 1, ""cap_change"": 1, ""node_down"": 1, ""observe_stale"": 1}",{},239069,218,188,32,0.2531
local,none,1044,0,,,"{""attempt_crash"": 1, ""crash"": 1, ""preempt"": 1}","{""submit.after_commit"": 1}",150754,152,132,32,0.1586
local,none,1045,0,,,"{""attempt_lost"": 1, ""crash"": 2, ""preempt"": 1, ""stop_fail"": 1, ""store_tx_fail"": 1}","{""requeue.before_commit"": 1, ""start.after_call"": 1}",132266,188,166,36,0.2111
local,none,1046,0,,,"{""observe_stale"": 2, ""policy_fault"": 1, ""race_cancel"": 2, ""store_tx_fail"": 1}",{},115052,112,118,24,0.1117
local,none,1047,0,,,"{""node_down"": 1, ""race_cancel"": 1}",{},168813,152,131,34,0.1513
local,none,1048,0,,,"{""cap_change"": 1}",{},12062,100,86,23,0.0736
local,none,1049,0,,,"{""node_down"": 2, ""preempt"": 2}",{},108504,110,103,23,0.0918
local,none,1050,0,,,"{""node_down"": 1, ""observe_stale"": 1}",{},193503,142,150,33,0.1316
local,none,1051,0,,,"{""cap_change"": 1, ""observe_down"": 1, ""race_cancel"": 1, ""slow_start"": 1, ""start_fail"": 2}",{},43516,143,166,29,0.1719
local,none,1052,0,,,"{""crash"": 1, ""observe_stale"": 1}","{""start.after_call"": 1}",160688,88,81,22,0.061
local,none,1053,0,,,"{""attempt_lost"": 1, ""cap_change"": 1, ""crash"": 1, ""node_down"": 1, ""store_outage"": 1}","{""start.after_commit"": 1}",201201,200,183,37,0.2172
local,none,1054,0,,,"{""cap_change"": 1, ""observe_down"": 1, ""observe_stale"": 2, ""start_fail"": 1, ""store_outage"": 1}",{},140301,164,154,32,0.1451
local,none,1055,0,,,"{""cap_change"": 2, ""slow_start"": 1}",{},129143,116,98,21,0.0814
local,none,1056,0,,,"{""attempt_crash"": 1, ""cap_change"": 1, ""preempt"": 1, ""stop_fail"": 1}",{},114752,137,115,27,0.1246
local,none,1057,0,,,"{""cap_change"": 1, ""slow_start"": 1}",{},156294,186,174,39,0.209
local,none,1058,0,,,"{""observe_stale"": 1, ""preempt"": 1, ""race_cancel"": 1}",{},77085,123,107,25,0.1135
local,none,1059,0,,,"{""attempt_lost"": 1, ""crash"": 1, ""observe_stale"": 2, ""policy_fault"": 1}","{""stopped.before_commit"": 1}",108666,96,96,21,0.0727
local,none,1060,0,,,"{""attempt_lost"": 1, ""cap_change"": 2, ""policy_fault"": 1, ""race_cancel"": 1}",{},0,105,98,22,0.081
local,none,1061,0,,,"{""cap_change"": 1, ""crash"": 1, ""race_cancel"": 1, ""stop_fail"": 1, ""store_outage"": 1, ""zombie"": 1}","{""start.after_commit"": 1}",146534,115,97,23,0.0846
local,none,1062,0,,,"{""observe_stale"": 1, ""preempt"": 2, ""race_cancel"": 1}",{},122281,160,147,28,0.1567
local,none,1063,0,,,"{""observe_down"": 2, ""observe_stale"": 1, ""preempt"": 1}",{},244878,148,138,26,0.1379
local,none,1064,0,,,"{""crash"": 1, ""node_down"": 1, ""stop_fail"": 1, ""store_tx_fail"": 1}","{""stopped.before_commit"": 1}",108825,132,118,29,0.1138
local,none,1065,0,,,"{""preempt"": 2}",{},397539,178,146,31,0.161
local,none,1066,0,,,"{""attempt_lost"": 2, ""crash"": 1}","{""start.after_commit"": 1}",134369,156,135,34,0.1456
local,none,1067,0,,,"{""observe_down"": 1, ""observe_stale"": 1}",{},159992,122,95,22,0.1036
local,none,1068,0,,,"{""crash"": 1, ""observe_down"": 1, ""race_cancel"": 1, ""slow_start"": 1, ""store_tx_fail"": 1}","{""requeue.before_commit"": 1}",145884,141,152,30,0.1528
local,none,1069,0,,,"{""attempt_crash"": 1, ""crash"": 1, ""observe_stale"": 1, ""stop_fail"": 1}","{""start.after_call"": 1}",123484,110,103,24,0.0924
local,none,1070,0,,,"{""attempt_lost"": 1}",{},151221,174,165,37,0.2303
local,none,1071,0,,,{},{},163036,168,145,35,0.1836
local,none,1072,0,,,"{""observe_stale"": 2, ""policy_fault"": 1, ""race_cancel"": 1, ""start_fail"": 1}",{},62440,126,122,23,0.1072
local,none,1073,0,,,"{""observe_down"": 1, ""preempt"": 1, ""stop_fail"": 1}",{},93087,100,86,21,0.0847
local,none,1074,0,,,"{""attempt_lost"": 1, ""cap_change"": 1, ""observe_down"": 1, ""start_fail"": 1, ""stop_fail"": 1, ""store_outage"": 1}",{},126714,160,149,34,0.1728
local,none,1075,0,,,"{""observe_stale"": 1}",{},72193,92,81,21,0.0724
local,none,1076,0,,,"{""race_cancel"": 1, ""slow_start"": 1, ""start_fail"": 2}",{},205827,208,196,34,0.2093
local,none,1077,0,,,"{""attempt_lost"": 1, ""node_down"": 1, ""store_outage"": 2}",{},153785,129,143,24,0.1136
local,none,1078,0,,,"{""preempt"": 1, ""slow_start"": 1, ""start_fail"": 1}",{},185153,112,104,24,0.0985
local,none,1079,0,,,"{""crash"": 1, ""race_cancel"": 1}","{""submit.after_commit"": 1}",167105,208,179,38,0.2365
local,none,1080,0,,,"{""crash"": 2, ""observe_down"": 1, ""slow_start"": 1, ""stop_fail"": 1, ""zombie"": 1}","{""start.after_commit"": 1, ""stop.before_call"": 1}",76785,172,155,36,0.1698
local,none,1081,0,,,"{""zombie"": 1}",{},211959,126,102,26,0.0976
local,none,1082,0,,,"{""attempt_crash"": 1, ""cap_change"": 1, ""crash"": 1, ""observe_stale"": 1}","{""ended.before_forget"": 1}",150470,184,138,38,0.1662
local,none,1083,0,,,"{""attempt_crash"": 1, ""attempt_lost"": 1, ""node_down"": 1, ""observe_down"": 1, ""observe_stale"": 1, ""zombie"": 1}",{},165964,167,142,39,0.19
local,none,1084,0,,,"{""attempt_crash"": 1, ""attempt_lost"": 1, ""start_fail"": 1, ""store_outage"": 1}",{},100353,180,169,35,0.2048
local,none,1085,0,,,"{""preempt"": 1, ""stop_fail"": 1}",{},269492,172,143,36,0.1771
local,none,1086,0,,,"{""attempt_crash"": 1}",{},103502,190,164,37,0.1852
local,none,1087,0,,,"{""cap_change"": 1, ""crash"": 1, ""node_down"": 1, ""observe_down"": 1, ""observe_stale"": 1, ""zombie"": 1}","{""start.after_call"": 1}",70740,186,146,37,0.1545
local,none,1088,0,,,"{""preempt"": 1, ""stop_fail"": 1}",{},82297,150,134,32,0.1385
local,none,1089,0,,,"{""race_cancel"": 1}",{},73067,208,175,38,0.233
local,none,1090,0,,,"{""store_tx_fail"": 1, ""zombie"": 1}",{},172665,122,94,24,0.087
local,none,1091,0,,,"{""observe_down"": 1, ""preempt"": 1}",{},125405,88,81,20,0.0601
local,none,1092,0,,,"{""policy_fault"": 1, ""slow_start"": 3, ""zombie"": 1}",{},164796,180,161,34,0.1836
local,none,1093,0,,,"{""preempt"": 1, ""race_cancel"": 1}",{},75336,174,158,33,0.1622
local,none,1094,0,,,"{""cap_change"": 1, ""node_down"": 1, ""race_cancel"": 1, ""store_outage"": 1}",{},102939,160,148,34,0.1522
local,none,1095,0,,,"{""attempt_lost"": 1, ""cap_change"": 1, ""node_down"": 1, ""race_cancel"": 1}",{},129447,181,157,37,0.1881
local,none,1096,0,,,"{""crash"": 2, ""node_down"": 1, ""observe_stale"": 1, ""store_tx_fail"": 1}","{""ended.before_forget"": 1, ""start.after_call"": 1}",29555,132,122,23,0.105
local,none,1097,0,,,"{""observe_stale"": 1, ""race_cancel"": 2, ""store_outage"": 2, ""zombie"": 1}",{},121386,96,95,24,0.0882
local,none,1098,0,,,"{""attempt_lost"": 1, ""crash"": 2, ""preempt"": 1, ""race_cancel"": 1}","{""stopped.before_commit"": 1, ""submit.after_commit"": 1}",160316,134,135,27,0.1331
local,none,1099,0,,,"{""race_cancel"": 1}",{},60961,106,93,20,0.1041
local,none,1100,0,,,"{""crash"": 2, ""observe_down"": 1, ""observe_stale"": 1, ""policy_fault"": 1}","{""start.after_call"": 2}",263293,158,149,34,0.1763
local,none,1101,0,,,"{""crash"": 1, ""node_down"": 1, ""observe_stale"": 1, ""race_cancel"": 1, ""store_tx_fail"": 1}","{""start.after_commit"": 1}",119535,160,149,28,0.1367
local,none,1102,0,,,"{""observe_stale"": 2, ""race_cancel"": 1, ""start_fail"": 1, ""stop_fail"": 1, ""zombie"": 1}",{},65122,173,146,34,0.1476
local,none,1103,0,,,"{""attempt_crash"": 1, ""node_down"": 1, ""zombie"": 1}",{},65194,156,126,29,0.1355
local,none,1104,0,,,"{""attempt_crash"": 1, ""observe_down"": 1, ""race_cancel"": 1}",{},0,162,141,34,0.1583
local,none,1105,0,,,"{""race_cancel"": 1}",{},98634,154,142,29,0.125
local,none,1106,0,,,{},{},118435,200,156,37,0.2117
local,none,1107,0,,,"{""crash"": 1, ""observe_stale"": 1, ""slow_start"": 1, ""stop_fail"": 1}","{""stop.before_call"": 1}",79207,158,153,33,0.149
local,none,1108,0,,,"{""observe_down"": 2, ""observe_stale"": 1, ""preempt"": 1, ""race_cancel"": 1, ""zombie"": 1}",{},206163,156,117,28,0.1396
local,none,1109,0,,,"{""attempt_lost"": 1, ""node_down"": 1}",{},0,160,147,39,0.1573
local,none,1110,0,,,"{""cap_change"": 1, ""observe_down"": 1, ""policy_fault"": 1, ""zombie"": 1}",{},71050,154,143,30,0.1549
local,none,1111,0,,,"{""observe_down"": 1}",{},127852,180,162,37,0.2022
local,none,1112,0,,,"{""race_cancel"": 1}",{},118485,114,100,21,0.1053
local,none,1113,0,,,"{""node_down"": 1, ""observe_down"": 1, ""store_outage"": 1, ""zombie"": 1}",{},432189,238,158,39,0.2318
local,none,1114,0,,,"{""observe_down"": 1}",{},78981,130,116,25,0.1056
local,none,1115,0,,,"{""start_fail"": 1, ""stop_fail"": 1, ""store_outage"": 1, ""store_tx_fail"": 1, ""zombie"": 1}",{},71588,206,198,40,0.2542
local,none,1116,0,,,"{""attempt_crash"": 1, ""race_cancel"": 1, ""store_tx_fail"": 1}",{},176342,116,101,21,0.0884
local,none,1117,0,,,"{""crash"": 3, ""store_outage"": 1, ""zombie"": 1}","{""start.after_call"": 1, ""stop.before_call"": 1, ""stopped.before_commit"": 1}",33173,192,167,35,0.2004
local,none,1118,0,,,"{""crash"": 1}","{""requeue.before_commit"": 1}",246552,180,143,32,0.1809
local,none,1119,0,,,"{""crash"": 1}","{""requeue.before_commit"": 1}",273459,182,159,34,0.2052
local,none,1120,0,,,"{""observe_down"": 1, ""race_cancel"": 1}",{},166509,136,131,28,0.1339
local,none,1121,0,,,"{""crash"": 2, ""race_cancel"": 1, ""start_fail"": 1}","{""ended.before_forget"": 1, ""start.after_commit"": 1}",69402,110,102,22,0.0914
local,none,1122,0,,,"{""crash"": 1, ""preempt"": 1, ""store_tx_fail"": 1, ""zombie"": 1}","{""stop.before_call"": 1}",353715,206,171,36,0.2144
local,none,1123,0,,,"{""attempt_lost"": 1, ""preempt"": 1, ""race_cancel"": 1}",{},45223,143,121,28,0.1207
local,none,1124,0,,,"{""store_outage"": 1}",{},104435,128,114,26,0.1321
local,none,1125,0,,,"{""observe_down"": 1, ""stop_fail"": 1, ""store_tx_fail"": 2, ""zombie"": 1}",{},160493,182,1336,37,1.4906
local,none,1126,0,,,"{""race_cancel"": 1}",{},156184,165,143,33,0.1458
local,none,1127,0,,,"{""attempt_lost"": 1, ""crash"": 1, ""observe_stale"": 1, ""preempt"": 1, ""zombie"": 1}","{""requeue.before_commit"": 1}",155612,188,162,38,0.2539
local,none,1128,0,,,"{""crash"": 1, ""policy_fault"": 2, ""race_cancel"": 1, ""stop_fail"": 1}","{""stop.before_call"": 1}",275017,192,174,38,0.1845
local,none,1129,0,,,"{""attempt_lost"": 1, ""node_down"": 1, ""observe_stale"": 1, ""policy_fault"": 1}",{},54288,130,123,23,0.1155
local,none,1130,0,,,"{""node_down"": 1, ""zombie"": 1}",{},250545,219,176,42,0.2439
local,none,1131,0,,,"{""cap_change"": 1, ""node_down"": 1, ""observe_stale"": 1, ""race_cancel"": 1, ""stop_fail"": 1, ""store_outage"": 1}",{},142998,184,184,37,0.2065
local,none,1132,0,,,"{""crash"": 1, ""slow_start"": 1, ""zombie"": 1}","{""start.after_commit"": 1}",354239,294,194,44,0.4409
local,none,1133,0,,,"{""attempt_crash"": 1, ""crash"": 2, ""preempt"": 1, ""stop_fail"": 1}","{""ended.before_forget"": 1, ""stop.before_call"": 1}",92081,146,136,29,0.1756
local,none,1134,0,,,"{""cap_change"": 1, ""start_fail"": 1, ""zombie"": 1}",{},6468,170,129,37,0.1772
local,none,1135,0,,,"{""attempt_lost"": 1, ""cap_change"": 1, ""observe_down"": 1, ""policy_fault"": 1, ""race_cancel"": 1, ""zombie"": 1}",{},83963,162,154,35,0.2036
local,none,1136,0,,,"{""observe_down"": 1}",{},296758,210,175,40,0.2937
local,none,1137,0,,,"{""attempt_lost"": 2, ""crash"": 2, ""store_tx_fail"": 1}","{""ended.before_forget"": 1, ""start.after_call"": 1}",187314,173,147,26,0.1695
local,none,1138,0,,,"{""store_tx_fail"": 1}",{},143334,182,161,34,0.1887
local,none,1139,0,,,"{""crash"": 1, ""node_down"": 1, ""preempt"": 1, ""store_tx_fail"": 1}","{""ended.before_forget"": 1}",220378,189,168,35,0.2105
local,none,1140,0,,,"{""attempt_lost"": 1, ""crash"": 1, ""observe_stale"": 1}","{""ended.before_forget"": 1}",51730,126,111,30,0.1296
local,none,1141,0,,,"{""observe_stale"": 1, ""preempt"": 1, ""stop_fail"": 1}",{},184792,110,103,20,0.1088
local,none,1142,0,,,"{""attempt_crash"": 1, ""node_down"": 1, ""observe_stale"": 1, ""store_tx_fail"": 1}",{},82319,158,145,35,0.1585
local,none,1143,0,,,"{""attempt_crash"": 1, ""cap_change"": 1, ""race_cancel"": 1, ""store_outage"": 1, ""zombie"": 1}",{},135171,110,110,23,0.0884
local,none,1144,0,,,"{""observe_down"": 1, ""stop_fail"": 1}",{},137493,146,124,30,0.1491
local,none,1145,0,,,"{""attempt_lost"": 1, ""cap_change"": 2, ""store_tx_fail"": 1}",{},54700,98,97,21,0.0838
local,none,1146,0,,,"{""preempt"": 1, ""start_fail"": 2}",{},147322,88,90,20,0.0919
local,none,1147,0,,,"{""attempt_lost"": 1, ""crash"": 1, ""preempt"": 1, ""slow_start"": 1, ""store_tx_fail"": 1}","{""stop.before_call"": 1}",178520,104,100,20,0.0858
local,none,1148,0,,,"{""observe_stale"": 3, ""race_cancel"": 1}",{},123274,119,106,24,0.0939
local,none,1149,0,,,"{""crash"": 1, ""observe_stale"": 1, ""start_fail"": 1, ""store_tx_fail"": 1}","{""ended.before_forget"": 1}",188929,170,150,29,0.2028
local,none,1150,0,,,{},{},94765,142,129,30,0.1813
local,none,1151,0,,,"{""node_down"": 2, ""race_cancel"": 1}",{},106020,133,121,25,0.1388
local,none,1152,0,,,"{""store_outage"": 1}",{},145661,190,177,36,0.2495
local,none,1153,0,,,"{""store_outage"": 1, ""store_tx_fail"": 2}",{},4948,162,158,38,0.1941
local,none,1154,0,,,"{""observe_stale"": 1, ""slow_start"": 1, ""store_tx_fail"": 2, ""zombie"": 1}",{},113972,102,101,20,0.0992
local,none,1155,0,,,"{""attempt_crash"": 1, ""cap_change"": 1, ""observe_down"": 1, ""observe_stale"": 1}",{},3906,170,151,34,0.2094
local,none,1156,0,,,"{""preempt"": 2, ""slow_start"": 1}",{},157376,178,150,38,0.1953
local,none,1157,0,,,"{""observe_stale"": 1, ""race_cancel"": 1, ""slow_start"": 1}",{},51904,164,147,32,0.1865
local,none,1158,0,,,"{""crash"": 1, ""observe_stale"": 2, ""policy_fault"": 1, ""store_outage"": 1, ""store_tx_fail"": 1}","{""ended.before_forget"": 1}",80904,202,184,39,0.2982
local,none,1159,0,,,"{""race_cancel"": 1, ""store_outage"": 1, ""store_tx_fail"": 1, ""zombie"": 1}",{},116748,188,151,41,0.2568
local,none,1160,0,,,"{""crash"": 1, ""observe_down"": 1, ""observe_stale"": 1, ""policy_fault"": 2, ""slow_start"": 1}","{""stop.before_call"": 1}",29063,152,148,30,0.1633
local,none,1161,0,,,"{""attempt_lost"": 1, ""race_cancel"": 2, ""slow_start"": 1, ""start_fail"": 1}",{},148650,176,170,33,0.2519
local,none,1162,0,,,"{""node_down"": 1, ""race_cancel"": 1}",{},215328,223,193,39,0.2649
local,none,1163,0,,,"{""policy_fault"": 1, ""slow_start"": 1}",{},126362,174,166,31,0.2343
local,none,1164,0,,,"{""observe_stale"": 1, ""race_cancel"": 3, ""stop_fail"": 1, ""store_tx_fail"": 1}",{},74790,203,189,39,0.289
local,none,1165,0,,,"{""observe_down"": 1, ""preempt"": 1, ""slow_start"": 1, ""zombie"": 1}",{},66636,160,136,34,0.1665
local,none,1166,0,,,"{""policy_fault"": 1}",{},155593,180,161,35,0.2058
local,none,1167,0,,,"{""cap_change"": 1, ""observe_stale"": 1, ""policy_fault"": 1}",{},148580,151,140,32,0.1573
local,none,1168,0,,,"{""crash"": 1, ""node_down"": 1, ""observe_stale"": 1, ""start_fail"": 2}","{""requeue.before_commit"": 1}",42933,152,144,31,0.1663
local,none,1169,0,,,"{""observe_down"": 1, ""observe_stale"": 3, ""zombie"": 1}",{},333372,178,152,35,0.2047
local,none,1170,0,,,"{""observe_down"": 1, ""policy_fault"": 1, ""slow_start"": 1}",{},30001,168,156,36,0.1777
local,none,1171,0,,,"{""crash"": 1, ""observe_down"": 1, ""observe_stale"": 1, ""stop_fail"": 1, ""zombie"": 1}","{""ended.before_forget"": 1}",26044,178,162,36,0.2437
local,none,1172,0,,,"{""crash"": 1, ""observe_down"": 1}","{""ended.before_forget"": 1}",120590,114,104,25,0.1155
local,none,1173,0,,,"{""preempt"": 2, ""race_cancel"": 1, ""slow_start"": 1}",{},151038,198,167,36,0.2593
local,none,1174,0,,,"{""attempt_crash"": 1, ""observe_down"": 1, ""race_cancel"": 1, ""zombie"": 1}",{},113631,149,131,29,0.1748
local,none,1175,0,,,"{""attempt_lost"": 1, ""zombie"": 1}",{},112207,164,121,31,0.1445
local,none,1176,0,,,"{""crash"": 1, ""observe_stale"": 1, ""preempt"": 2, ""store_tx_fail"": 1}","{""stopped.before_commit"": 1}",27387,114,113,25,0.1067
local,none,1177,0,,,{},{},49973,108,95,24,0.1019
local,none,1178,0,,,"{""attempt_lost"": 1, ""node_down"": 1, ""observe_stale"": 1, ""preempt"": 1}",{},96011,182,143,31,0.2045
local,none,1179,0,,,"{""attempt_lost"": 2}",{},191232,180,153,35,0.2003
local,none,1180,0,,,"{""crash"": 2}","{""ended.before_forget"": 1, ""start.after_commit"": 1}",221929,238,188,40,0.3257
local,none,1181,0,,,"{""cap_change"": 1, ""crash"": 1, ""observe_down"": 1, ""policy_fault"": 1, ""store_tx_fail"": 1}","{""start.after_commit"": 1}",134026,168,151,33,0.1868
local,none,1182,0,,,"{""policy_fault"": 1, ""stop_fail"": 1}",{},131492,186,170,39,0.235
local,none,1183,0,,,"{""attempt_crash"": 1, ""policy_fault"": 1, ""start_fail"": 1, ""zombie"": 1}",{},243979,194,158,38,0.2675
local,none,1184,0,,,"{""cap_change"": 1, ""store_outage"": 1}",{},0,140,125,29,0.1402
local,none,1185,0,,,"{""attempt_crash"": 1, ""start_fail"": 1}",{},162427,158,137,31,0.1608
local,none,1186,0,,,"{""attempt_crash"": 1, ""attempt_lost"": 1, ""crash"": 1, ""observe_down"": 1}","{""ended.before_forget"": 1}",181282,168,157,37,0.2203
local,none,1187,0,,,"{""attempt_lost"": 1}",{},174078,106,90,20,0.0855
local,none,1188,0,,,"{""preempt"": 1, ""start_fail"": 1}",{},24297,132,122,24,0.1206
local,none,1189,0,,,"{""cap_change"": 1, ""observe_stale"": 3, ""policy_fault"": 1, ""stop_fail"": 1}",{},300639,206,179,39,0.2618
local,none,1190,0,,,"{""attempt_lost"": 2, ""policy_fault"": 1, ""zombie"": 1}",{},182871,166,136,31,0.1679
local,none,1191,0,,,"{""attempt_crash"": 1}",{},144934,150,136,32,0.1627
local,none,1192,0,,,"{""race_cancel"": 1, ""store_tx_fail"": 1}",{},103474,185,161,35,0.2126
local,none,1193,0,,,"{""attempt_lost"": 1, ""observe_down"": 1, ""observe_stale"": 1}",{},69469,150,142,32,0.158
local,none,1194,0,,,"{""attempt_crash"": 1, ""attempt_lost"": 1, ""cap_change"": 1, ""crash"": 1, ""slow_start"": 1}","{""stop.before_call"": 1}",0,134,120,27,0.1284
local,none,1195,0,,,"{""node_down"": 1, ""slow_start"": 1}",{},189717,133,122,21,0.132
local,none,1196,0,,,"{""slow_start"": 1, ""store_outage"": 1}",{},175551,118,115,25,0.1185
local,none,1197,0,,,"{""attempt_crash"": 1, ""crash"": 1, ""policy_fault"": 1, ""race_cancel"": 1, ""start_fail"": 1, ""stop_fail"": 1}","{""ended.before_forget"": 1}",172083,110,100,23,0.101
local,none,1198,0,,,"{""cap_change"": 1, ""crash"": 1, ""observe_stale"": 1, ""preempt"": 1, ""slow_start"": 1, ""store_tx_fail"": 1}","{""start.after_call"": 1}",10891,122,118,25,0.1106
local,none,1199,0,,,"{""attempt_crash"": 1, ""crash"": 3, ""preempt"": 1, ""zombie"": 1}","{""stopped.before_commit"": 1, ""submit.after_commit"": 2}",326623,232,207,40,0.3161
local,none,1200,0,,,"{""start_fail"": 1}",{},171005,96,93,20,0.0935
local,none,1201,0,,,"{""attempt_lost"": 1, ""crash"": 1, ""node_down"": 1, ""observe_down"": 1, ""preempt"": 1}","{""requeue.before_commit"": 1}",94146,160,143,29,0.1534
local,none,1202,0,,,"{""attempt_crash"": 1, ""node_down"": 1, ""preempt"": 1, ""start_fail"": 2, ""store_outage"": 1}",{},202999,168,171,32,0.2095
local,none,1203,0,,,"{""attempt_lost"": 1, ""crash"": 1, ""slow_start"": 1}","{""start.after_call"": 1}",179182,146,137,30,0.1432
local,none,1204,0,,,"{""policy_fault"": 1, ""race_cancel"": 1, ""store_tx_fail"": 1}",{},194701,131,125,29,0.1166
local,none,1205,0,,,"{""attempt_lost"": 2, ""observe_stale"": 1, ""race_cancel"": 1}",{},78918,92,88,21,0.0673
local,none,1206,0,,,"{""cap_change"": 1, ""node_down"": 1, ""observe_stale"": 1, ""start_fail"": 1, ""zombie"": 1}",{},39786,182,158,31,0.1989
local,none,1207,0,,,"{""observe_down"": 1, ""observe_stale"": 1, ""zombie"": 1}",{},124020,190,139,37,0.1965
local,none,1208,0,,,"{""store_tx_fail"": 1}",{},125421,120,117,26,0.1176
local,none,1209,0,,,"{""observe_stale"": 1}",{},43831,138,108,31,0.1166
local,none,1210,0,,,"{""crash"": 1, ""observe_stale"": 2}","{""stopped.before_commit"": 1}",11198,118,105,22,0.104
local,none,1211,0,,,"{""attempt_crash"": 1, ""start_fail"": 1, ""stop_fail"": 1}",{},54789,94,88,20,0.0742
local,none,1212,0,,,"{""crash"": 1, ""race_cancel"": 1}","{""stopped.before_commit"": 1}",106776,124,116,26,0.1096
local,none,1213,0,,,"{""cap_change"": 1, ""store_tx_fail"": 1}",{},9482,182,163,37,0.1964
local,none,1214,0,,,"{""store_tx_fail"": 1}",{},62167,104,91,20,0.0829
local,none,1215,0,,,"{""attempt_lost"": 1, ""observe_down"": 1, ""observe_stale"": 2}",{},56546,114,104,20,0.0932
local,none,1216,0,,,"{""cap_change"": 1, ""crash"": 1, ""node_down"": 1, ""stop_fail"": 1, ""store_outage"": 1, ""zombie"": 1}","{""start.after_call"": 1}",29137,162,157,37,0.2232
local,none,1217,0,,,"{""attempt_lost"": 1, ""observe_down"": 1, ""policy_fault"": 1, ""race_cancel"": 1, ""zombie"": 1}",{},47455,159,131,34,0.1695
local,none,1218,0,,,"{""observe_down"": 2, ""preempt"": 1, ""slow_start"": 1, ""store_tx_fail"": 1}",{},163134,168,164,34,0.1999
local,none,1219,0,,,"{""cap_change"": 1, ""store_outage"": 2}",{},83152,96,95,22,0.072
local,none,1220,0,,,"{""attempt_lost"": 1, ""observe_stale"": 2, ""race_cancel"": 1}",{},115970,128,124,30,0.1443
local,none,1221,0,,,"{""node_down"": 1, ""race_cancel"": 1, ""start_fail"": 1}",{},140162,215,205,40,0.3337
local,none,1222,0,,,"{""attempt_crash"": 1, ""observe_stale"": 1, ""race_cancel"": 2, ""zombie"": 1}",{},61927,138,112,26,0.1198
local,none,1223,0,,,"{""observe_down"": 1, ""observe_stale"": 1, ""policy_fault"": 1, ""slow_start"": 1, ""store_tx_fail"": 1}",{},58651,146,152,32,0.1574
local,none,1224,0,,,"{""attempt_lost"": 1, ""crash"": 1, ""node_down"": 1, ""stop_fail"": 1, ""store_tx_fail"": 1}","{""requeue.before_commit"": 1}",159262,180,183,35,0.2662
local,none,1225,0,,,"{""attempt_crash"": 1, ""node_down"": 1, ""observe_stale"": 1, ""race_cancel"": 1}",{},75139,128,120,21,0.1462
local,none,1226,0,,,"{""slow_start"": 1, ""zombie"": 1}",{},147237,140,117,25,0.144
local,none,1227,0,,,"{""attempt_lost"": 1, ""crash"": 1, ""observe_stale"": 1, ""store_outage"": 1, ""store_tx_fail"": 1, ""zombie"": 1}","{""submit.after_commit"": 1}",0,168,151,31,0.2142
local,none,1228,0,,,"{""attempt_lost"": 1, ""crash"": 1}","{""start.after_commit"": 1}",145189,128,124,27,0.1241
local,none,1229,0,,,"{""zombie"": 1}",{},144845,180,142,38,0.1946
local,none,1230,0,,,"{""observe_stale"": 1, ""preempt"": 1, ""race_cancel"": 1, ""start_fail"": 1, ""store_tx_fail"": 1}",{},159931,176,157,34,0.2189
local,none,1231,0,,,"{""observe_stale"": 1, ""stop_fail"": 1}",{},96016,174,161,38,0.21
local,none,1232,0,,,"{""attempt_crash"": 1, ""attempt_lost"": 1}",{},54948,126,115,23,0.0998
local,none,1233,0,,,"{""crash"": 1, ""observe_down"": 1}","{""start.after_call"": 1}",92163,100,81,22,0.0775
local,none,1234,0,,,"{""attempt_crash"": 1, ""crash"": 1, ""observe_stale"": 1, ""stop_fail"": 1}","{""submit.after_commit"": 1}",54404,160,143,29,0.1573
local,none,1235,0,,,"{""attempt_crash"": 1, ""crash"": 1, ""node_down"": 1, ""observe_down"": 1, ""policy_fault"": 1, ""zombie"": 1}","{""stop.before_call"": 1}",283379,165,143,32,0.1786
local,none,1236,0,,,"{""cap_change"": 2, ""crash"": 1, ""start_fail"": 1, ""store_outage"": 1}","{""stop.before_call"": 1}",207240,234,200,37,0.2933
local,none,1237,0,,,"{""node_down"": 1, ""preempt"": 1, ""race_cancel"": 1, ""start_fail"": 1}",{},91399,135,125,28,0.1672
local,none,1238,0,,,"{""attempt_lost"": 1, ""observe_stale"": 1, ""preempt"": 1, ""zombie"": 1}",{},92572,186,158,36,0.2356
local,none,1239,0,,,"{""race_cancel"": 1}",{},153423,162,144,33,0.218
local,none,1240,0,,,"{""cap_change"": 1, ""observe_stale"": 1, ""policy_fault"": 1, ""preempt"": 1, ""zombie"": 1}",{},243812,152,118,26,0.1453
local,none,1241,0,,,"{""crash"": 1, ""observe_down"": 2, ""observe_stale"": 1, ""preempt"": 1}","{""requeue.before_commit"": 1}",13888,198,179,37,0.2387
local,none,1242,0,,,"{""observe_stale"": 1, ""policy_fault"": 1}",{},147771,104,99,23,0.1076
local,none,1243,0,,,"{""attempt_lost"": 1}",{},175224,188,155,38,0.2491
local,none,1244,0,,,"{""cap_change"": 1, ""crash"": 1, ""stop_fail"": 1}","{""ended.before_forget"": 1}",173788,194,163,31,0.2176
local,none,1245,0,,,"{""node_down"": 1, ""race_cancel"": 1}",{},267277,229,199,38,0.305
local,none,1246,0,,,"{""attempt_crash"": 1, ""observe_stale"": 1, ""policy_fault"": 1, ""race_cancel"": 1}",{},114152,179,160,36,0.2306
local,none,1247,0,,,"{""crash"": 1, ""policy_fault"": 1, ""zombie"": 3}","{""submit.after_commit"": 1}",105665,244,167,46,0.3347
local,none,1248,0,,,"{""crash"": 1, ""node_down"": 1, ""observe_down"": 1, ""race_cancel"": 2}","{""requeue.before_commit"": 1}",145569,169,162,38,0.2196
local,none,1249,0,,,"{""observe_down"": 1, ""start_fail"": 1}",{},150203,118,112,23,0.1262
local,none,1250,0,,,"{""node_down"": 1, ""observe_down"": 2}",{},71607,174,151,35,0.2059
local,none,1251,0,,,"{""slow_start"": 1, ""store_tx_fail"": 1}",{},150419,132,123,26,0.1265
local,none,1252,0,,,"{""crash"": 1, ""node_down"": 1, ""observe_stale"": 2, ""race_cancel"": 1, ""store_outage"": 1}","{""stopped.before_commit"": 1}",122837,180,195,39,0.2344
local,none,1253,0,,,"{""attempt_crash"": 1, ""cap_change"": 1, ""slow_start"": 1}",{},120986,122,134,23,0.1215
local,none,1254,0,,,"{""attempt_lost"": 1, ""observe_stale"": 1, ""start_fail"": 1, ""zombie"": 1}",{},207027,190,159,33,0.2415
local,none,1255,0,,,"{""attempt_crash"": 1, ""attempt_lost"": 1, ""preempt"": 1}",{},237911,222,175,37,0.2718
local,none,1256,0,,,"{""observe_down"": 1, ""observe_stale"": 1, ""race_cancel"": 1, ""slow_start"": 1}",{},69695,147,864,27,0.4709
local,none,1257,0,,,"{""cap_change"": 1, ""observe_down"": 1, ""race_cancel"": 1, ""start_fail"": 1, ""store_tx_fail"": 1}",{},43685,206,194,37,0.2568
local,none,1258,0,,,"{""crash"": 2, ""race_cancel"": 1, ""zombie"": 1}","{""requeue.before_commit"": 1, ""start.after_commit"": 1}",95968,188,165,36,0.2263
local,none,1259,0,,,"{""attempt_crash"": 1, ""node_down"": 1}",{},100631,90,81,21,0.0689
local,none,1260,0,,,"{""node_down"": 1, ""policy_fault"": 1, ""preempt"": 1}",{},160397,160,141,29,0.1648
local,none,1261,0,,,"{""crash"": 2, ""node_down"": 1, ""observe_down"": 1}","{""requeue.before_commit"": 1, ""start.after_call"": 1}",165984,194,173,39,0.2359
local,none,1262,0,,,"{""crash"": 1, ""observe_stale"": 2, ""start_fail"": 1, ""store_outage"": 1}","{""stop.before_call"": 1}",185876,206,190,40,0.2579
local,none,1263,0,,,"{""attempt_lost"": 1, ""race_cancel"": 1, ""store_tx_fail"": 1}",{},163882,176,163,35,0.1991
local,none,1264,0,,,"{""attempt_lost"": 1, ""observe_down"": 1, ""store_outage"": 1, ""zombie"": 1}",{},123893,210,173,40,0.2928
local,none,1265,0,,,"{""attempt_lost"": 2, ""race_cancel"": 2, ""slow_start"": 1, ""zombie"": 1}",{},100032,162,143,28,0.1806
local,none,1266,0,,,"{""attempt_crash"": 1, ""crash"": 1, ""start_fail"": 1, ""zombie"": 1}","{""start.after_commit"": 1}",65326,132,113,28,0.1066
local,none,1267,0,,,"{""crash"": 1, ""observe_stale"": 1}","{""start.after_call"": 1}",152902,182,164,32,0.1837
local,none,1268,0,,,"{""start_fail"": 1}",{},131588,186,158,39,0.1793
local,none,1269,0,,,"{""observe_stale"": 1, ""preempt"": 1, ""race_cancel"": 2, ""stop_fail"": 1}",{},92766,201,177,34,0.2118
local,none,1270,0,,,"{""attempt_crash"": 1, ""race_cancel"": 1, ""store_outage"": 1}",{},35258,130,116,24,0.1065
local,none,1271,0,,,"{""zombie"": 1}",{},120129,158,130,31,0.1692
local,none,1272,0,,,"{""crash"": 1, ""node_down"": 1, ""observe_stale"": 2, ""store_outage"": 1}","{""stopped.before_commit"": 1}",62734,185,182,35,0.2462
local,none,1273,0,,,"{""observe_stale"": 1, ""slow_start"": 1}",{},79662,154,140,31,0.1802
local,none,1274,0,,,"{""node_down"": 1, ""race_cancel"": 1}",{},103829,123,118,22,0.1075
local,none,1275,0,,,"{""observe_down"": 1, ""policy_fault"": 1, ""race_cancel"": 2}",{},96362,134,118,27,0.1236
local,none,1276,0,,,"{""attempt_lost"": 1, ""store_tx_fail"": 1, ""zombie"": 1}",{},132476,204,170,39,0.2628
local,none,1277,0,,,"{""attempt_crash"": 1, ""crash"": 1, ""zombie"": 1}","{""start.after_call"": 1}",253601,258,183,42,0.2682
local,none,1278,0,,,"{""observe_stale"": 1, ""race_cancel"": 1, ""slow_start"": 2}",{},186021,163,160,32,0.1588
local,none,1279,0,,,"{""crash"": 2, ""observe_stale"": 1, ""zombie"": 1}","{""stop.before_call"": 1, ""submit.after_commit"": 1}",237415,220,186,40,0.2376
local,none,1280,0,,,"{""attempt_lost"": 1, ""observe_down"": 1, ""observe_stale"": 1}",{},48231,128,125,25,0.1366
local,none,1281,0,,,"{""crash"": 1, ""observe_stale"": 2, ""store_outage"": 1}","{""ended.before_forget"": 1}",110945,206,182,36,0.2538
local,none,1282,0,,,"{""policy_fault"": 1, ""slow_start"": 1}",{},114512,124,114,28,0.1058
local,none,1283,0,,,"{""zombie"": 2}",{},254917,176,114,34,0.1479
local,none,1284,0,,,"{""attempt_lost"": 1, ""store_outage"": 1}",{},0,172,138,36,0.1552
local,none,1285,0,,,"{""attempt_crash"": 1, ""cap_change"": 2, ""crash"": 1, ""race_cancel"": 1}","{""stopped.before_commit"": 1}",180733,148,135,27,0.1254
local,none,1286,0,,,"{""observe_stale"": 1, ""race_cancel"": 1}",{},66863,130,121,25,0.1227
local,none,1287,0,,,"{""race_cancel"": 1}",{},161994,164,156,33,0.1907
local,none,1288,0,,,"{""preempt"": 1}",{},184680,166,138,36,0.1442
local,none,1289,0,,,"{""crash"": 1}","{""requeue.before_commit"": 1}",32406,120,119,26,0.1284
local,none,1290,0,,,{},{},208994,198,168,38,0.2223
local,none,1291,0,,,"{""observe_down"": 1, ""policy_fault"": 1, ""start_fail"": 1, ""store_outage"": 1, ""zombie"": 1}",{},38363,112,110,26,0.1132
local,none,1292,0,,,"{""crash"": 1, ""node_down"": 1, ""policy_fault"": 1}","{""requeue.before_commit"": 1}",116364,125,123,23,0.1093
local,none,1293,0,,,"{""attempt_crash"": 1, ""start_fail"": 1}",{},4680,188,157,36,0.2126
local,none,1294,0,,,"{""observe_down"": 1}",{},82362,114,103,28,0.089
local,none,1295,0,,,"{""crash"": 2, ""node_down"": 1, ""observe_stale"": 1, ""slow_start"": 1, ""store_outage"": 1}","{""stop.before_call"": 1, ""submit.after_commit"": 1}",31620,162,163,33,0.1577
local,none,1296,0,,,"{""attempt_crash"": 1, ""observe_stale"": 1, ""policy_fault"": 1, ""start_fail"": 1, ""store_outage"": 1}",{},104510,134,130,30,0.1306
local,none,1297,0,,,"{""attempt_crash"": 1, ""crash"": 1, ""observe_stale"": 1}","{""requeue.before_commit"": 1}",158244,172,159,34,0.194
local,none,1298,0,,,"{""start_fail"": 1, ""zombie"": 1}",{},55399,134,92,27,0.1047
local,none,1299,0,,,"{""crash"": 1, ""observe_down"": 1, ""preempt"": 1, ""race_cancel"": 1}","{""requeue.before_commit"": 1}",142319,194,155,34,0.1927
local,none,1300,0,,,"{""observe_stale"": 2, ""stop_fail"": 1}",{},128577,96,102,20,0.0837
local,none,1301,0,,,"{""attempt_lost"": 1, ""crash"": 1, ""store_outage"": 1, ""store_tx_fail"": 1, ""zombie"": 1}","{""requeue.before_commit"": 1}",162832,212,174,39,0.2467
local,none,1302,0,,,"{""race_cancel"": 1, ""stop_fail"": 1, ""zombie"": 1}",{},75081,146,121,30,0.1233
local,none,1303,0,,,"{""crash"": 2, ""node_down"": 1, ""stop_fail"": 1, ""store_tx_fail"": 1, ""zombie"": 1}","{""requeue.before_commit"": 1, ""stop.before_call"": 1}",227122,236,159,41,0.2559
local,none,1304,0,,,"{""attempt_lost"": 1, ""race_cancel"": 1}",{},78881,118,113,26,0.1289
local,none,1305,0,,,"{""node_down"": 1, ""observe_down"": 1, ""zombie"": 1}",{},105305,217,198,39,0.2543
local,none,1306,0,,,"{""policy_fault"": 1}",{},149930,185,169,39,0.2111
local,none,1307,0,,,"{""cap_change"": 1, ""crash"": 1, ""stop_fail"": 1}","{""stopped.before_commit"": 1}",116867,164,141,33,0.1602
local,none,1308,0,,,"{""crash"": 1}","{""submit.after_commit"": 1}",107435,172,147,35,0.1412
local,none,1309,0,,,"{""cap_change"": 1, ""crash"": 1, ""preempt"": 1, ""race_cancel"": 1, ""slow_start"": 1, ""start_fail"": 1}","{""stopped.before_commit"": 1}",114144,152,147,29,0.1588
local,none,1310,0,,,"{""race_cancel"": 1, ""store_tx_fail"": 1, ""zombie"": 1}",{},55060,122,93,25,0.0977
local,none,1311,0,,,"{""observe_stale"": 1, ""race_cancel"": 1, ""start_fail"": 1, ""store_outage"": 1, ""store_tx_fail"": 2}",{},133234,176,169,32,0.2013
local,none,1312,0,,,"{""observe_down"": 1, ""race_cancel"": 1, ""start_fail"": 1, ""zombie"": 1}",{},63657,123,105,28,0.1077
local,none,1313,0,,,"{""attempt_crash"": 1, ""crash"": 1, ""observe_stale"": 1, ""store_tx_fail"": 1}","{""ended.before_forget"": 1}",105775,116,111,20,0.0917
local,none,1314,0,,,"{""crash"": 2, ""node_down"": 1, ""observe_stale"": 1, ""zombie"": 1}","{""start.after_call"": 1, ""stop.before_call"": 1}",241561,164,136,31,0.1661
local,none,1315,0,,,"{""start_fail"": 1}",{},326756,214,188,40,0.2164
local,none,1316,0,,,"{""attempt_crash"": 1, ""crash"": 1, ""observe_down"": 1, ""observe_stale"": 1}","{""submit.after_commit"": 1}",118459,184,164,35,0.2097
local,none,1317,0,,,"{""node_down"": 1, ""observe_stale"": 1, ""slow_start"": 1}",{},91342,140,140,28,0.1486
local,none,1318,0,,,"{""node_down"": 1}",{},121804,122,110,23,0.0956
local,none,1319,0,,,"{""crash"": 1}","{""requeue.before_commit"": 1}",237384,206,159,31,0.1952
local,none,1320,0,,,"{""node_down"": 1, ""observe_stale"": 1, ""policy_fault"": 1, ""slow_start"": 1, ""zombie"": 2}",{},124408,124,115,26,0.1171
local,none,1321,0,,,"{""attempt_lost"": 1, ""node_down"": 1, ""stop_fail"": 2, ""store_outage"": 1}",{},105798,101,125,21,0.0834
local,none,1322,0,,,"{""observe_stale"": 1, ""policy_fault"": 1, ""preempt"": 1, ""store_outage"": 1}",{},140780,184,177,34,0.1808
local,none,1323,0,,,"{""cap_change"": 1, ""race_cancel"": 1, ""zombie"": 1}",{},232045,216,174,42,0.2308
local,none,1324,0,,,"{""preempt"": 1, ""slow_start"": 1, ""store_tx_fail"": 1}",{},89993,106,99,23,0.0835
local,none,1325,0,,,"{""crash"": 1, ""preempt"": 1}","{""requeue.before_commit"": 1}",174433,186,161,32,0.178
local,none,1326,0,,,"{""start_fail"": 1, ""store_outage"": 1, ""zombie"": 3}",{},134918,184,112,41,0.1819
local,none,1327,0,,,"{""crash"": 1}","{""requeue.before_commit"": 1}",83623,164,143,32,0.1459
local,none,1328,0,,,"{""attempt_crash"": 1, ""race_cancel"": 2, ""store_tx_fail"": 1}",{},122924,142,123,26,0.1055
local,none,1329,0,,,"{""attempt_lost"": 1, ""policy_fault"": 2, ""start_fail"": 1, ""zombie"": 1}",{},88725,136,114,28,0.11
local,none,1330,0,,,"{""cap_change"": 1, ""observe_stale"": 1, ""store_tx_fail"": 1}",{},12038,170,147,29,0.1562
local,none,1331,0,,,"{""attempt_lost"": 1, ""zombie"": 1}",{},145738,182,126,35,0.1618
local,none,1332,0,,,"{""zombie"": 1}",{},298795,210,171,41,0.2387
local,none,1333,0,,,"{""attempt_crash"": 1, ""cap_change"": 1, ""policy_fault"": 1, ""store_tx_fail"": 1}",{},86400,148,137,30,0.1533
local,none,1334,0,,,"{""crash"": 1, ""policy_fault"": 1, ""stop_fail"": 1, ""zombie"": 3}","{""ended.before_forget"": 1}",146007,164,121,35,0.1598
local,none,1335,0,,,"{""attempt_crash"": 1, ""observe_stale"": 2, ""race_cancel"": 1, ""stop_fail"": 1}",{},153514,208,187,39,0.2163
local,none,1336,0,,,"{""crash"": 1}","{""requeue.before_commit"": 1}",123898,188,166,35,0.2241
local,none,1337,0,,,"{""crash"": 1, ""preempt"": 1}","{""start.after_call"": 1}",177546,180,159,35,0.1916
local,none,1338,0,,,"{""attempt_crash"": 3, ""slow_start"": 1}",{},147664,206,192,36,0.2206
local,none,1339,0,,,"{""crash"": 1, ""race_cancel"": 1}","{""ended.before_forget"": 1}",105439,167,141,34,0.1704
local,none,1340,0,,,"{""node_down"": 1, ""observe_stale"": 1, ""race_cancel"": 1, ""store_tx_fail"": 1}",{},339418,167,147,30,0.1631
local,none,1341,0,,,"{""attempt_crash"": 1, ""crash"": 1}","{""start.after_call"": 1}",152524,120,106,23,0.0997
local,none,1342,0,,,"{""cap_change"": 1, ""crash"": 1, ""observe_down"": 1, ""observe_stale"": 1, ""start_fail"": 1, ""zombie"": 1}","{""ended.before_forget"": 1}",105796,142,139,33,0.143
local,none,1343,0,,,"{""crash"": 1, ""store_outage"": 1}","{""submit.after_commit"": 1}",169663,108,97,23,0.0712
local,none,1344,0,,,"{""zombie"": 1}",{},252945,202,161,40,0.2072
local,none,1345,0,,,"{""attempt_crash"": 1, ""observe_down"": 1, ""observe_stale"": 1, ""stop_fail"": 1, ""store_tx_fail"": 1}",{},93069,146,133,31,0.139
local,none,1346,0,,,"{""cap_change"": 1, ""observe_stale"": 1, ""race_cancel"": 2, ""store_tx_fail"": 1}",{},73360,113,103,21,0.0826
local,none,1347,0,,,"{""attempt_lost"": 1, ""observe_down"": 1, ""race_cancel"": 1, ""slow_start"": 1}",{},180505,210,201,40,0.2985
local,none,1348,0,,,"{""node_down"": 1, ""policy_fault"": 1, ""slow_start"": 1, ""store_outage"": 1}",{},207534,220,197,40,0.2714
local,none,1349,0,,,"{""cap_change"": 1, ""observe_down"": 1, ""zombie"": 3}",{},150614,160,109,37,0.1657
local,none,1350,0,,,"{""crash"": 2, ""node_down"": 1, ""observe_stale"": 1, ""slow_start"": 2}","{""start.after_call"": 1, ""start.after_commit"": 1}",164652,195,199,33,0.249
local,none,1351,0,,,"{""crash"": 1, ""observe_stale"": 1}","{""submit.after_commit"": 1}",116084,162,148,35,0.1523
local,none,1352,0,,,"{""attempt_lost"": 1, ""crash"": 1, ""zombie"": 1}","{""start.after_call"": 1}",126097,140,99,29,0.0897
local,none,1353,0,,,"{""crash"": 1}","{""stopped.before_commit"": 1}",149428,172,153,33,0.1964
local,none,1354,0,,,"{""crash"": 1, ""observe_down"": 1}","{""start.after_commit"": 1}",145248,188,158,32,0.2146
local,none,1355,0,,,"{""cap_change"": 1, ""policy_fault"": 1, ""store_tx_fail"": 1}",{},70420,206,186,38,0.2415
local,none,1356,0,,,"{""crash"": 1, ""observe_stale"": 1, ""policy_fault"": 1, ""slow_start"": 1}","{""submit.after_commit"": 1}",304821,172,161,32,0.174
local,none,1357,0,,,"{""attempt_lost"": 1, ""store_outage"": 1, ""zombie"": 1}",{},120464,140,128,31,0.1468
local,none,1358,0,,,"{""cap_change"": 1, ""start_fail"": 1, ""stop_fail"": 1, ""store_outage"": 1}",{},91869,128,127,26,0.1205
local,none,1359,0,,,"{""node_down"": 1, ""race_cancel"": 1}",{},101163,149,143,25,0.1439
local,none,1360,0,,,"{""crash"": 2, ""node_down"": 1, ""race_cancel"": 1, ""store_tx_fail"": 1}","{""start.after_call"": 1, ""submit.after_commit"": 1}",156057,110,105,25,0.0851
local,none,1361,0,,,"{""cap_change"": 1, ""observe_stale"": 1, ""policy_fault"": 1, ""start_fail"": 1, ""store_outage"": 1, ""store_tx_fail"": 1}",{},91981,148,151,30,0.1416
local,none,1362,0,,,"{""crash"": 1, ""node_down"": 1, ""policy_fault"": 1, ""preempt"": 1, ""store_tx_fail"": 1}","{""start.after_call"": 1}",233186,196,174,40,0.2302
local,none,1363,0,,,"{""crash"": 1, ""slow_start"": 1}","{""ended.before_forget"": 1}",33797,84,76,21,0.0672
local,none,1364,0,,,"{""observe_down"": 1, ""observe_stale"": 1, ""store_outage"": 1}",{},173605,159,2101,33,1.888
local,none,1365,0,,,"{""crash"": 1, ""node_down"": 1}","{""start.after_commit"": 1}",5129,113,103,23,0.1049
local,none,1366,0,,,"{""observe_down"": 1}",{},0,162,134,33,0.1685
local,none,1367,0,,,"{""cap_change"": 1, ""race_cancel"": 1, ""store_outage"": 1}",{},120031,84,79,20,0.0673
local,none,1368,0,,,"{""attempt_crash"": 1, ""cap_change"": 1, ""observe_stale"": 1, ""stop_fail"": 1, ""zombie"": 1}",{},121956,190,143,41,0.2127
local,none,1369,0,,,"{""node_down"": 1}",{},144027,205,174,40,0.2281
local,none,1370,0,,,"{""observe_stale"": 2, ""preempt"": 1, ""stop_fail"": 1, ""zombie"": 1}",{},188214,260,181,44,0.3511
local,none,1371,0,,,"{""cap_change"": 1, ""preempt"": 1, ""race_cancel"": 1, ""store_tx_fail"": 1}",{},221456,126,116,28,0.115
local,none,1372,0,,,"{""race_cancel"": 1}",{},173188,160,135,31,0.1486
local,none,1373,0,,,"{""zombie"": 1}",{},152109,140,105,31,0.1603
local,none,1374,0,,,"{""attempt_crash"": 1, ""attempt_lost"": 1, ""crash"": 1, ""slow_start"": 1, ""start_fail"": 1, ""zombie"": 1}","{""start.after_call"": 1}",100915,130,106,25,0.1374
local,none,1375,0,,,"{""crash"": 1, ""race_cancel"": 2, ""store_outage"": 1}","{""start.after_commit"": 1}",113268,107,103,22,0.1057
local,none,1376,0,,,"{""crash"": 1, ""observe_stale"": 1, ""store_outage"": 1, ""store_tx_fail"": 1, ""zombie"": 2}","{""ended.before_forget"": 1}",44874,156,141,37,0.2047
local,none,1377,0,,,"{""attempt_crash"": 1, ""cap_change"": 1, ""race_cancel"": 2, ""zombie"": 1}",{},173222,212,168,40,0.2489
local,none,1378,0,,,"{""attempt_crash"": 1, ""cap_change"": 1, ""policy_fault"": 1, ""start_fail"": 1, ""stop_fail"": 1, ""zombie"": 1}",{},238611,194,160,39,0.2939
local,none,1379,0,,,"{""policy_fault"": 1, ""start_fail"": 1}",{},165971,98,94,21,0.0948
local,none,1380,0,,,"{""crash"": 1, ""race_cancel"": 1, ""zombie"": 1}","{""start.after_commit"": 1}",166062,161,127,35,0.2049
local,none,1381,0,,,"{""attempt_lost"": 1, ""crash"": 2}","{""stopped.before_commit"": 2}",97787,120,101,24,0.1118
local,none,1382,0,,,"{""attempt_lost"": 1, ""crash"": 1, ""slow_start"": 1, ""store_tx_fail"": 2, ""zombie"": 1}","{""start.after_call"": 1}",219612,176,162,37,0.2298
local,none,1383,0,,,"{""attempt_lost"": 1, ""preempt"": 2, ""start_fail"": 1}",{},152929,148,135,23,0.163
local,none,1384,0,,,"{""attempt_lost"": 1, ""node_down"": 2, ""observe_stale"": 1, ""preempt"": 1, ""store_tx_fail"": 1}",{},184305,158,133,28,0.1757
local,none,1385,0,,,"{""cap_change"": 1, ""crash"": 1, ""observe_stale"": 1, ""store_tx_fail"": 1, ""zombie"": 1}","{""start.after_call"": 1}",0,150,133,29,0.1949
local,none,1386,0,,,"{""attempt_lost"": 2, ""node_down"": 1, ""observe_down"": 1, ""observe_stale"": 1, ""zombie"": 1}",{},150538,176,142,37,0.2113
local,none,1387,0,,,"{""attempt_lost"": 1, ""cap_change"": 1, ""node_down"": 1, ""slow_start"": 1, ""store_outage"": 2}",{},142470,139,158,25,0.168
local,none,1388,0,,,"{""store_tx_fail"": 1}",{},39017,104,102,26,0.1196
local,none,1389,0,,,"{""attempt_crash"": 1, ""crash"": 2, ""slow_start"": 2, ""store_tx_fail"": 1}","{""requeue.before_commit"": 1, ""submit.after_commit"": 1}",178814,184,181,38,0.2546
local,none,1390,0,,,"{""cap_change"": 1, ""preempt"": 1, ""store_outage"": 1, ""zombie"": 2}",{},164366,218,138,41,5.9758
local,none,1391,0,,,"{""crash"": 1, ""node_down"": 1, ""stop_fail"": 1}","{""requeue.before_commit"": 1}",41983,125,115,24,0.1305
local,none,1392,0,,,"{""zombie"": 1}",{},148868,172,140,35,0.227
local,none,1393,0,,,"{""crash"": 3, ""observe_down"": 1, ""store_tx_fail"": 1}","{""requeue.before_commit"": 1, ""start.after_commit"": 1, ""submit.after_commit"": 1}",143231,202,183,39,0.2671
local,none,1394,0,,,"{""observe_stale"": 1, ""stop_fail"": 1}",{},203323,212,173,38,0.2701
local,none,1395,0,,,"{""attempt_lost"": 2, ""observe_down"": 1}",{},174070,110,99,21,0.1211
local,none,1396,0,,,"{""node_down"": 1, ""preempt"": 1, ""zombie"": 1}",{},148852,137,119,27,0.1748
local,none,1397,0,,,"{""attempt_lost"": 1}",{},91086,132,109,26,0.1486
local,none,1398,0,,,"{""crash"": 1, ""observe_stale"": 1, ""race_cancel"": 1, ""zombie"": 1}","{""ended.before_forget"": 1}",216159,174,140,38,0.1901
local,none,1399,0,,,"{""crash"": 1, ""observe_stale"": 1, ""store_tx_fail"": 2, ""zombie"": 1}","{""start.after_commit"": 1}",82015,138,96,30,0.1176
local,none,1400,0,,,"{""zombie"": 1}",{},134101,216,175,40,0.2725
local,none,1401,0,,,"{""attempt_crash"": 1, ""crash"": 1, ""preempt"": 1, ""race_cancel"": 1, ""slow_start"": 1}","{""start.after_call"": 1}",177414,142,134,29,0.1658
local,none,1402,0,,,"{""crash"": 1, ""store_tx_fail"": 1}","{""start.after_commit"": 1}",163448,122,117,22,0.1135
local,none,1403,0,,,"{""attempt_lost"": 1, ""observe_down"": 1, ""observe_stale"": 1, ""preempt"": 1, ""start_fail"": 1}",{},56419,136,129,26,0.1282
local,none,1404,0,,,"{""cap_change"": 1, ""observe_stale"": 1, ""preempt"": 1, ""race_cancel"": 1}",{},72824,126,111,28,0.1233
local,none,1405,0,,,"{""crash"": 1, ""observe_stale"": 1, ""zombie"": 1}","{""start.after_commit"": 1}",419831,164,123,30,0.1447
local,none,1406,0,,,"{""attempt_crash"": 1, ""attempt_lost"": 1, ""stop_fail"": 1, ""store_tx_fail"": 1}",{},52102,200,176,38,0.2689
local,none,1407,0,,,"{""node_down"": 1, ""observe_stale"": 2, ""race_cancel"": 1, ""slow_start"": 1, ""stop_fail"": 1}",{},65209,160,150,34,0.1703
local,none,1408,0,,,"{""cap_change"": 1, ""crash"": 1, ""observe_down"": 1}","{""start.after_call"": 1}",133097,152,139,30,0.1597
local,none,1409,0,,,"{""observe_down"": 1, ""slow_start"": 1}",{},212865,214,168,37,0.3034
local,none,1410,0,,,"{""attempt_crash"": 1, ""crash"": 1, ""node_down"": 1, ""observe_stale"": 1, ""store_outage"": 1}","{""ended.before_forget"": 1}",67833,105,116,20,0.0928
local,none,1411,0,,,"{""store_tx_fail"": 1}",{},146402,166,166,37,0.1932
local,none,1412,0,,,"{""race_cancel"": 1}",{},70023,113,96,23,0.1035
local,none,1413,0,,,"{""observe_down"": 1}",{},92417,184,161,37,0.2023
local,none,1414,0,,,"{""observe_down"": 1, ""preempt"": 2, ""zombie"": 1}",{},172536,196,185,42,0.328
local,none,1415,0,,,"{""crash"": 1, ""observe_stale"": 1, ""policy_fault"": 1, ""preempt"": 1, ""slow_start"": 1, ""start_fail"": 1}","{""requeue.before_commit"": 1}",297990,212,204,36,0.2627
local,none,1416,0,,,"{""cap_change"": 1, ""crash"": 1, ""race_cancel"": 1, ""start_fail"": 2}","{""stopped.before_commit"": 1}",180531,190,171,37,0.2273
local,none,1417,0,,,"{""attempt_crash"": 1, ""crash"": 1, ""observe_stale"": 1, ""slow_start"": 1, ""start_fail"": 1, ""zombie"": 1}","{""start.after_commit"": 1}",80088,92,97,21,0.0796
local,none,1418,0,,,"{""node_down"": 1, ""policy_fault"": 1}",{},153987,182,155,35,0.2504
local,none,1419,0,,,"{""cap_change"": 1, ""crash"": 1, ""observe_down"": 2, ""observe_stale"": 1, ""start_fail"": 1}","{""start.after_call"": 1}",145714,191,173,40,0.2619
local,none,1420,0,,,"{""attempt_crash"": 1, ""cap_change"": 1, ""observe_stale"": 1}",{},159222,168,145,32,0.1768
local,none,1421,0,,,"{""start_fail"": 1}",{},166924,190,169,40,0.2464
local,none,1422,0,,,"{""race_cancel"": 1, ""start_fail"": 1}",{},71824,153,140,32,0.1724
local,none,1423,0,,,"{""crash"": 2, ""observe_stale"": 3}","{""requeue.before_commit"": 1, ""start.after_call"": 1}",140750,146,139,30,0.1665
local,none,1424,0,,,"{""observe_stale"": 2}",{},15001,154,141,31,0.1585
local,none,1425,0,,,"{""attempt_crash"": 2, ""crash"": 1, ""node_down"": 1, ""observe_stale"": 1}","{""submit.after_commit"": 1}",212636,194,162,33,0.2225
local,none,1426,0,,,"{""node_down"": 1, ""preempt"": 1, ""store_outage"": 1, ""store_tx_fail"": 1}",{},145831,104,101,20,0.1004
local,none,1427,0,,,"{""node_down"": 1, ""policy_fault"": 1, ""preempt"": 1, ""race_cancel"": 1, ""stop_fail"": 1}",{},109990,127,126,26,0.1296
local,none,1428,0,,,"{""stop_fail"": 1, ""zombie"": 1}",{},168424,160,116,32,0.1637
local,none,1429,0,,,"{""preempt"": 1}",{},133889,170,142,31,0.2192
local,none,1430,0,,,"{""attempt_lost"": 1, ""race_cancel"": 1, ""start_fail"": 2}",{},125834,200,175,40,0.2604
local,none,1431,0,,,"{""attempt_crash"": 1, ""store_outage"": 1, ""zombie"": 2}",{},175602,172,145,32,1.5289
local,none,1432,0,,,"{""node_down"": 1, ""stop_fail"": 1, ""store_tx_fail"": 1}",{},159048,187,174,39,0.2521
local,none,1433,0,,,"{""attempt_crash"": 1, ""cap_change"": 1, ""zombie"": 1}",{},99773,152,124,28,0.1569
local,none,1434,0,,,"{""preempt"": 2, ""race_cancel"": 1, ""slow_start"": 1}",{},92559,136,133,23,0.132
local,none,1435,0,,,"{""observe_down"": 1, ""preempt"": 1, ""race_cancel"": 1, ""zombie"": 2}",{},94363,142,119,30,0.1641
local,none,1436,0,,,"{""observe_stale"": 1, ""race_cancel"": 1, ""start_fail"": 1, ""zombie"": 1}",{},309154,212,164,36,0.2593
local,none,1437,0,,,"{""policy_fault"": 1, ""race_cancel"": 1}",{},79986,172,147,34,0.2063
local,none,1438,0,,,"{""attempt_crash"": 1, ""cap_change"": 1, ""policy_fault"": 1, ""start_fail"": 1, ""zombie"": 1}",{},281086,192,145,33,0.2375
local,none,1439,0,,,"{""crash"": 3, ""start_fail"": 1}","{""ended.before_forget"": 1, ""start.after_commit"": 1, ""stopped.before_commit"": 1}",188827,206,187,39,0.2852
local,none,1440,0,,,"{""observe_down"": 1, ""observe_stale"": 1, ""race_cancel"": 1, ""zombie"": 1}",{},119829,118,91,26,0.1016
local,none,1441,0,,,"{""attempt_lost"": 1, ""observe_stale"": 1, ""slow_start"": 1}",{},31354,120,113,27,0.1157
local,none,1442,0,,,"{""cap_change"": 1, ""node_down"": 2, ""race_cancel"": 1}",{},57672,117,108,23,0.1199
local,none,1443,0,,,"{""attempt_crash"": 1, ""cap_change"": 1, ""crash"": 1, ""policy_fault"": 1, ""stop_fail"": 1}","{""requeue.before_commit"": 1}",165636,216,198,40,0.2927
local,none,1444,0,,,"{""observe_stale"": 1, ""policy_fault"": 2, ""slow_start"": 1, ""zombie"": 1}",{},140286,201,167,38,0.2637
local,none,1445,0,,,"{""attempt_crash"": 1, ""observe_stale"": 1}",{},72012,206,170,39,0.2429
local,none,1446,0,,,"{""attempt_crash"": 1, ""node_down"": 1, ""stop_fail"": 1, ""store_tx_fail"": 1}",{},106276,157,151,29,0.1477
local,none,1447,0,,,"{""start_fail"": 1}",{},158215,210,182,39,0.2612
local,none,1448,0,,,"{""race_cancel"": 1}",{},339834,205,166,36,0.2343
local,none,1449,0,,,"{""observe_down"": 1, ""observe_stale"": 1, ""policy_fault"": 1, ""stop_fail"": 1, ""store_outage"": 1, ""zombie"": 1}",{},99042,156,133,33,0.1497
local,none,1450,0,,,"{""cap_change"": 1, ""crash"": 1, ""start_fail"": 1, ""store_outage"": 1}","{""stopped.before_commit"": 1}",169555,120,108,24,0.0986
local,none,1451,0,,,"{""crash"": 1, ""observe_down"": 1, ""preempt"": 1, ""slow_start"": 1, ""start_fail"": 1}","{""ended.before_forget"": 1}",150496,128,128,28,0.117
local,none,1452,0,,,"{""observe_stale"": 1, ""policy_fault"": 1, ""zombie"": 2}",{},263533,243,183,42,0.3234
local,none,1453,0,,,"{""attempt_lost"": 1, ""crash"": 2, ""observe_stale"": 1, ""zombie"": 2}","{""start.after_call"": 2}",332075,178,129,31,0.199
local,none,1454,0,,,"{""stop_fail"": 1}",{},157706,120,110,26,0.1049
local,none,1455,0,,,"{""slow_start"": 1, ""start_fail"": 2}",{},81301,98,89,20,0.0658
local,none,1456,0,,,"{""race_cancel"": 1, ""store_tx_fail"": 1}",{},227295,218,161,40,0.2109
local,none,1457,0,,,"{""attempt_lost"": 1, ""observe_down"": 1, ""race_cancel"": 1, ""store_outage"": 1, ""zombie"": 1}",{},101414,169,15580,34,12.7347
local,none,1458,0,,,"{""attempt_crash"": 1, ""observe_down"": 1}",{},74079,102,89,20,0.0858
local,none,1459,0,,,"{""node_down"": 1, ""observe_stale"": 1}",{},243944,208,172,40,0.2605
local,none,1460,0,,,"{""observe_down"": 1, ""observe_stale"": 1, ""stop_fail"": 1}",{},67612,92,84,20,0.0615
local,none,1461,0,,,"{""observe_stale"": 1}",{},139022,100,88,21,0.0762
local,none,1462,0,,,"{""cap_change"": 1, ""observe_down"": 1, ""observe_stale"": 2, ""policy_fault"": 1, ""zombie"": 1}",{},161436,178,156,35,0.1761
local,none,1463,0,,,"{""zombie"": 1}",{},144709,193,157,40,0.2189
local,none,1464,0,,,"{""cap_change"": 2, ""observe_stale"": 1, ""store_tx_fail"": 1}",{},0,106,98,21,0.0792
local,none,1465,0,,,"{""crash"": 1, ""node_down"": 1, ""policy_fault"": 1}","{""start.after_call"": 1}",32358,96,99,21,0.0753
local,none,1466,0,,,"{""policy_fault"": 1, ""slow_start"": 1}",{},171378,118,107,23,0.0966
local,none,1467,0,,,"{""cap_change"": 1, ""observe_stale"": 1, ""start_fail"": 1, ""store_outage"": 1}",{},36027,166,157,33,0.1575
local,none,1468,0,,,"{""cap_change"": 1, ""crash"": 1}","{""start.after_commit"": 1}",0,188,167,35,0.1949
local,none,1469,0,,,"{""attempt_lost"": 1, ""crash"": 1, ""race_cancel"": 1, ""start_fail"": 1, ""store_outage"": 1}","{""start.after_commit"": 1}",114294,102,95,23,0.0901
local,none,1470,0,,,"{""observe_stale"": 1, ""store_outage"": 1, ""store_tx_fail"": 2, ""zombie"": 1}",{},154937,180,174,36,0.2077
local,none,1471,0,,,"{""slow_start"": 1}",{},111321,190,165,38,0.2085
local,none,1472,0,,,"{""attempt_lost"": 1, ""node_down"": 1, ""race_cancel"": 1}",{},11799,112,106,22,0.0912
local,none,1473,0,,,"{""observe_down"": 1, ""race_cancel"": 1, ""stop_fail"": 1, ""store_outage"": 1, ""store_tx_fail"": 1, ""zombie"": 1}",{},57383,154,137,32,0.1375
local,none,1474,0,,,"{""observe_stale"": 1, ""race_cancel"": 3, ""start_fail"": 1}",{},49008,122,113,21,0.0894
local,none,1475,0,,,"{""attempt_lost"": 1, ""node_down"": 1, ""policy_fault"": 1, ""preempt"": 1, ""race_cancel"": 1}",{},42576,143,134,28,0.1438
local,none,1476,0,,,"{""attempt_crash"": 1}",{},98084,160,142,34,0.1737
local,none,1477,0,,,"{""crash"": 1, ""observe_stale"": 1, ""start_fail"": 1, ""store_outage"": 2}","{""start.after_call"": 1}",24352,166,174,33,0.2228
local,none,1478,0,,,"{""attempt_crash"": 2, ""stop_fail"": 1, ""store_outage"": 1}",{},32505,116,117,26,0.1091
local,none,1479,0,,,"{""crash"": 1, ""observe_stale"": 1, ""policy_fault"": 1, ""preempt"": 1, ""race_cancel"": 1, ""stop_fail"": 1}","{""stop.before_call"": 1}",0,138,132,27,0.1425
local,none,1480,0,,,"{""observe_down"": 1}",{},159616,136,121,28,0.1222
local,none,1481,0,,,"{""observe_stale"": 1, ""preempt"": 1, ""stop_fail"": 1, ""store_tx_fail"": 2}",{},53286,108,104,23,0.0935
local,none,1482,0,,,"{""crash"": 1, ""node_down"": 1}","{""submit.after_commit"": 1}",173655,174,157,38,0.2033
local,none,1483,0,,,"{""attempt_crash"": 1, ""crash"": 1, ""policy_fault"": 1, ""race_cancel"": 1}","{""stop.before_call"": 1}",55204,108,111,24,0.1165
local,none,1484,0,,,"{""policy_fault"": 1}",{},99181,152,135,32,0.17
local,none,1485,0,,,"{""observe_down"": 1}",{},59053,190,152,40,0.2279
local,none,1486,0,,,"{""node_down"": 1, ""start_fail"": 1, ""store_tx_fail"": 1}",{},166693,173,163,35,0.2182
local,none,1487,0,,,"{""crash"": 1, ""observe_stale"": 1, ""store_tx_fail"": 1}","{""submit.after_commit"": 1}",1072,102,98,22,0.0844
local,none,1488,0,,,"{""observe_stale"": 1, ""race_cancel"": 1, ""slow_start"": 1, ""start_fail"": 1, ""store_outage"": 1}",{},90524,165,162,36,0.202
local,none,1489,0,,,"{""attempt_crash"": 1, ""cap_change"": 1, ""crash"": 2, ""observe_stale"": 1, ""slow_start"": 1}","{""ended.before_forget"": 1, ""stopped.before_commit"": 1}",148008,104,95,20,0.1061
local,none,1490,0,,,"{""start_fail"": 1, ""stop_fail"": 1}",{},131123,152,137,30,0.1671
local,none,1491,0,,,"{""stop_fail"": 1}",{},122719,194,164,37,0.2393
local,none,1492,0,,,"{""preempt"": 1, ""store_tx_fail"": 1}",{},196150,106,95,23,0.0909
local,none,1493,0,,,"{""observe_down"": 1, ""zombie"": 2}",{},127183,156,129,31,0.1509
local,none,1494,0,,,"{""attempt_lost"": 1}",{},121439,114,103,23,0.0965
local,none,1495,0,,,"{""attempt_crash"": 1, ""policy_fault"": 2}",{},180275,104,96,22,0.0927
local,none,1496,0,,,"{""race_cancel"": 1, ""zombie"": 1}",{},166435,166,125,30,0.1877
local,none,1497,0,,,"{""cap_change"": 1, ""race_cancel"": 1}",{},154563,142,127,30,0.1542
local,none,1498,0,,,"{""attempt_lost"": 1, ""cap_change"": 1, ""node_down"": 1, ""observe_stale"": 2, ""policy_fault"": 1}",{},132849,172,151,38,0.1908
local,none,1499,0,,,"{""crash"": 1, ""slow_start"": 1, ""start_fail"": 1}","{""ended.before_forget"": 1}",166102,166,164,33,0.2148
local,none,1500,0,,,"{""crash"": 1, ""node_down"": 1, ""observe_down"": 1, ""race_cancel"": 1}","{""submit.after_commit"": 1}",114817,195,174,38,0.2275
local,none,1501,0,,,{},{},72176,115,104,24,0.1048
local,none,1502,0,,,"{""observe_stale"": 1, ""race_cancel"": 1}",{},156781,131,120,24,0.1378
local,none,1503,0,,,"{""node_down"": 1, ""policy_fault"": 1, ""preempt"": 1, ""race_cancel"": 1, ""slow_start"": 1}",{},53530,162,164,30,0.2468
local,none,1504,0,,,"{""attempt_lost"": 1, ""start_fail"": 1, ""zombie"": 1}",{},78445,108,86,24,0.0947
local,none,1505,0,,,"{""race_cancel"": 2, ""start_fail"": 2, ""store_outage"": 1, ""zombie"": 1}",{},167530,131,127,29,0.1581
local,none,1506,0,,,"{""crash"": 2, ""race_cancel"": 1, ""start_fail"": 1, ""zombie"": 2}","{""requeue.before_commit"": 1, ""stopped.before_commit"": 1}",289517,220,182,46,0.3123
local,none,1507,0,,,"{""node_down"": 1, ""observe_down"": 1, ""start_fail"": 1, ""store_outage"": 1}",{},234071,124,117,25,0.14
local,none,1508,0,,,"{""stop_fail"": 1}",{},105764,156,136,32,0.187
local,none,1509,0,,,"{""observe_down"": 1}",{},74429,128,113,21,0.1258
local,none,1510,0,,,"{""attempt_lost"": 1, ""observe_down"": 1, ""race_cancel"": 1}",{},152567,141,121,30,0.1497
local,none,1511,0,,,"{""attempt_crash"": 1, ""cap_change"": 1, ""crash"": 1, ""observe_down"": 1}","{""start.after_call"": 1}",183717,148,134,29,0.1495
local,none,1512,0,,,"{""crash"": 1, ""store_outage"": 1}","{""start.after_call"": 1}",77199,106,102,21,0.0988
local,none,1513,0,,,"{""cap_change"": 1, ""crash"": 1, ""observe_down"": 1, ""observe_stale"": 2}","{""submit.after_commit"": 1}",182458,168,151,32,0.2545
local,none,1514,0,,,"{""crash"": 1, ""node_down"": 1, ""preempt"": 1, ""race_cancel"": 1, ""store_tx_fail"": 1}","{""submit.after_commit"": 1}",94838,119,110,26,0.1174
local,none,1515,0,,,"{""cap_change"": 1, ""crash"": 1, ""observe_stale"": 3, ""race_cancel"": 1}","{""start.after_commit"": 1}",103560,150,143,30,0.1581
local,none,1516,0,,,"{""race_cancel"": 1, ""zombie"": 1}",{},174088,170,145,37,0.2239
local,none,1517,0,,,"{""cap_change"": 1, ""node_down"": 1, ""race_cancel"": 1, ""slow_start"": 1, ""start_fail"": 1}",{},57496,137,138,29,0.165
local,none,1518,0,,,"{""crash"": 1, ""preempt"": 1, ""stop_fail"": 1, ""store_outage"": 2}","{""ended.before_forget"": 1}",50272,152,142,29,0.1633
local,none,1519,0,,,"{""race_cancel"": 1, ""store_tx_fail"": 1}",{},78170,192,180,39,0.2788
local,none,1520,0,,,"{""attempt_crash"": 2, ""attempt_lost"": 1, ""crash"": 2, ""policy_fault"": 1}","{""ended.before_forget"": 1, ""start.after_commit"": 1}",163220,126,121,24,0.1198
local,none,1521,0,,,"{""observe_stale"": 2, ""store_outage"": 1, ""zombie"": 1}",{},159059,182,161,38,0.2277
local,none,1522,0,,,"{""cap_change"": 1, ""slow_start"": 1, ""store_outage"": 1, ""store_tx_fail"": 1, ""zombie"": 1}",{},104974,104,86,24,0.0915
local,none,1523,0,,,"{""policy_fault"": 1, ""race_cancel"": 1, ""store_outage"": 1, ""store_tx_fail"": 1}",{},181737,206,173,38,0.2557
local,none,1524,0,,,"{""attempt_lost"": 1, ""crash"": 2, ""node_down"": 1, ""preempt"": 1}","{""requeue.before_commit"": 1, ""stopped.before_commit"": 1}",56567,151,143,29,0.2189
local,none,1525,0,,,"{""cap_change"": 1, ""observe_stale"": 1}",{},126267,142,134,31,0.1488
local,none,1526,0,,,"{""attempt_crash"": 1, ""observe_stale"": 1, ""race_cancel"": 1, ""start_fail"": 1, ""store_outage"": 1}",{},180233,164,160,30,0.1725
local,none,1527,0,,,"{""attempt_lost"": 1, ""node_down"": 1}",{},176482,130,122,23,0.1207
local,none,1528,0,,,"{""attempt_lost"": 1}",{},93499,136,129,23,0.1459
local,none,1529,0,,,"{""start_fail"": 1}",{},15037,162,140,34,0.2002
local,none,1530,0,,,"{""attempt_crash"": 1, ""attempt_lost"": 1, ""node_down"": 2, ""observe_stale"": 1}",{},101778,129,112,22,0.1211
local,none,1531,0,,,"{""attempt_lost"": 1, ""crash"": 1, ""slow_start"": 1}","{""requeue.before_commit"": 1}",99360,124,104,26,0.113
local,none,1532,0,,,"{""race_cancel"": 1}",{},181038,182,148,40,0.2169
local,none,1533,0,,,"{""crash"": 1, ""observe_stale"": 2, ""store_tx_fail"": 1, ""zombie"": 1}","{""start.after_commit"": 1}",244697,176,149,33,0.2162
local,none,1534,0,,,"{""observe_stale"": 1, ""slow_start"": 1, ""stop_fail"": 1, ""store_tx_fail"": 1}",{},118506,138,127,27,0.1349
local,none,1535,0,,,"{""start_fail"": 1}",{},175226,200,157,33,0.2468
local,none,1536,0,,,"{""attempt_lost"": 1, ""crash"": 1}","{""ended.before_forget"": 1}",217194,126,112,26,0.1162
local,none,1537,0,,,"{""attempt_crash"": 1, ""attempt_lost"": 1, ""observe_stale"": 2, ""start_fail"": 1}",{},57377,158,150,28,0.1852
local,none,1538,0,,,"{""crash"": 2, ""observe_stale"": 1}","{""ended.before_forget"": 1, ""submit.after_commit"": 1}",225534,178,163,33,0.2188
local,none,1539,0,,,"{""crash"": 2, ""observe_down"": 1, ""zombie"": 1}","{""stop.before_call"": 1, ""submit.after_commit"": 1}",297318,311,207,42,0.3977
local,none,1540,0,,,"{""crash"": 1, ""observe_stale"": 1, ""preempt"": 1, ""zombie"": 1}","{""stop.before_call"": 1}",272413,578,256,39,0.6144
local,none,1541,0,,,"{""slow_start"": 1, ""store_tx_fail"": 1, ""zombie"": 1}",{},185827,126,98,26,0.131
local,none,1542,0,,,"{""cap_change"": 1, ""crash"": 2, ""observe_down"": 1, ""slow_start"": 1}","{""stop.before_call"": 1, ""stopped.before_commit"": 1}",196034,156,146,30,0.1725
local,none,1543,0,,,"{""attempt_crash"": 2, ""crash"": 1, ""observe_down"": 1, ""race_cancel"": 1, ""stop_fail"": 1}","{""stop.before_call"": 1}",161210,114,99,23,0.1022
local,none,1544,0,,,"{""attempt_lost"": 1, ""crash"": 1, ""node_down"": 1, ""slow_start"": 1}","{""stopped.before_commit"": 1}",0,142,127,27,0.1595
local,none,1545,0,,,"{""race_cancel"": 1}",{},147855,157,136,32,0.1696
local,none,1546,0,,,"{""observe_stale"": 1, ""slow_start"": 1, ""store_outage"": 1, ""store_tx_fail"": 1, ""zombie"": 2}",{},77090,174,135,37,0.2575
local,none,1547,0,,,"{""crash"": 1, ""store_outage"": 1}","{""ended.before_forget"": 1}",89763,136,115,28,0.1418
local,none,1548,0,,,"{""crash"": 1, ""observe_down"": 1, ""race_cancel"": 2, ""store_outage"": 1}","{""stop.before_call"": 1}",146688,152,152,29,0.1877
local,none,1549,0,,,"{""attempt_lost"": 1, ""node_down"": 1, ""race_cancel"": 1}",{},136523,230,200,37,0.3317
local,none,1550,0,,,"{""cap_change"": 1, ""crash"": 2, ""policy_fault"": 1, ""start_fail"": 1}","{""start.after_call"": 1, ""start.after_commit"": 1}",120913,150,149,30,0.1824
local,none,1551,0,,,"{""preempt"": 1}",{},59322,128,105,30,0.1332
local,none,1552,0,,,"{""zombie"": 1}",{},168402,150,123,36,0.1554
local,none,1553,0,,,"{""attempt_lost"": 3, ""observe_down"": 1, ""preempt"": 1}",{},52142,133,125,25,0.1358
local,none,1554,0,,,"{""start_fail"": 1}",{},198545,176,157,38,0.221
local,none,1555,0,,,"{""attempt_crash"": 1, ""observe_stale"": 1, ""race_cancel"": 1, ""store_tx_fail"": 1}",{},111885,168,146,33,0.2525
local,none,1556,0,,,"{""crash"": 1, ""observe_stale"": 1, ""preempt"": 1, ""store_tx_fail"": 1}","{""stopped.before_commit"": 1}",163027,168,150,28,0.1806
local,none,1557,0,,,{},{},154830,118,110,26,0.1263
local,none,1558,0,,,"{""node_down"": 1, ""store_outage"": 1}",{},227375,178,150,30,0.2008
local,none,1559,0,,,"{""policy_fault"": 2}",{},124326,126,112,26,0.1315
local,none,1560,0,,,"{""policy_fault"": 1, ""race_cancel"": 1, ""slow_start"": 1}",{},223089,166,145,29,0.1985
local,none,1561,0,,,"{""attempt_lost"": 1, ""observe_down"": 1}",{},167307,204,178,37,0.2494
local,none,1562,0,,,"{""attempt_crash"": 1}",{},319146,247,176,40,0.3296
local,none,1563,0,,,"{""attempt_crash"": 1, ""attempt_lost"": 1, ""crash"": 1, ""observe_down"": 2, ""start_fail"": 1}","{""stopped.before_commit"": 1}",9033,172,157,34,0.2142
local,none,1564,0,,,"{""cap_change"": 1, ""observe_down"": 1, ""observe_stale"": 1, ""preempt"": 1}",{},245018,206,168,38,0.2549
local,none,1565,0,,,"{""cap_change"": 1, ""node_down"": 1}",{},278741,190,164,36,0.2464
local,none,1566,0,,,"{""attempt_crash"": 1, ""cap_change"": 2, ""observe_down"": 1, ""store_tx_fail"": 2}",{},72211,100,95,21,0.0878
local,none,1567,0,,,"{""crash"": 1, ""slow_start"": 1, ""stop_fail"": 1}","{""start.after_commit"": 1}",170752,194,158,35,0.2438
local,none,1568,0,,,"{""attempt_crash"": 1, ""policy_fault"": 2, ""start_fail"": 1, ""zombie"": 1}",{},0,122,94,26,0.1227
local,none,1569,0,,,"{""crash"": 1, ""race_cancel"": 1, ""slow_start"": 1, ""store_tx_fail"": 1, ""zombie"": 2}","{""stopped.before_commit"": 1}",138488,180,140,39,0.2405
local,none,1570,0,,,"{""attempt_crash"": 1, ""crash"": 1, ""node_down"": 1, ""observe_stale"": 1, ""start_fail"": 1}","{""start.after_call"": 1}",98709,150,128,29,0.1672
local,none,1571,0,,,"{""crash"": 1, ""node_down"": 1, ""observe_stale"": 2, ""stop_fail"": 1, ""store_outage"": 1}","{""ended.before_forget"": 1}",237506,179,166,33,0.2184
local,none,1572,0,,,"{""observe_stale"": 1, ""policy_fault"": 1, ""stop_fail"": 1, ""store_tx_fail"": 1, ""zombie"": 1}",{},106654,118,108,26,0.1218
local,none,1573,0,,,"{""race_cancel"": 1}",{},35133,97,85,22,0.084
local,none,1574,0,,,"{""observe_stale"": 1, ""store_outage"": 1, ""zombie"": 1}",{},278351,217,151,42,0.2787
local,none,1575,0,,,"{""cap_change"": 1, ""race_cancel"": 1}",{},165192,148,121,31,0.1258
local,none,1576,0,,,"{""cap_change"": 2, ""observe_stale"": 1, ""race_cancel"": 1}",{},346364,208,177,35,0.2234
local,none,1577,0,,,"{""crash"": 1, ""start_fail"": 1, ""store_outage"": 2, ""zombie"": 1}","{""stopped.before_commit"": 1}",137559,172,144,39,0.1992
local,none,1578,0,,,"{""race_cancel"": 1}",{},216124,192,158,38,0.2325
local,none,1579,0,,,"{""node_down"": 2, ""start_fail"": 1}",{},77594,142,132,28,0.1652
local,none,1580,0,,,"{""attempt_crash"": 1, ""observe_stale"": 1, ""preempt"": 1}",{},99378,192,162,36,0.2135
local,none,1581,0,,,"{""attempt_lost"": 1, ""crash"": 1, ""observe_stale"": 1, ""race_cancel"": 1, ""store_tx_fail"": 1}","{""requeue.before_commit"": 1}",90187,138,120,22,0.1337
local,none,1582,0,,,"{""attempt_crash"": 1, ""cap_change"": 1, ""crash"": 2, ""slow_start"": 1}","{""ended.before_forget"": 1, ""stopped.before_commit"": 1}",180301,202,173,32,0.2144
local,none,1583,0,,,"{""observe_stale"": 1}",{},219824,174,154,34,0.1875
local,none,1584,0,,,"{""attempt_crash"": 1, ""crash"": 1, ""preempt"": 1, ""race_cancel"": 1, ""store_outage"": 1, ""zombie"": 1}","{""submit.after_commit"": 1}",140816,156,153,33,0.1856
local,none,1585,0,,,"{""cap_change"": 1, ""zombie"": 2}",{},69317,142,95,34,0.1867
local,none,1586,0,,,"{""observe_down"": 1, ""observe_stale"": 1, ""race_cancel"": 1}",{},65115,148,142,35,0.1907
local,none,1587,0,,,"{""observe_stale"": 2, ""policy_fault"": 1, ""slow_start"": 1}",{},34115,126,130,29,0.1418
local,none,1588,0,,,"{""observe_stale"": 1, ""race_cancel"": 2, ""store_tx_fail"": 1}",{},147204,127,119,24,0.1245
local,none,1589,0,,,"{""attempt_crash"": 1}",{},178493,219,170,38,0.3047
local,none,1590,0,,,"{""attempt_crash"": 1, ""node_down"": 1, ""race_cancel"": 1, ""stop_fail"": 1, ""zombie"": 1}",{},258607,196,160,36,0.2661
local,none,1591,0,,,"{""node_down"": 1, ""observe_down"": 1, ""start_fail"": 1, ""store_outage"": 2, ""zombie"": 1}",{},141672,171,171,36,0.247
local,none,1592,0,,,"{""cap_change"": 1, ""crash"": 2, ""observe_stale"": 1, ""store_tx_fail"": 1}","{""requeue.before_commit"": 1, ""stopped.before_commit"": 1}",185169,148,138,34,0.1653
local,none,1593,0,,,"{""race_cancel"": 1}",{},152698,172,150,35,0.1837
local,none,1594,0,,,"{""observe_stale"": 1}",{},164012,128,116,24,0.1342
local,none,1595,0,,,"{""attempt_lost"": 1, ""cap_change"": 1, ""store_outage"": 1}",{},139581,200,172,40,0.2661
local,none,1596,0,,,"{""race_cancel"": 1, ""zombie"": 1}",{},99382,138,101,26,0.1084
local,none,1597,0,,,"{""crash"": 1, ""node_down"": 1, ""start_fail"": 1}","{""start.after_commit"": 1}",69117,129,121,25,0.1295
local,none,1598,0,,,"{""attempt_lost"": 1, ""zombie"": 1}",{},54914,92,82,21,0.079
local,none,1599,0,,,"{""cap_change"": 1, ""observe_down"": 1, ""observe_stale"": 1, ""store_outage"": 1, ""store_tx_fail"": 1, ""zombie"": 1}",{},126142,164,150,36,0.2093
local,none,1600,0,,,"{""observe_stale"": 1, ""store_tx_fail"": 1}",{},107189,116,112,24,0.1041
local,none,1601,0,,,"{""attempt_crash"": 1, ""observe_down"": 1}",{},167695,164,148,28,0.1949
local,none,1602,0,,,"{""attempt_lost"": 1, ""crash"": 2, ""node_down"": 1, ""preempt"": 1}","{""start.after_commit"": 1, ""stop.before_call"": 1}",228176,194,160,38,0.2525
local,none,1603,0,,,"{""attempt_lost"": 1}",{},248164,176,155,36,0.2054
local,none,1604,0,,,"{""attempt_crash"": 1, ""node_down"": 1, ""preempt"": 1, ""zombie"": 1}",{},68660,113,98,21,0.0974
local,none,1605,0,,,"{""policy_fault"": 1}",{},188633,198,167,36,0.2293
local,none,1606,0,,,"{""attempt_crash"": 1, ""attempt_lost"": 1, ""crash"": 1, ""observe_stale"": 1}","{""ended.before_forget"": 1}",133151,150,132,34,0.1903
local,none,1607,0,,,"{""node_down"": 1, ""observe_down"": 1, ""observe_stale"": 3, ""race_cancel"": 1}",{},138810,193,181,39,0.3102
local,none,1608,0,,,"{""crash"": 1, ""observe_stale"": 1, ""race_cancel"": 1, ""start_fail"": 1}","{""start.after_call"": 1}",113839,192,175,40,0.2414
local,none,1609,0,,,"{""attempt_crash"": 1, ""attempt_lost"": 1, ""cap_change"": 1, ""crash"": 1, ""race_cancel"": 1}","{""submit.after_commit"": 1}",0,111,98,20,0.0844
local,none,1610,0,,,"{""attempt_crash"": 1, ""observe_down"": 1}",{},94631,126,117,21,0.1075
local,none,1611,0,,,"{""attempt_crash"": 1, ""observe_stale"": 1, ""store_outage"": 1}",{},74072,158,162,34,0.1875
local,none,1612,0,,,"{""observe_stale"": 1, ""start_fail"": 1, ""store_outage"": 1}",{},69801,160,146,31,0.1884
local,none,1613,0,,,"{""observe_stale"": 2, ""stop_fail"": 1, ""zombie"": 1}",{},115562,198,171,39,0.2407
local,none,1614,0,,,"{""attempt_crash"": 1, ""observe_down"": 1, ""preempt"": 1, ""race_cancel"": 1, ""store_tx_fail"": 1}",{},48440,101,96,20,0.0899
local,none,1615,0,,,"{""attempt_crash"": 2, ""store_tx_fail"": 1}",{},176415,142,124,26,0.1474
local,none,1616,0,,,"{""attempt_lost"": 1, ""store_tx_fail"": 1, ""zombie"": 1}",{},152390,156,128,31,0.1947
local,none,1617,0,,,"{""crash"": 1, ""race_cancel"": 1, ""stop_fail"": 1}","{""ended.before_forget"": 1}",131010,156,141,32,0.1875
local,none,1618,0,,,"{""attempt_crash"": 1, ""observe_down"": 1, ""policy_fault"": 1, ""stop_fail"": 1, ""store_outage"": 1}",{},103008,114,119,23,0.1045
local,none,1619,0,,,"{""cap_change"": 1, ""crash"": 1, ""store_outage"": 1, ""store_tx_fail"": 1, ""zombie"": 1}","{""requeue.before_commit"": 1}",130188,144,106,32,0.1441
local,none,1620,0,,,"{""crash"": 1, ""observe_down"": 1, ""store_tx_fail"": 1}","{""stop.before_call"": 1}",118025,158,142,27,0.1442
local,none,1621,0,,,"{""observe_down"": 1, ""race_cancel"": 2, ""store_tx_fail"": 1}",{},130995,154,142,29,0.171
local,none,1622,0,,,"{""crash"": 2, ""observe_stale"": 1, ""policy_fault"": 1, ""race_cancel"": 1}","{""requeue.before_commit"": 1, ""submit.after_commit"": 1}",78331,152,149,31,0.2225
local,none,1623,0,,,"{""attempt_crash"": 1, ""preempt"": 1, ""stop_fail"": 2, ""zombie"": 1}",{},177359,204,157,42,0.2838
local,none,1624,0,,,"{""observe_stale"": 1, ""slow_start"": 1}",{},126564,132,112,28,0.1379
local,none,1625,0,,,"{""crash"": 2, ""slow_start"": 1}","{""ended.before_forget"": 1, ""start.after_call"": 1}",169361,104,89,22,0.079
local,none,1626,0,,,"{""attempt_crash"": 1, ""stop_fail"": 2}",{},32322,188,152,37,0.2211
local,none,1627,0,,,"{""observe_stale"": 1, ""race_cancel"": 1, ""stop_fail"": 1, ""zombie"": 1}",{},162513,214,187,44,0.2856
local,none,1628,0,,,"{""crash"": 3, ""observe_stale"": 1}","{""ended.before_forget"": 2, ""start.after_call"": 1}",83531,156,134,36,0.1715
local,none,1629,0,,,"{""race_cancel"": 1}",{},309950,136,119,28,0.119
local,none,1630,0,,,"{""policy_fault"": 1, ""race_cancel"": 1, ""stop_fail"": 1}",{},75217,117,122,28,0.1188
local,none,1631,0,,,"{""observe_stale"": 1}",{},92126,114,106,21,0.0968
local,none,1632,0,,,"{""cap_change"": 1, ""observe_down"": 1, ""observe_stale"": 1, ""store_outage"": 1}",{},112871,94,13759,22,11.2134
local,none,1633,0,,,"{""attempt_crash"": 1, ""start_fail"": 1}",{},59678,138,125,31,0.1399
local,none,1634,0,,,"{""crash"": 1, ""observe_stale"": 1, ""store_outage"": 1, ""store_tx_fail"": 1, ""zombie"": 1}","{""ended.before_forget"": 1}",210463,178,154,40,0.1924
local,none,1635,0,,,"{""store_outage"": 2}",{},129199,195,186,34,0.2191
local,none,1636,0,,,"{""attempt_lost"": 1, ""observe_stale"": 1, ""preempt"": 1, ""race_cancel"": 1, ""slow_start"": 1}",{},0,98,82,20,0.0821
local,none,1637,0,,,"{""zombie"": 1}",{},171151,164,133,32,0.1468
local,none,1638,0,,,"{""crash"": 1}","{""requeue.before_commit"": 1}",101045,150,136,34,0.1667
local,none,1639,0,,,"{""race_cancel"": 1, ""store_tx_fail"": 1}",{},100960,193,168,37,0.2125
local,none,1640,0,,,"{""crash"": 1, ""policy_fault"": 1, ""preempt"": 1, ""race_cancel"": 1}","{""stopped.before_commit"": 1}",147055,198,189,39,0.2316
local,none,1641,0,,,"{""crash"": 1, ""node_down"": 1, ""policy_fault"": 1, ""slow_start"": 1}","{""start.after_commit"": 1}",78855,178,153,38,0.1866
local,none,1642,0,,,"{""race_cancel"": 2, ""store_outage"": 1}",{},122977,127,115,23,0.0978
local,none,1643,0,,,"{""observe_stale"": 1, ""policy_fault"": 1, ""preempt"": 1}",{},26804,114,104,20,0.0953
local,none,1644,0,,,"{""attempt_crash"": 1, ""cap_change"": 1, ""zombie"": 1}",{},139151,226,184,44,0.2452
local,none,1645,0,,,"{""attempt_lost"": 1, ""cap_change"": 1, ""race_cancel"": 1}",{},148436,200,172,37,0.2649
local,none,1646,0,,,"{""observe_stale"": 1, ""start_fail"": 1}",{},125576,178,154,38,0.1812
local,none,1647,0,,,"{""observe_down"": 1, ""observe_stale"": 2}",{},23695,112,117,24,0.104
local,none,1648,0,,,"{""attempt_lost"": 1, ""crash"": 1, ""observe_stale"": 1, ""stop_fail"": 1, ""store_tx_fail"": 1}","{""start.after_call"": 1}",76168,128,120,26,0.1341
local,none,1649,0,,,"{""crash"": 1, ""stop_fail"": 1, ""zombie"": 2}","{""ended.before_forget"": 1}",292924,220,148,46,0.2333
local,none,1650,0,,,"{""stop_fail"": 1}",{},80733,108,96,22,0.0809
local,none,1651,0,,,"{""cap_change"": 1, ""observe_stale"": 1, ""race_cancel"": 1, ""zombie"": 1}",{},1898,138,107,31,0.1305
local,none,1652,0,,,"{""crash"": 1, ""policy_fault"": 1, ""race_cancel"": 1, ""stop_fail"": 1, ""store_outage"": 1}","{""start.after_call"": 1}",98780,152,144,32,0.1548
local,none,1653,0,,,"{""observe_stale"": 2, ""slow_start"": 1}",{},38805,130,111,25,0.1178
local,none,1654,0,,,"{""crash"": 1, ""policy_fault"": 1, ""zombie"": 1}","{""submit.after_commit"": 1}",320966,224,180,36,0.281
local,none,1655,0,,,"{""observe_down"": 1, ""race_cancel"": 1}",{},166417,162,133,30,0.1338
local,none,1656,0,,,"{""attempt_crash"": 1, ""observe_stale"": 1}",{},95711,188,153,32,0.1829
local,none,1657,0,,,{},{},107055,110,105,25,0.0889
local,none,1658,0,,,"{""attempt_lost"": 1, ""stop_fail"": 1, ""store_tx_fail"": 1}",{},90771,201,164,35,0.1889
local,none,1659,0,,,"{""attempt_crash"": 1, ""preempt"": 1, ""store_tx_fail"": 1}",{},194855,134,126,28,0.1295
local,none,1660,0,,,"{""attempt_crash"": 1, ""crash"": 1, ""race_cancel"": 1}","{""requeue.before_commit"": 1}",113540,131,122,27,0.1342
local,none,1661,0,,,"{""attempt_lost"": 2}",{},206965,314,212,39,0.3533
local,none,1662,0,,,"{""policy_fault"": 1, ""zombie"": 1}",{},168433,168,121,29,0.153
local,none,1663,0,,,"{""store_outage"": 1}",{},141354,144,122,32,0.122
local,none,1664,0,,,"{""observe_down"": 1}",{},145446,112,103,21,0.0923
local,none,1665,0,,,"{""attempt_crash"": 1, ""cap_change"": 1, ""race_cancel"": 1, ""store_tx_fail"": 1}",{},87954,112,102,23,0.0829
local,none,1666,0,,,"{""node_down"": 1, ""store_tx_fail"": 1, ""zombie"": 1}",{},170165,187,148,35,0.2062
local,none,1667,0,,,"{""attempt_crash"": 2, ""attempt_lost"": 1, ""crash"": 2, ""stop_fail"": 1}","{""start.after_commit"": 1, ""stopped.before_commit"": 1}",98126,166,148,33,0.1873
local,none,1668,0,,,"{""crash"": 2, ""node_down"": 1, ""observe_down"": 1, ""policy_fault"": 1, ""start_fail"": 1}","{""ended.before_forget"": 1, ""start.after_call"": 1}",180088,202,180,39,0.2402
local,none,1669,0,,,"{""cap_change"": 1, ""crash"": 3, ""start_fail"": 1, ""stop_fail"": 1}","{""ended.before_forget"": 3}",107553,90,86,22,0.0711
local,none,1670,0,,,"{""cap_change"": 2}",{},52458,136,126,27,0.1304
local,none,1671,0,,,"{""slow_start"": 1, ""stop_fail"": 1}",{},82483,150,131,25,0.1356
local,none,1672,0,,,"{""attempt_crash"": 1, ""cap_change"": 1, ""preempt"": 1, ""slow_start"": 1}",{},57644,112,100,22,0.0746
local,none,1673,0,,,"{""observe_down"": 1, ""slow_start"": 1}",{},69570,129,5588,25,2.3316
local,none,1674,0,,,"{""crash"": 1, ""policy_fault"": 1}","{""start.after_call"": 1}",0,118,107,23,0.0842
local,none,1675,0,,,"{""attempt_crash"": 1, ""stop_fail"": 1}",{},192438,156,123,29,0.1349
local,none,1676,0,,,"{""attempt_lost"": 1, ""race_cancel"": 1}",{},128655,133,119,24,0.0951
local,none,1677,0,,,"{""attempt_crash"": 1, ""observe_down"": 1, ""slow_start"": 1, ""stop_fail"": 1}",{},76378,99,112,24,0.0773
local,none,1678,0,,,"{""crash"": 1, ""store_outage"": 1, ""store_tx_fail"": 1, ""zombie"": 1}","{""ended.before_forget"": 1}",180987,96,75,23,0.0614
local,none,1679,0,,,"{""attempt_crash"": 1, ""cap_change"": 1, ""race_cancel"": 1, ""zombie"": 1}",{},35731,146,109,33,0.1197
local,none,1680,0,,,"{""race_cancel"": 1}",{},116875,186,155,37,0.1792
local,none,1681,0,,,"{""slow_start"": 1, ""store_outage"": 1, ""store_tx_fail"": 1, ""zombie"": 1}",{},103236,148,132,34,0.133
local,none,1682,0,,,"{""node_down"": 1, ""slow_start"": 1, ""zombie"": 1}",{},211363,192,149,33,0.1993
local,none,1683,0,,,"{""attempt_crash"": 1, ""preempt"": 1, ""zombie"": 1}",{},125477,148,109,29,0.1069
local,none,1684,0,,,"{""attempt_lost"": 1, ""node_down"": 1, ""start_fail"": 1, ""stop_fail"": 1}",{},89218,156,139,34,0.1252
local,none,1685,0,,,"{""cap_change"": 1, ""crash"": 2, ""stop_fail"": 1, ""store_tx_fail"": 1}","{""start.after_call"": 1, ""start.after_commit"": 1}",187215,178,160,34,0.1625
local,none,1686,0,,,"{""crash"": 1, ""preempt"": 1, ""stop_fail"": 1, ""store_outage"": 1}","{""ended.before_forget"": 1}",114479,114,112,21,0.0808
local,none,1687,0,,,"{""cap_change"": 1, ""policy_fault"": 2, ""slow_start"": 1}",{},56755,158,165,37,0.1656
local,none,1688,0,,,"{""slow_start"": 1}",{},200745,186,148,34,0.1899
local,none,1689,0,,,"{""crash"": 1, ""zombie"": 1}","{""submit.after_commit"": 1}",169007,128,105,29,0.1081
local,none,1690,0,,,"{""attempt_lost"": 1, ""node_down"": 1, ""start_fail"": 1, ""store_outage"": 1}",{},56387,138,154,32,0.1452
local,none,1691,0,,,"{""preempt"": 1, ""store_outage"": 1}",{},162175,170,153,32,0.1629
local,none,1692,0,,,"{""observe_stale"": 1, ""store_tx_fail"": 1}",{},69781,122,114,23,0.0973
local,none,1693,0,,,"{""attempt_crash"": 1, ""policy_fault"": 1}",{},68658,124,120,22,0.0911
local,none,1694,0,,,"{""crash"": 1, ""node_down"": 2, ""start_fail"": 1, ""store_tx_fail"": 1}","{""requeue.before_commit"": 1}",34270,124,123,24,0.1124
local,none,1695,0,,,"{""observe_stale"": 1, ""slow_start"": 1}",{},26019,178,158,36,0.2055
local,none,1696,0,,,"{""store_outage"": 1}",{},72519,164,154,32,0.1739
local,none,1697,0,,,"{""cap_change"": 1, ""crash"": 1, ""node_down"": 1, ""observe_stale"": 1, ""store_outage"": 1, ""zombie"": 1}","{""start.after_call"": 1}",188275,127,113,24,0.0989
local,none,1698,0,,,"{""observe_stale"": 1, ""policy_fault"": 1, ""preempt"": 1, ""slow_start"": 1, ""store_tx_fail"": 1}",{},232808,172,154,29,0.1572
local,none,1699,0,,,"{""attempt_lost"": 1, ""observe_down"": 1, ""race_cancel"": 1, ""slow_start"": 1}",{},122384,110,103,21,0.0903
local,none,1700,0,,,"{""race_cancel"": 2, ""start_fail"": 1, ""zombie"": 1}",{},135165,194,145,44,0.2007
local,none,1701,0,,,"{""attempt_crash"": 2, ""observe_down"": 1, ""race_cancel"": 1, ""slow_start"": 1}",{},137338,113,128,21,0.0987
local,none,1702,0,,,"{""attempt_crash"": 1, ""slow_start"": 1, ""start_fail"": 1}",{},240219,162,138,35,0.1523
local,none,1703,0,,,"{""attempt_crash"": 1, ""attempt_lost"": 1, ""observe_stale"": 1, ""race_cancel"": 1, ""zombie"": 1}",{},14528,204,173,38,0.2334
local,none,1704,0,,,"{""attempt_crash"": 1, ""cap_change"": 1, ""store_tx_fail"": 1}",{},19633,142,124,29,0.156
local,none,1705,0,,,"{""crash"": 2, ""store_outage"": 1}","{""requeue.before_commit"": 1, ""stop.before_call"": 1}",142579,154,151,34,0.1491
local,none,1706,0,,,"{""race_cancel"": 1, ""slow_start"": 1, ""stop_fail"": 1}",{},323946,180,161,31,0.1826
local,none,1707,0,,,"{""crash"": 1, ""observe_down"": 1, ""preempt"": 1, ""race_cancel"": 1, ""start_fail"": 1, ""zombie"": 1}","{""submit.after_commit"": 1}",45518,194,165,43,0.2362
local,none,1708,0,,,"{""crash"": 2, ""start_fail"": 1, ""stop_fail"": 1, ""zombie"": 1}","{""ended.before_forget"": 1, ""start.after_call"": 1}",83047,140,116,27,0.1448
local,none,1709,0,,,"{""observe_stale"": 1, ""race_cancel"": 1, ""zombie"": 2}",{},87481,152,106,34,0.1352
local,none,1710,0,,,"{""observe_stale"": 1, ""race_cancel"": 1, ""start_fail"": 2}",{},44201,110,114,26,0.105
local,none,1711,0,,,"{""node_down"": 1, ""observe_stale"": 1, ""race_cancel"": 2, ""zombie"": 1}",{},129194,189,151,41,0.2112
local,none,1712,0,,,"{""attempt_crash"": 1, ""observe_down"": 1, ""preempt"": 1}",{},89841,96,86,20,0.0681
local,none,1713,0,,,"{""attempt_lost"": 2, ""crash"": 2}","{""start.after_call"": 1, ""stop.before_call"": 1}",171237,200,172,40,0.2289
local,none,1714,0,,,"{""attempt_crash"": 1, ""observe_stale"": 1, ""slow_start"": 1}",{},136143,120,107,26,0.1402
local,none,1715,0,,,"{""attempt_crash"": 1, ""crash"": 1, ""observe_stale"": 1, ""store_outage"": 1, ""store_tx_fail"": 1}","{""ended.before_forget"": 1}",113726,160,148,30,0.1738
local,none,1716,0,,,"{""attempt_crash"": 1, ""observe_down"": 1}",{},206120,239,180,38,0.2704
local,none,1717,0,,,"{""attempt_crash"": 1, ""preempt"": 1, ""store_tx_fail"": 1}",{},128487,98,88,20,0.0657
local,none,1718,0,,,"{""policy_fault"": 1}",{},0,130,118,27,0.1219
local,none,1719,0,,,"{""attempt_crash"": 1, ""policy_fault"": 1, ""race_cancel"": 2, ""slow_start"": 1, ""start_fail"": 1}",{},38457,111,98,23,0.087
local,none,1720,0,,,"{""observe_stale"": 1, ""preempt"": 1}",{},45941,162,141,33,0.1578
local,none,1721,0,,,"{""crash"": 1, ""observe_stale"": 1, ""zombie"": 1}","{""start.after_call"": 1}",217678,233,162,38,0.2836
local,none,1722,0,,,"{""attempt_crash"": 1, ""crash"": 1, ""node_down"": 2, ""preempt"": 1}","{""start.after_commit"": 1}",85880,110,109,20,0.0894
local,none,1723,0,,,"{""zombie"": 1}",{},128505,120,99,28,0.0983
local,none,1724,0,,,"{""node_down"": 1, ""start_fail"": 1, ""store_tx_fail"": 1}",{},78913,197,193,39,0.2371
local,none,1725,0,,,"{""crash"": 3, ""observe_stale"": 1}","{""requeue.before_commit"": 1, ""start.after_call"": 1, ""start.after_commit"": 1}",298138,178,154,33,0.1964
local,none,1726,0,,,"{""zombie"": 2}",{},110661,102,68,24,0.0863
local,none,1727,0,,,"{""observe_down"": 1}",{},223283,254,196,38,0.357
local,none,1728,0,,,"{""node_down"": 1, ""race_cancel"": 1, ""start_fail"": 2}",{},102776,239,219,39,0.3045
local,none,1729,0,,,"{""node_down"": 1, ""observe_down"": 1, ""observe_stale"": 1, ""policy_fault"": 1, ""slow_start"": 1, ""stop_fail"": 1}",{},168811,161,151,32,0.1649
local,none,1730,0,,,"{""start_fail"": 1}",{},152896,120,112,21,0.1384
local,none,1731,0,,,"{""attempt_crash"": 1, ""crash"": 2, ""node_down"": 1, ""stop_fail"": 1}","{""requeue.before_commit"": 2}",133290,134,131,27,0.15
local,none,1732,0,,,"{""race_cancel"": 1}",{},92875,122,108,23,0.1117
local,none,1733,0,,,"{""node_down"": 1, ""observe_stale"": 1, ""store_tx_fail"": 1}",{},42562,151,156,31,0.1646
local,none,1734,0,,,"{""attempt_crash"": 1, ""attempt_lost"": 1, ""cap_change"": 1, ""node_down"": 1, ""observe_down"": 1, ""observe_stale"": 1}",{},165689,150,143,30,0.1865
local,none,1735,0,,,"{""store_outage"": 1, ""zombie"": 1}",{},209319,188,147,36,0.1867
local,none,1736,0,,,"{""attempt_crash"": 1, ""cap_change"": 1, ""preempt"": 1, ""race_cancel"": 1, ""stop_fail"": 1}",{},81375,125,114,24,0.1262
local,none,1737,0,,,"{""policy_fault"": 1}",{},240291,208,184,40,0.2821
local,none,1738,0,,,"{""cap_change"": 1, ""race_cancel"": 2}",{},109756,113,106,23,0.0899
local,none,1739,0,,,"{""observe_stale"": 1, ""preempt"": 1}",{},151986,122,109,20,0.1025
local,none,1740,0,,,"{""observe_stale"": 1, ""policy_fault"": 1, ""zombie"": 1}",{},30215,124,102,24,0.1184
local,none,1741,0,,,"{""policy_fault"": 1, ""zombie"": 1}",{},30738,101,91,22,0.0813
local,none,1742,0,,,"{""observe_down"": 1}",{},431902,222,147,32,0.2268
local,none,1743,0,,,"{""attempt_crash"": 1, ""crash"": 1, ""observe_down"": 1, ""observe_stale"": 1, ""store_tx_fail"": 1}","{""stop.before_call"": 1}",59465,150,135,27,0.1441
local,none,1744,0,,,"{""stop_fail"": 1}",{},254906,246,203,37,0.3738
local,none,1745,0,,,"{""store_outage"": 1}",{},158371,146,135,26,0.1416
local,none,1746,0,,,"{""attempt_crash"": 1, ""start_fail"": 1, ""store_outage"": 1}",{},261705,187,188,39,0.2658
local,none,1747,0,,,"{""observe_stale"": 1}",{},259563,226,168,35,0.2891
local,none,1748,0,,,"{""crash"": 1, ""race_cancel"": 2, ""start_fail"": 1}","{""ended.before_forget"": 1}",68736,157,139,33,0.1733
local,none,1749,0,,,"{""attempt_lost"": 1, ""cap_change"": 1, ""crash"": 1, ""store_tx_fail"": 1, ""zombie"": 1}","{""requeue.before_commit"": 1}",316881,249,159,32,0.3394
local,none,1750,0,,,"{""attempt_crash"": 1}",{},166530,154,138,30,0.1867
local,none,1751,0,,,"{""attempt_lost"": 1, ""cap_change"": 1, ""race_cancel"": 2, ""start_fail"": 1, ""store_tx_fail"": 1}",{},89578,139,136,29,0.1604
local,none,1752,0,,,"{""start_fail"": 1}",{},101150,132,123,28,0.1451
local,none,1753,0,,,"{""preempt"": 1, ""zombie"": 1}",{},175361,146,113,28,0.1524
local,none,1754,0,,,"{""start_fail"": 1}",{},211634,190,163,40,0.239
local,none,1755,0,,,"{""observe_down"": 1, ""race_cancel"": 1, ""slow_start"": 1, ""start_fail"": 1, ""stop_fail"": 1}",{},9040,144,139,31,0.184
local,none,1756,0,,,"{""crash"": 1}","{""ended.before_forget"": 1}",109191,140,129,29,0.1482
local,none,1757,0,,,"{""race_cancel"": 2}",{},214493,202,173,36,0.2831
local,none,1758,0,,,"{""observe_stale"": 1, ""store_tx_fail"": 1}",{},83891,100,100,20,0.1041
local,none,1759,0,,,"{""crash"": 1, ""policy_fault"": 1, ""store_tx_fail"": 1}","{""submit.after_commit"": 1}",159833,204,176,38,0.2909
local,none,1760,0,,,"{""stop_fail"": 1, ""store_outage"": 1}",{},136234,114,101,22,0.0943
local,none,1761,0,,,"{""cap_change"": 1, ""policy_fault"": 2, ""preempt"": 2, ""race_cancel"": 1}",{},62166,121,126,25,0.1304
local,none,1762,0,,,"{""crash"": 1, ""store_tx_fail"": 1}","{""start.after_call"": 1}",182718,154,130,34,0.1606
local,none,1763,0,,,"{""attempt_crash"": 1, ""zombie"": 1}",{},156329,188,146,40,0.2239
local,none,1764,0,,,"{""observe_stale"": 1, ""policy_fault"": 1, ""slow_start"": 1}",{},63792,122,118,24,0.1255
local,none,1765,0,,,"{""node_down"": 1, ""observe_stale"": 1, ""zombie"": 2}",{},49334,196,144,39,0.2201
local,none,1766,0,,,"{""crash"": 1, ""node_down"": 1, ""preempt"": 1, ""store_outage"": 1}","{""submit.after_commit"": 1}",212064,114,105,21,0.0941
local,none,1767,0,,,"{""attempt_lost"": 1, ""node_down"": 1, ""observe_stale"": 1, ""race_cancel"": 1, ""start_fail"": 1, ""zombie"": 1}",{},60798,167,150,31,0.1903
local,none,1768,0,,,"{""attempt_crash"": 1, ""start_fail"": 1, ""store_outage"": 1}",{},235611,212,175,33,0.2513
local,none,1769,0,,,"{""observe_down"": 1, ""policy_fault"": 2, ""zombie"": 1}",{},282623,148,113,32,0.1549
local,none,1770,0,,,"{""attempt_lost"": 1, ""crash"": 1, ""observe_stale"": 1, ""stop_fail"": 1}","{""stop.before_call"": 1}",171563,142,136,25,0.1556
local,none,1771,0,,,"{""preempt"": 1, ""store_outage"": 1}",{},79410,150,127,26,0.1534
local,none,1772,0,,,"{""crash"": 2}","{""start.after_commit"": 1, ""submit.after_commit"": 1}",81370,170,150,40,0.2405
local,none,1773,0,,,"{""crash"": 1, ""observe_down"": 1, ""store_tx_fail"": 1, ""zombie"": 1}","{""start.after_commit"": 1}",109440,208,1801,38,1.4164
local,none,1774,0,,,"{""crash"": 1, ""observe_stale"": 1}","{""start.after_call"": 1}",58711,124,116,29,0.1554
local,none,1775,0,,,"{""preempt"": 1, ""stop_fail"": 1}",{},129617,106,96,21,0.094
local,none,1776,0,,,{},{},2084,134,122,25,0.1182
local,none,1777,0,,,"{""crash"": 1, ""observe_down"": 1, ""race_cancel"": 1}","{""stop.before_call"": 1}",0,196,180,39,0.2631
local,none,1778,0,,,{},{},108515,174,157,35,0.212
local,none,1779,0,,,"{""attempt_lost"": 1, ""cap_change"": 1}",{},148752,196,170,37,0.2707
local,none,1780,0,,,"{""node_down"": 1, ""stop_fail"": 1, ""store_tx_fail"": 1, ""zombie"": 1}",{},178551,186,155,35,0.2251
local,none,1781,0,,,"{""crash"": 1, ""observe_down"": 1, ""observe_stale"": 1, ""start_fail"": 1}","{""start.after_commit"": 1}",106252,128,128,25,0.1631
local,none,1782,0,,,"{""attempt_crash"": 1, ""crash"": 1, ""observe_stale"": 2}","{""ended.before_forget"": 1}",165890,164,154,33,0.1961
local,none,1783,0,,,"{""cap_change"": 1, ""race_cancel"": 1, ""stop_fail"": 1}",{},163117,160,145,35,0.2074
local,none,1784,0,,,"{""attempt_crash"": 1, ""observe_stale"": 1, ""policy_fault"": 1, ""preempt"": 2, ""race_cancel"": 1}",{},142976,128,116,26,0.1389
local,none,1785,0,,,"{""observe_down"": 1}",{},125360,206,181,39,0.2675
local,none,1786,0,,,"{""node_down"": 1, ""observe_down"": 1}",{},86293,144,122,27,0.1291
local,none,1787,0,,,"{""observe_stale"": 1, ""start_fail"": 1}",{},79765,98,84,20,0.0698
local,none,1788,0,,,"{""cap_change"": 1, ""observe_down"": 1, ""observe_stale"": 1, ""store_outage"": 1, ""store_tx_fail"": 1, ""zombie"": 1}",{},114166,184,161,30,0.2165
local,none,1789,0,,,"{""start_fail"": 1}",{},88174,142,128,28,0.1423
local,none,1790,0,,,"{""attempt_lost"": 1, ""policy_fault"": 1, ""slow_start"": 1}",{},71387,128,131,24,0.1689
local,none,1791,0,,,"{""crash"": 1, ""node_down"": 1, ""observe_down"": 1, ""policy_fault"": 1, ""zombie"": 2}","{""start.after_call"": 1}",302152,255,188,45,0.3631
local,none,1792,0,,,"{""attempt_lost"": 1, ""node_down"": 2, ""observe_down"": 1, ""store_outage"": 1}",{},111601,201,175,37,0.2341
local,none,1793,0,,,"{""observe_stale"": 1, ""start_fail"": 1, ""store_tx_fail"": 1}",{},63514,142,125,28,0.1473
local,none,1794,0,,,"{""cap_change"": 1, ""crash"": 1, ""node_down"": 1, ""slow_start"": 1}","{""stopped.before_commit"": 1}",49794,141,135,27,0.154
local,none,1795,0,,,"{""cap_change"": 1, ""node_down"": 1, ""observe_stale"": 2, ""slow_start"": 1, ""stop_fail"": 1}",{},79077,126,146,26,0.1463
local,none,1796,0,,,"{""crash"": 2, ""stop_fail"": 1, ""store_outage"": 1}","{""requeue.before_commit"": 1, ""start.after_call"": 1}",189897,140,142,31,0.1484
local,none,1797,0,,,"{""crash"": 1, ""observe_stale"": 1, ""preempt"": 1, ""race_cancel"": 1, ""start_fail"": 1}","{""submit.after_commit"": 1}",155968,144,133,29,0.1574
local,none,1798,0,,,"{""attempt_lost"": 1, ""crash"": 2, ""observe_down"": 1, ""observe_stale"": 1, ""race_cancel"": 1}","{""requeue.before_commit"": 1, ""start.after_commit"": 1}",28411,141,129,28,0.1485
local,none,1799,0,,,"{""attempt_lost"": 1, ""cap_change"": 1, ""preempt"": 1, ""stop_fail"": 1}",{},0,196,165,38,0.2621
local,none,1800,0,,,"{""attempt_crash"": 1, ""cap_change"": 1, ""preempt"": 1, ""store_tx_fail"": 1, ""zombie"": 1}",{},162565,196,151,35,0.2315
local,none,1801,0,,,"{""attempt_lost"": 1, ""policy_fault"": 1, ""start_fail"": 1, ""stop_fail"": 1, ""zombie"": 1}",{},229306,218,160,37,0.2682
local,none,1802,0,,,"{""attempt_crash"": 1, ""attempt_lost"": 1, ""node_down"": 1, ""observe_stale"": 1, ""stop_fail"": 1}",{},150321,156,141,31,0.1659
local,none,1803,0,,,"{""cap_change"": 1, ""crash"": 1, ""slow_start"": 2, ""store_outage"": 1}","{""ended.before_forget"": 1}",109027,106,102,22,0.1156
local,none,1804,0,,,"{""cap_change"": 2, ""crash"": 1, ""observe_stale"": 1, ""race_cancel"": 1, ""slow_start"": 1}","{""start.after_commit"": 1}",53573,155,163,32,0.2447
local,none,1805,0,,,"{""observe_stale"": 1, ""slow_start"": 1, ""stop_fail"": 1, ""zombie"": 1}",{},23521,150,123,30,0.1792
local,none,1806,0,,,"{""slow_start"": 1, ""stop_fail"": 2}",{},146193,118,101,25,0.0914
local,none,1807,0,,,"{""crash"": 1}","{""start.after_commit"": 1}",169874,142,117,28,0.1455
local,none,1808,0,,,"{""cap_change"": 1, ""policy_fault"": 1, ""slow_start"": 1}",{},205540,150,141,31,0.1773
local,none,1809,0,,,"{""slow_start"": 1, ""store_outage"": 1, ""zombie"": 2}",{},167959,148,112,30,0.1515
local,none,1810,0,,,"{""cap_change"": 1, ""crash"": 1}","{""requeue.before_commit"": 1}",97288,118,108,25,0.1241
local,none,1811,0,,,"{""attempt_crash"": 1, ""crash"": 1, ""observe_stale"": 1}","{""stop.before_call"": 1}",130231,148,140,30,0.1511
local,none,1812,0,,,"{""attempt_crash"": 1, ""crash"": 1, ""race_cancel"": 1, ""start_fail"": 1, ""stop_fail"": 1, ""zombie"": 1}","{""stopped.before_commit"": 1}",94279,156,117,27,0.1562
local,none,1813,0,,,"{""attempt_crash"": 1, ""cap_change"": 1, ""policy_fault"": 1, ""start_fail"": 1, ""store_tx_fail"": 2}",{},65510,206,178,40,0.2319
local,none,1814,0,,,"{""policy_fault"": 1, ""start_fail"": 1, ""store_tx_fail"": 2}",{},150737,166,157,31,0.1819
local,none,1815,0,,,"{""policy_fault"": 1, ""race_cancel"": 1}",{},66901,210,166,36,0.2698
local,none,1816,0,,,"{""policy_fault"": 1, ""preempt"": 2, ""start_fail"": 1, ""store_outage"": 1}",{},181391,235,196,39,0.3514
local,none,1817,0,,,"{""crash"": 1, ""race_cancel"": 1, ""store_outage"": 1, ""store_tx_fail"": 1, ""zombie"": 1}","{""start.after_call"": 1}",153073,197,164,40,0.2319
local,none,1818,0,,,"{""crash"": 2, ""observe_down"": 1, ""stop_fail"": 2}","{""start.after_commit"": 1, ""stopped.before_commit"": 1}",80689,106,96,20,0.0813
local,none,1819,0,,,"{""start_fail"": 1}",{},59159,116,104,25,0.0907
local,none,1820,0,,,"{""crash"": 1, ""stop_fail"": 1, ""store_outage"": 1}","{""ended.before_forget"": 1}",135108,120,113,24,0.1134
local,none,1821,0,,,"{""race_cancel"": 1}",{},100814,170,144,39,0.2361
local,none,1822,0,,,"{""preempt"": 1, ""store_outage"": 1, ""store_tx_fail"": 1, ""zombie"": 1}",{},140976,198,173,40,0.2784
local,none,1823,0,,,"{""observe_stale"": 1, ""store_outage"": 1, ""store_tx_fail"": 1}",{},158004,204,194,39,0.2838
local,none,1824,0,,,"{""node_down"": 1, ""observe_stale"": 1, ""race_cancel"": 1}",{},189027,196,177,36,0.2252
local,none,1825,0,,,"{""attempt_lost"": 1, ""cap_change"": 2, ""race_cancel"": 1, ""slow_start"": 1}",{},144331,172,177,37,0.2557
local,none,1826,0,,,"{""crash"": 1, ""slow_start"": 1}","{""start.after_commit"": 1}",167383,122,111,27,0.1555
local,none,1827,0,,,"{""attempt_crash"": 1, ""attempt_lost"": 1, ""policy_fault"": 1, ""race_cancel"": 1, ""zombie"": 1}",{},129477,204,166,34,0.2323
local,none,1828,0,,,"{""stop_fail"": 1, ""store_tx_fail"": 1, ""zombie"": 1}",{},262638,144,107,28,0.1099
local,none,1829,0,,,"{""observe_stale"": 1}",{},104212,164,153,31,0.1874
local,none,1830,0,,,"{""attempt_lost"": 1, ""preempt"": 1, ""start_fail"": 1, ""zombie"": 1}",{},145245,162,140,30,0.1727
local,none,1831,0,,,"{""crash"": 1, ""zombie"": 1}","{""start.after_call"": 1}",210301,210,151,36,0.254
local,none,1832,0,,,"{""attempt_crash"": 1, ""zombie"": 1}",{},223601,120,90,23,0.0971
local,none,1833,0,,,"{""attempt_crash"": 1, ""crash"": 1, ""node_down"": 1, ""policy_fault"": 1, ""race_cancel"": 1, ""stop_fail"": 1}","{""start.after_commit"": 1}",121383,171,160,30,0.1773
local,none,1834,0,,,"{""attempt_crash"": 1, ""observe_stale"": 1, ""preempt"": 1, ""stop_fail"": 1, ""zombie"": 1}",{},143673,196,156,35,0.1994
local,none,1835,0,,,"{""preempt"": 1}",{},89067,134,118,28,0.1641
local,none,1836,0,,,"{""store_outage"": 1}",{},119256,104,104,23,0.1006
local,none,1837,0,,,"{""attempt_crash"": 1, ""observe_stale"": 1}",{},240293,156,134,31,0.1788
local,none,1838,0,,,"{""race_cancel"": 1}",{},270559,120,107,20,0.0954
local,none,1839,0,,,"{""cap_change"": 1}",{},102427,106,100,21,0.1006
local,none,1840,0,,,"{""node_down"": 1, ""observe_down"": 1, ""observe_stale"": 1, ""race_cancel"": 1, ""start_fail"": 1}",{},207325,173,167,34,0.238
local,none,1841,0,,,"{""zombie"": 1}",{},162684,112,98,24,0.0916
local,none,1842,0,,,"{""attempt_lost"": 1, ""crash"": 1, ""observe_stale"": 1, ""start_fail"": 1}","{""ended.before_forget"": 1}",167328,136,123,23,0.1198
local,none,1843,0,,,"{""node_down"": 1, ""observe_stale"": 1, ""stop_fail"": 1, ""zombie"": 1}",{},34117,123,93,26,0.1323
local,none,1844,0,,,"{""attempt_crash"": 1, ""cap_change"": 1, ""node_down"": 1, ""observe_down"": 1, ""race_cancel"": 1, ""slow_start"": 1}",{},138367,108,122,20,0.118
local,none,1845,0,,,"{""attempt_crash"": 1, ""attempt_lost"": 1, ""cap_change"": 1, ""crash"": 1, ""observe_stale"": 1, ""race_cancel"": 1}","{""stopped.before_commit"": 1}",112059,131,117,26,0.1357
local,none,1846,0,,,"{""attempt_crash"": 1}",{},183798,188,152,35,0.2489
local,none,1847,0,,,"{""observe_down"": 1, ""race_cancel"": 1}",{},70852,139,117,28,0.1327
local,none,1848,0,,,"{""attempt_crash"": 1, ""crash"": 1, ""race_cancel"": 1, ""start_fail"": 1}","{""ended.before_forget"": 1}",76689,116,99,22,0.0961
local,none,1849,0,,,"{""attempt_crash"": 1, ""stop_fail"": 1}",{},117485,106,100,24,0.0954
local,none,1850,0,,,"{""observe_stale"": 1, ""slow_start"": 2}",{},57644,162,136,28,0.1685
local,none,1851,0,,,"{""crash"": 1, ""start_fail"": 2}","{""submit.after_commit"": 1}",100257,100,95,20,0.1031
local,none,1852,0,,,"{""crash"": 1, ""stop_fail"": 1, ""store_outage"": 1, ""zombie"": 2}","{""requeue.before_commit"": 1}",163446,207,156,40,0.2701
local,none,1853,0,,,"{""attempt_lost"": 1, ""node_down"": 1, ""race_cancel"": 1, ""stop_fail"": 1}",{},5912,146,132,32,0.1803
local,none,1854,0,,,"{""start_fail"": 1, ""store_outage"": 1}",{},159736,128,133,30,0.1427
local,none,1855,0,,,"{""crash"": 1, ""node_down"": 1, ""start_fail"": 1, ""store_tx_fail"": 1}","{""stop.before_call"": 1}",90026,100,91,20,0.0777
local,none,1856,0,,,"{""attempt_crash"": 1, ""cap_change"": 1, ""policy_fault"": 1}",{},56356,110,94,22,0.0975
local,none,1857,0,,,"{""preempt"": 1}",{},135873,128,114,28,0.1401
local,none,1858,0,,,"{""cap_change"": 1, ""store_tx_fail"": 1}",{},124918,162,151,35,0.1967
local,none,1859,0,,,{},{},146643,152,131,30,0.1565
local,none,1860,0,,,"{""store_tx_fail"": 1}",{},112507,166,143,34,0.1819
local,none,1861,0,,,"{""attempt_lost"": 1, ""cap_change"": 1, ""node_down"": 1, ""stop_fail"": 1, ""store_outage"": 1, ""zombie"": 1}",{},102591,193,176,35,0.2428
local,none,1862,0,,,"{""attempt_lost"": 1, ""crash"": 1, ""node_down"": 1, ""policy_fault"": 1, ""store_tx_fail"": 1, ""zombie"": 1}","{""ended.before_forget"": 1}",181682,174,151,37,0.2209
local,none,1863,0,,,"{""cap_change"": 1, ""crash"": 1, ""observe_down"": 1, ""observe_stale"": 2, ""zombie"": 1}","{""start.after_call"": 1}",158292,214,175,43,0.318
local,none,1864,0,,,"{""cap_change"": 1, ""crash"": 1, ""observe_down"": 1, ""store_tx_fail"": 1, ""zombie"": 1}","{""start.after_call"": 1}",438253,260,200,44,0.3462
local,none,1865,0,,,"{""policy_fault"": 1, ""race_cancel"": 1}",{},94589,137,125,27,0.1572
local,none,1866,0,,,"{""crash"": 1, ""observe_stale"": 1}","{""stop.before_call"": 1}",174297,106,104,21,0.0881
local,none,1867,0,,,"{""policy_fault"": 1}",{},161880,142,117,30,0.1337
local,none,1868,0,,,"{""crash"": 1}","{""requeue.before_commit"": 1}",158679,98,91,22,0.1052
local,none,1869,0,,,"{""crash"": 1, ""node_down"": 1, ""store_tx_fail"": 1}","{""submit.after_commit"": 1}",363619,186,165,31,0.2355
local,none,1870,0,,,"{""attempt_lost"": 1, ""node_down"": 1, ""observe_down"": 1, ""start_fail"": 1, ""zombie"": 1}",{},114172,195,177,36,0.2421
local,none,1871,0,,,"{""observe_stale"": 1, ""policy_fault"": 1, ""slow_start"": 1}",{},170856,200,204,39,0.2652
local,none,1872,0,,,"{""cap_change"": 1, ""crash"": 1, ""race_cancel"": 1}","{""stopped.before_commit"": 1}",211833,212,182,39,0.3054
local,none,1873,0,,,"{""preempt"": 1, ""slow_start"": 1}",{},145728,128,125,24,0.1375
local,none,1874,0,,,"{""observe_stale"": 1}",{},251357,166,147,37,0.174
local,none,1875,0,,,"{""crash"": 1}","{""requeue.before_commit"": 1}",151950,178,124,36,0.1882
local,none,1876,0,,,"{""crash"": 1, ""observe_stale"": 1, ""store_tx_fail"": 1, ""zombie"": 1}","{""ended.before_forget"": 1}",51489,175,147,38,0.2002
local,none,1877,0,,,"{""attempt_lost"": 1, ""store_outage"": 1}",{},172512,144,134,30,0.1508
local,none,1878,0,,,"{""attempt_crash"": 1, ""stop_fail"": 1}",{},79014,172,150,31,0.1696
local,none,1879,0,,,"{""attempt_lost"": 1, ""observe_down"": 2}",{},56724,172,151,36,0.1834
local,none,1880,0,,,"{""observe_down"": 1, ""observe_stale"": 1, ""preempt"": 2}",{},124934,148,136,30,0.1718
local,none,1881,0,,,"{""observe_down"": 1, ""observe_stale"": 1, ""start_fail"": 1, ""zombie"": 1}",{},157705,172,148,34,0.2029
local,none,1882,0,,,"{""observe_down"": 1, ""race_cancel"": 1, ""store_outage"": 1}",{},113121,180,173,38,0.2517
local,none,1883,0,,,"{""node_down"": 1}",{},270751,158,125,27,0.1979
local,none,1884,0,,,"{""attempt_lost"": 1, ""crash"": 1, ""observe_down"": 1, ""preempt"": 1, ""race_cancel"": 1, ""start_fail"": 1}","{""ended.before_forget"": 1}",124085,160,140,29,0.1543
local,none,1885,0,,,"{""attempt_crash"": 1, ""crash"": 1, ""policy_fault"": 1, ""race_cancel"": 1, ""store_tx_fail"": 1, ""zombie"": 1}","{""stop.before_call"": 1}",120060,166,144,34,0.2287
local,none,1886,0,,,"{""crash"": 2, ""observe_down"": 1, ""slow_start"": 1}","{""ended.before_forget"": 1, ""start.after_call"": 1}",305029,160,141,31,0.1728
local,none,1887,0,,,"{""slow_start"": 1, ""start_fail"": 1, ""store_outage"": 1, ""zombie"": 2}",{},54250,164,138,30,0.1654
local,none,1888,0,,,"{""store_outage"": 1}",{},94554,164,149,32,0.1962
local,none,1889,0,,,"{""start_fail"": 1, ""zombie"": 1}",{},144148,108,82,25,0.1035
local,none,1890,0,,,"{""cap_change"": 1, ""crash"": 1, ""stop_fail"": 1}","{""requeue.before_commit"": 1}",99715,104,92,22,0.0988
local,none,1891,0,,,"{""attempt_crash"": 1, ""cap_change"": 1, ""observe_down"": 1, ""preempt"": 1, ""stop_fail"": 1}",{},251963,170,147,34,0.2125
local,none,1892,0,,,"{""stop_fail"": 1, ""store_outage"": 1}",{},158366,172,155,30,0.1764
local,none,1893,0,,,"{""crash"": 4, ""observe_stale"": 1, ""slow_start"": 1}","{""ended.before_forget"": 2, ""start.after_commit"": 2}",114191,106,107,24,0.0985
local,none,1894,0,,,"{""observe_down"": 1, ""policy_fault"": 1, ""race_cancel"": 1, ""stop_fail"": 1, ""zombie"": 1}",{},154640,149,136,30,0.1466
local,none,1895,0,,,"{""policy_fault"": 1, ""slow_start"": 1}",{},120483,138,149,32,0.1973
local,none,1896,0,,,"{""node_down"": 2, ""race_cancel"": 1}",{},172619,174,171,33,0.219
local,none,1897,0,,,"{""attempt_lost"": 1, ""observe_down"": 1, ""observe_stale"": 1, ""race_cancel"": 1, ""slow_start"": 1, ""store_outage"": 1}",{},126421,142,144,28,0.1644
local,none,1898,0,,,"{""observe_down"": 1, ""store_tx_fail"": 1}",{},125603,210,185,39,0.2695
local,none,1899,0,,,"{""attempt_lost"": 1, ""observe_down"": 1}",{},107998,104,93,22,0.0982
local,none,1900,0,,,"{""node_down"": 1, ""observe_stale"": 1, ""race_cancel"": 1, ""stop_fail"": 1}",{},98080,108,107,26,0.1131
local,none,1901,0,,,"{""attempt_crash"": 1, ""attempt_lost"": 2, ""observe_stale"": 2}",{},65577,162,148,30,0.2109
local,none,1902,0,,,"{""crash"": 1, ""observe_stale"": 1}","{""requeue.before_commit"": 1}",259432,188,163,37,0.2835
local,none,1903,0,,,"{""attempt_crash"": 1, ""attempt_lost"": 1, ""observe_down"": 1, ""observe_stale"": 1, ""race_cancel"": 1, ""zombie"": 1}",{},76414,239,198,43,0.323
local,none,1904,0,,,"{""cap_change"": 1, ""crash"": 1}","{""start.after_call"": 1}",0,146,133,33,0.187
local,none,1905,0,,,"{""attempt_crash"": 1}",{},160577,116,109,21,0.1099
local,none,1906,0,,,"{""crash"": 1}","{""start.after_commit"": 1}",245631,180,155,33,0.1979
local,none,1907,0,,,"{""cap_change"": 1, ""crash"": 1, ""preempt"": 1, ""store_tx_fail"": 1, ""zombie"": 1}","{""ended.before_forget"": 1}",5606,116,99,20,0.1215
local,none,1908,0,,,"{""slow_start"": 1, ""store_outage"": 1}",{},157771,192,193,37,0.2468
local,none,1909,0,,,"{""preempt"": 1, ""race_cancel"": 1}",{},148684,118,104,20,0.1096
local,none,1910,0,,,"{""node_down"": 1}",{},103865,207,189,35,0.269
local,none,1911,0,,,"{""race_cancel"": 1, ""zombie"": 1}",{},190269,196,163,42,0.253
local,none,1912,0,,,"{""attempt_crash"": 1, ""crash"": 1}","{""stop.before_call"": 1}",79010,146,132,28,0.1567
local,none,1913,0,,,"{""attempt_crash"": 1, ""crash"": 1, ""node_down"": 1}","{""requeue.before_commit"": 1}",116444,142,127,26,0.1348
local,none,1914,0,,,"{""attempt_lost"": 2, ""observe_stale"": 1}",{},186557,202,177,39,0.2745
local,none,1915,0,,,"{""attempt_lost"": 1, ""cap_change"": 1, ""slow_start"": 1, ""start_fail"": 1}",{},115103,92,80,20,0.0819
local,none,1916,0,,,"{""node_down"": 1}",{},236381,177,155,36,0.2258
local,none,1917,0,,,"{""crash"": 1, ""node_down"": 1, ""observe_down"": 1, ""race_cancel"": 1, ""zombie"": 1}","{""stopped.before_commit"": 1}",170845,194,162,41,0.2433
local,none,1918,0,,,"{""observe_down"": 1, ""observe_stale"": 1, ""policy_fault"": 1}",{},138249,133,121,23,0.1251
local,none,1919,0,,,"{""observe_stale"": 2, ""slow_start"": 1, ""start_fail"": 1, ""store_outage"": 1}",{},129588,219,188,32,0.2551
local,none,1920,0,,,"{""crash"": 1, ""node_down"": 1, ""policy_fault"": 1}","{""start.after_commit"": 1}",177459,198,184,39,0.2641
local,none,1921,0,,,"{""attempt_lost"": 1, ""observe_stale"": 1, ""preempt"": 1}",{},203508,202,168,38,0.2177
local,none,1922,0,,,"{""slow_start"": 1}",{},153257,164,156,35,0.2052
local,none,1923,0,,,"{""node_down"": 1}",{},197972,220,184,40,0.2887
local,none,1924,0,,,"{""slow_start"": 1}",{},165397,176,161,40,0.2437
local,none,1925,0,,,"{""crash"": 1, ""observe_down"": 2, ""preempt"": 1, ""race_cancel"": 1}","{""stopped.before_commit"": 1}",121150,133,115,26,0.14
local,none,1926,0,,,"{""attempt_lost"": 1, ""crash"": 1, ""policy_fault"": 1, ""race_cancel"": 1, ""zombie"": 1}","{""start.after_call"": 1}",55746,191,159,31,0.1901
local,none,1927,0,,,"{""crash"": 1, ""policy_fault"": 1, ""race_cancel"": 1, ""start_fail"": 1, ""zombie"": 1}","{""start.after_call"": 1}",66857,162,145,35,0.1788
local,none,1928,0,,,"{""attempt_lost"": 2, ""policy_fault"": 1, ""slow_start"": 1, ""start_fail"": 1, ""stop_fail"": 1}",{},40057,132,147,24,0.1378
local,none,1929,0,,,"{""observe_stale"": 1, ""slow_start"": 1, ""start_fail"": 1, ""zombie"": 1}",{},72864,126,88,25,0.1065
local,none,1930,0,,,"{""crash"": 1, ""observe_stale"": 1, ""stop_fail"": 1, ""store_outage"": 1}","{""stop.before_call"": 1}",129475,140,133,26,0.1471
local,none,1931,0,,,"{""node_down"": 1, ""observe_stale"": 1, ""preempt"": 1, ""slow_start"": 1, ""zombie"": 2}",{},411833,223,168,41,0.3371
local,none,1932,0,,,"{""cap_change"": 2, ""node_down"": 1, ""observe_stale"": 1, ""zombie"": 1}",{},121271,181,152,35,0.2452
local,none,1933,0,,,"{""zombie"": 1}",{},159095,186,141,33,0.2112
local,none,1934,0,,,"{""crash"": 1, ""start_fail"": 1}","{""ended.before_forget"": 1}",108889,154,136,32,0.1724
local,none,1935,0,,,"{""attempt_crash"": 1, ""attempt_lost"": 1, ""crash"": 1, ""preempt"": 1, ""start_fail"": 1, ""stop_fail"": 1}","{""start.after_commit"": 1}",123667,152,144,28,0.1906
local,none,1936,0,,,"{""attempt_crash"": 1, ""node_down"": 1, ""policy_fault"": 1, ""slow_start"": 1}",{},272629,175,158,31,0.2582
local,none,1937,0,,,"{""policy_fault"": 1, ""store_tx_fail"": 1}",{},121415,144,132,32,0.1557
local,none,1938,0,,,"{""attempt_crash"": 1, ""cap_change"": 1, ""stop_fail"": 1, ""store_outage"": 1}",{},46370,190,173,39,0.2305
local,none,1939,0,,,"{""crash"": 1, ""preempt"": 1, ""race_cancel"": 1, ""stop_fail"": 1, ""store_outage"": 1}","{""start.after_call"": 1}",261299,184,178,38,0.2398
local,none,1940,0,,,"{""store_outage"": 1, ""store_tx_fail"": 1}",{},69933,176,171,37,0.2121
local,none,1941,0,,,"{""observe_stale"": 1, ""start_fail"": 2}",{},114626,158,148,33,0.1785
local,none,1942,0,,,"{""slow_start"": 1, ""zombie"": 1}",{},86945,120,117,25,0.1307
local,none,1943,0,,,"{""attempt_crash"": 1, ""node_down"": 1, ""observe_stale"": 1}",{},12721,174,146,28,0.1739
local,none,1944,0,,,"{""crash"": 1, ""slow_start"": 1, ""start_fail"": 1, ""store_tx_fail"": 1}","{""start.after_call"": 1}",111708,158,161,28,0.181
local,none,1945,0,,,"{""race_cancel"": 1}",{},167641,170,143,33,0.2278
local,none,1946,0,,,"{""store_outage"": 1}",{},0,112,97,22,0.09
local,none,1947,0,,,"{""cap_change"": 1, ""policy_fault"": 1, ""start_fail"": 1, ""store_outage"": 1}",{},102039,134,125,27,0.1311
local,none,1948,0,,,"{""crash"": 1, ""slow_start"": 1, ""zombie"": 1}","{""submit.after_commit"": 1}",39039,178,171,39,0.2261
local,none,1949,0,,,"{""crash"": 1, ""node_down"": 1, ""observe_down"": 1, ""race_cancel"": 1, ""zombie"": 1}","{""stopped.before_commit"": 1}",182688,201,4846,37,5.7485
local,none,1950,0,,,"{""crash"": 1, ""stop_fail"": 1}","{""stopped.before_commit"": 1}",119084,130,117,23,0.1176
local,none,1951,0,,,"{""policy_fault"": 1, ""preempt"": 1, ""slow_start"": 1, ""store_outage"": 1, ""store_tx_fail"": 1}",{},157476,174,170,38,0.2182
local,none,1952,0,,,"{""attempt_crash"": 1, ""crash"": 1, ""stop_fail"": 1}","{""start.after_commit"": 1}",99404,146,141,29,0.1713
local,none,1953,0,,,"{""crash"": 1, ""node_down"": 1, ""observe_down"": 1}","{""start.after_commit"": 1}",101933,190,170,36,0.2318
local,none,1954,0,,,"{""observe_stale"": 1, ""policy_fault"": 1, ""zombie"": 2}",{},16266,120,101,28,0.1053
local,none,1955,0,,,"{""cap_change"": 1, ""crash"": 2, ""preempt"": 1, ""race_cancel"": 1, ""zombie"": 1}","{""ended.before_forget"": 1, ""start.after_call"": 1}",223647,214,171,40,0.2708
local,none,1956,0,,,"{""attempt_lost"": 1, ""observe_stale"": 1}",{},267266,153,138,28,0.1701
local,none,1957,0,,,"{""attempt_crash"": 1, ""attempt_lost"": 1, ""observe_stale"": 1, ""slow_start"": 1, ""zombie"": 1}",{},189580,202,149,36,0.2105
local,none,1958,0,,,"{""observe_stale"": 2, ""race_cancel"": 1, ""stop_fail"": 1}",{},131186,250,178,34,0.3233
local,none,1959,0,,,"{""node_down"": 1, ""observe_down"": 1, ""policy_fault"": 1, ""start_fail"": 1, ""zombie"": 1}",{},111128,166,135,33,0.1818
local,none,1960,0,,,"{""cap_change"": 1, ""crash"": 1, ""start_fail"": 1, ""zombie"": 1}","{""start.after_commit"": 1}",168314,118,92,24,0.1014
local,none,1961,0,,,"{""node_down"": 1, ""observe_down"": 1, ""observe_stale"": 1, ""slow_start"": 2, ""store_tx_fail"": 1}",{},292744,211,215,37,0.2996
local,none,1962,0,,,"{""node_down"": 1, ""preempt"": 2, ""race_cancel"": 1, ""start_fail"": 1, ""stop_fail"": 1}",{},156584,193,175,39,0.2433
local,none,1963,0,,,"{""observe_down"": 1}",{},96935,148,131,27,0.1849
local,none,1964,0,,,"{""race_cancel"": 1, ""slow_start"": 1, ""store_tx_fail"": 1}",{},120607,136,127,27,0.1281
local,none,1965,0,,,"{""slow_start"": 1}",{},97908,150,147,32,0.187
local,none,1966,0,,,"{""node_down"": 1, ""observe_stale"": 1, ""policy_fault"": 1}",{},142818,196,174,39,0.2565
local,none,1967,0,,,"{""cap_change"": 1, ""crash"": 1, ""node_down"": 1, ""observe_down"": 1, ""slow_start"": 1, ""start_fail"": 1}","{""start.after_commit"": 1}",0,169,166,35,0.2361
local,none,1968,0,,,"{""crash"": 1, ""observe_stale"": 1}","{""submit.after_commit"": 1}",78645,140,142,32,0.165
local,none,1969,0,,,"{""attempt_lost"": 1, ""cap_change"": 1, ""policy_fault"": 1, ""preempt"": 1, ""zombie"": 1}",{},197018,136,99,29,0.1284
local,none,1970,0,,,"{""node_down"": 2, ""stop_fail"": 1}",{},98239,201,179,38,0.2878
local,none,1971,0,,,"{""crash"": 2, ""policy_fault"": 1, ""slow_start"": 1}","{""requeue.before_commit"": 1, ""start.after_commit"": 1}",55271,114,121,24,0.1243
local,none,1972,0,,,"{""attempt_lost"": 1, ""race_cancel"": 1, ""stop_fail"": 1, ""store_tx_fail"": 1}",{},66100,155,132,29,0.1522
local,none,1973,0,,,"{""store_tx_fail"": 1}",{},123318,126,112,30,0.1223
local,none,1974,0,,,"{""observe_down"": 1, ""observe_stale"": 1, ""race_cancel"": 2}",{},101048,123,114,23,0.1215
local,none,1975,0,,,"{""attempt_crash"": 1}",{},128729,172,143,40,0.2248
local,none,1976,0,,,"{""crash"": 1, ""observe_stale"": 1, ""start_fail"": 1}","{""start.after_commit"": 1}",108178,112,109,25,0.108
local,none,1977,0,,,"{""attempt_lost"": 1, ""crash"": 1, ""observe_down"": 1, ""observe_stale"": 1, ""store_outage"": 1, ""zombie"": 1}","{""requeue.before_commit"": 1}",91282,136,111,27,0.1236
local,none,1978,0,,,"{""observe_stale"": 1}",{},184258,154,143,30,0.1475
local,none,1979,0,,,"{""attempt_lost"": 1, ""crash"": 1, ""node_down"": 1, ""observe_down"": 1, ""policy_fault"": 1, ""race_cancel"": 1}","{""start.after_commit"": 1}",37353,138,146,30,0.1844
local,none,1980,0,,,"{""preempt"": 1, ""store_outage"": 1}",{},182827,198,179,36,0.2671
local,none,1981,0,,,"{""cap_change"": 1, ""race_cancel"": 1, ""stop_fail"": 1}",{},129724,190,167,38,0.2221
local,none,1982,0,,,"{""attempt_crash"": 1, ""cap_change"": 1, ""slow_start"": 1, ""stop_fail"": 1, ""store_tx_fail"": 1}",{},78920,128,116,24,0.123
local,none,1983,0,,,"{""race_cancel"": 1, ""start_fail"": 1}",{},33010,135,111,26,0.1475
local,none,1984,0,,,"{""cap_change"": 1, ""crash"": 1, ""node_down"": 1, ""observe_stale"": 1, ""stop_fail"": 1}","{""submit.after_commit"": 1}",162238,128,133,28,0.1558
local,none,1985,0,,,"{""race_cancel"": 1}",{},118012,107,96,23,0.1131
local,none,1986,0,,,"{""attempt_lost"": 1, ""observe_down"": 1, ""observe_stale"": 1, ""race_cancel"": 1}",{},143989,95,93,21,0.0916
local,none,1987,0,,,"{""attempt_lost"": 1, ""stop_fail"": 1}",{},103943,102,97,20,0.0957
local,none,1988,0,,,"{""slow_start"": 1, ""stop_fail"": 1}",{},66211,136,130,32,0.1446
local,none,1989,0,,,"{""cap_change"": 1, ""crash"": 1, ""race_cancel"": 1, ""start_fail"": 1}","{""stopped.before_commit"": 1}",95079,132,135,29,0.1502
local,none,1990,0,,,"{""crash"": 2, ""observe_down"": 2, ""start_fail"": 1, ""zombie"": 1}","{""ended.before_forget"": 1, ""start.after_call"": 1}",186490,158,126,28,0.132
local,none,1991,0,,,"{""policy_fault"": 1}",{},94639,150,130,28,0.1346
local,none,1992,0,,,"{""observe_stale"": 1}",{},83685,114,104,23,0.0979
local,none,1993,0,,,"{""crash"": 2}","{""ended.before_forget"": 2}",152771,182,166,32,0.2441
local,none,1994,0,,,"{""observe_stale"": 1}",{},179831,116,112,24,0.1129
local,none,1995,0,,,"{""attempt_lost"": 1, ""race_cancel"": 2, ""zombie"": 2}",{},153494,130,101,28,0.1308
local,none,1996,0,,,"{""crash"": 1, ""start_fail"": 1, ""store_tx_fail"": 1}","{""requeue.before_commit"": 1}",182817,172,148,34,0.2033
local,none,1997,0,,,"{""crash"": 1, ""zombie"": 1}","{""ended.before_forget"": 1}",128289,110,84,23,0.1023
local,none,1998,0,,,"{""stop_fail"": 1}",{},175758,190,158,39,0.2315
local,none,1999,0,,,"{""crash"": 1, ""observe_down"": 1, ""observe_stale"": 1, ""policy_fault"": 1, ""store_tx_fail"": 1}","{""stop.before_call"": 1}",0,138,127,28,0.1587
local,none,2000,0,,,"{""crash"": 1, ""observe_down"": 1, ""observe_stale"": 1, ""slow_start"": 1}","{""start.after_call"": 1}",210921,268,12755,38,19.9171
local,release_at_stop,1,2,I5,"replay differs from the tables: books differ: table {('team-a', 'r0-n00'): (4, 48, 384000), ('team-a', 'r0-n01'): (8, 96, 768000), ('team-c', 'r1-n00'): (8, 96,",{},{},,30,22,9,0.0251
local,release_at_stop,2,2,I5,"replay differs from the tables: books differ: table {('team-c', 'r0-n01'): (8, 96, 768000), ('team-c', 'r1-n00'): (1, 12, 96000)} != replay {('team-b', 'r0-n00'","{""policy_fault"": 1, ""slow_start"": 1, ""zombie"": 1}",{},,131,96,29,0.2007
local,release_at_stop,3,2,I5,"replay differs from the tables: books differ: table {('team-a', 'r0-n00'): (4, 48, 384000), ('team-c', 'r0-n01'): (4, 48, 384000)} != replay {('team-a', 'r0-n00","{""store_outage"": 1}",{},,30,30,8,0.0264
local,release_at_stop,4,2,I5,"replay differs from the tables: books differ: table {('team-a', 'r0-n00'): (5, 60, 480000), ('team-a', 'r1-n00'): (2, 24, 192000), ('team-a', 'r1-n01'): (1, 12,","{""stop_fail"": 1}",{},,64,49,16,0.0812
local,release_at_stop,5,2,I5,"replay differs from the tables: books differ: table {('team-a', 'r0-n00'): (4, 48, 384000), ('team-b', 'r0-n01'): (4, 48, 384000), ('team-c', 'r0-n00'): (3, 36,","{""crash"": 1, ""slow_start"": 1}","{""submit.after_commit"": 1}",,79,70,19,0.0942
local,release_at_stop,6,2,I5,"replay differs from the tables: books differ: table {('team-a', 'r0-n01'): (4, 48, 384000), ('team-b', 'r0-n00'): (2, 24, 192000)} != replay {('team-a', 'r0-n00",{},{},,43,34,8,0.0315
local,release_at_stop,7,2,I5,"replay differs from the tables: books differ: table {('team-a', 'r0-n00'): (1, 12, 96000), ('team-b', 'r0-n00'): (4, 48, 384000)} != replay {('team-a', 'r0-n00'",{},{},,11,9,3,0.0074
local,release_at_stop,8,2,I5,"replay differs from the tables: books differ: table {('team-b', 'r0-n00'): (5, 60, 480000), ('team-b', 'r1-n01'): (8, 96, 768000), ('team-c', 'r1-n00'): (2, 24,","{""crash"": 2, ""observe_down"": 1, ""zombie"": 1}","{""requeue.before_commit"": 1, ""stop.before_call"": 1}",,116,94,24,0.1446
local,release_at_stop,9,2,I5,"replay differs from the tables: books differ: table {('team-a', 'r0-n01'): (8, 96, 768000), ('team-a', 'r1-n00'): (8, 96, 768000), ('team-a', 'r1-n01'): (2, 24,","{""cap_change"": 1, ""observe_down"": 1}",{},,78,66,17,0.0843
local,release_at_stop,10,0,,,"{""policy_fault"": 1, ""store_tx_fail"": 1, ""zombie"": 1}",{},8147,120,111,27,0.1823
local,release_at_stop,11,2,I5,"replay differs from the tables: books differ: table {('team-a', 'r0-n01'): (4, 48, 384000), ('team-a', 'r1-n01'): (8, 96, 768000), ('team-c', 'r0-n00'): (4, 48,","{""preempt"": 1}",{},,34,29,10,0.0341
local,release_at_stop,12,2,I5,"replay differs from the tables: books differ: table {('team-a', 'r0-n00'): (3, 36, 288000), ('team-b', 'r0-n00'): (1, 12, 96000), ('team-b', 'r0-n01'): (4, 48, ",{},{},,75,61,19,0.0932
local,release_at_stop,13,2,I5,"replay differs from the tables: books differ: table {('team-b', 'r0-n00'): (1, 12, 96000), ('team-b', 'r1-n00'): (6, 72, 576000), ('team-c', 'r1-n00'): (1, 12, ","{""attempt_lost"": 1, ""crash"": 1, ""policy_fault"": 1}","{""ended.before_forget"": 1}",,144,115,28,0.2319
local,release_at_stop,14,2,I5,"replay differs from the tables: books differ: table {('team-a', 'r0-n01'): (1, 12, 96000), ('team-b', 'r1-n00'): (8, 96, 768000), ('team-c', 'r0-n00'): (4, 48, ",{},{},,49,39,12,0.0606
local,release_at_stop,15,2,I5,"replay differs from the tables: books differ: table {('team-a', 'r0-n00'): (2, 24, 192000), ('team-b', 'r0-n01'): (2, 24, 192000), ('team-b', 'r1-n00'): (4, 48,",{},{},,75,58,18,0.0898
local,release_at_stop,16,2,I5,"replay differs from the tables: books differ: table {('team-a', 'r0-n00'): (7, 84, 672000), ('team-a', 'r0-n01'): (4, 48, 384000), ('team-c', 'r0-n01'): (4, 48,",{},{},,48,37,13,0.0496
local,release_at_stop,17,2,I5,"replay differs from the tables: books differ: table {('team-a', 'r0-n00'): (4, 48, 384000), ('team-a', 'r0-n01'): (1, 12, 96000), ('team-a', 'r1-n01'): (8, 96, ",{},{},,42,32,12,0.0506
local,release_at_stop,18,2,I5,"replay differs from the tables: books differ: table {('team-a', 'r1-n00'): (2, 24, 192000), ('team-b', 'r0-n00'): (5, 60, 480000), ('team-b', 'r1-n00'): (6, 72,","{""zombie"": 2}",{},,125,90,31,0.1949
local,release_at_stop,19,5,I4,seq 51: start of w10 takes team-c to 34 GPUs above its cap 32,"{""stop_fail"": 1}",{},,51,39,13,0.0633
local,release_at_stop,20,2,I5,"replay differs from the tables: books differ: table {('team-a', 'r0-n00'): (2, 24, 192000), ('team-b', 'r0-n00'): (1, 12, 96000), ('team-c', 'r0-n00'): (5, 60, ","{""store_outage"": 1}",{},,77,70,16,0.0949
local,release_at_stop,21,2,I5,"replay differs from the tables: books differ: table {('team-b', 'r0-n00'): (2, 24, 192000), ('team-c', 'r0-n00'): (4, 48, 384000), ('team-c', 'r0-n01'): (2, 24,","{""attempt_crash"": 1, ""node_down"": 1}",{},,85,71,18,0.1163
local,release_at_stop,22,2,I5,"replay differs from the tables: books differ: table {('team-a', 'r0-n00'): (3, 36, 288000), ('team-b', 'r1-n00'): (6, 72, 576000), ('team-c', 'r0-n00'): (4, 48,","{""observe_stale"": 1, ""policy_fault"": 1}",{},,124,102,28,0.1875
local,release_at_stop,23,2,I5,"replay differs from the tables: books differ: table {('team-a', 'r0-n00'): (1, 12, 96000), ('team-a', 'r0-n01'): (4, 48, 384000), ('team-a', 'r1-n00'): (5, 60, ",{},{},,48,37,11,0.0588
local,release_at_stop,24,2,I5,"replay differs from the tables: books differ: table {('team-b', 'r0-n00'): (4, 48, 384000), ('team-b', 'r0-n01'): (1, 12, 96000), ('team-c', 'r0-n00'): (3, 36, ","{""observe_stale"": 1}",{},,46,38,11,0.0602
local,release_at_stop,25,2,I5,"replay differs from the tables: books differ: table {('team-a', 'r0-n00'): (8, 96, 768000), ('team-a', 'r1-n01'): (2, 24, 192000), ('team-b', 'r0-n01'): (8, 96,","{""zombie"": 1}",{},,24,4,8,0.0249
local,release_at_stop,26,0,,,"{""observe_stale"": 1}",{},137876,164,151,33,0.3251
local,release_at_stop,27,2,I5,"replay differs from the tables: books differ: table {('team-a', 'r0-n00'): (2, 24, 192000), ('team-c', 'r0-n00'): (4, 48, 384000), ('team-c', 'r0-n01'): (4, 48,","{""store_tx_fail"": 1}",{},,58,51,17,0.0811
local,release_at_stop,28,2,I5,"replay differs from the tables: books differ: table {('team-a', 'r0-n00'): (1, 12, 96000), ('team-a', 'r0-n01'): (3, 36, 288000), ('team-a', 'r1-n01'): (8, 96, ","{""slow_start"": 1, ""zombie"": 1}",{},,88,79,20,0.1516
local,release_at_stop,29,2,I5,"replay differs from the tables: books differ: table {('team-a', 'r0-n00'): (4, 48, 384000), ('team-b', 'r0-n00'): (2, 24, 192000), ('team-b', 'r0-n01'): (2, 24,","{""race_cancel"": 1}",{},,66,49,16,0.0693
local,release_at_stop,30,2,I5,"replay differs from the tables: books differ: table {('team-a', 'r1-n00'): (4, 48, 384000), ('team-a', 'r1-n01'): (8, 96, 768000), ('team-c', 'r0-n00'): (4, 48,","{""crash"": 1}","{""ended.before_forget"": 1}",,43,39,12,0.0482
local,release_at_stop,31,0,,,"{""attempt_lost"": 1, ""observe_down"": 1, ""store_outage"": 1}",{},72058,108,110,22,0.1463
local,release_at_stop,32,2,I5,"replay differs from the tables: books differ: table {('team-b', 'r1-n00'): (3, 36, 288000), ('team-c', 'r0-n01'): (8, 96, 768000), ('team-c', 'r1-n00'): (4, 48,",{},{},,26,19,11,0.0268
local,release_at_stop,33,2,I5,"replay differs from the tables: books differ: table {('team-a', 'r0-n00'): (3, 36, 288000), ('team-b', 'r0-n00'): (1, 12, 96000)} != replay {('team-a', 'r0-n00'",{},{},,22,17,4,0.0171
local,release_at_stop,34,2,I5,"replay differs from the tables: books differ: table {('team-a', 'r0-n01'): (8, 96, 768000), ('team-b', 'r0-n00'): (1, 12, 96000), ('team-b', 'r1-n00'): (8, 96, ","{""node_down"": 1, ""slow_start"": 1, ""zombie"": 1}",{},,82,55,20,0.0944
local,release_at_stop,35,2,I5,"replay differs from the tables: books differ: table {('team-a', 'r0-n01'): (1, 12, 96000), ('team-b', 'r1-n00'): (8, 96, 768000), ('team-c', 'r0-n01'): (2, 24, ",{},{},,26,21,6,0.0238
local,release_at_stop,36,0,,,"{""cap_change"": 1, ""observe_stale"": 2, ""start_fail"": 1, ""store_outage"": 1, ""zombie"": 1}",{},76515,108,100,24,0.1611
local,release_at_stop,37,2,I5,"replay differs from the tables: books differ: table {('team-a', 'r0-n00'): (1, 12, 96000), ('team-b', 'r0-n00'): (2, 24, 192000), ('team-b', 'r1-n01'): (2, 24, ","{""cap_change"": 1, ""stop_fail"": 1, ""store_tx_fail"": 1}",{},,96,82,19,0.1292
local,release_at_stop,38,2,I5,"replay differs from the tables: books differ: table {('team-a', 'r0-n00'): (6, 72, 576000), ('team-a', 'r0-n01'): (4, 48, 384000), ('team-c', 'r0-n00'): (1, 12,",{},{},,14,11,4,0.0109
local,release_at_stop,39,2,I5,"replay differs from the tables: books differ: table {('team-a', 'r0-n00'): (4, 48, 384000), ('team-b', 'r0-n01'): (3, 36, 288000), ('team-b', 'r1-n00'): (2, 24,","{""attempt_lost"": 1}",{},,54,44,13,0.0629
local,release_at_stop,40,0,,,"{""stop_fail"": 1}",{},152965,116,96,24,0.16
local,release_at_stop,41,2,I5,"replay differs from the tables: books differ: table {('team-a', 'r0-n00'): (4, 48, 384000), ('team-a', 'r1-n01'): (4, 48, 384000), ('team-b', 'r0-n00'): (2, 24,","{""store_outage"": 1}",{},,67,58,15,0.079
local,release_at_stop,42,2,I5,"replay differs from the tables: books differ: table {('team-a', 'r0-n00'): (1, 12, 96000)} != replay {('team-a', 'r0-n00'): (1, 12, 96000), ('team-b', 'r0-n00')","{""attempt_lost"": 1, ""cap_change"": 1, ""observe_stale"": 1, ""start_fail"": 1}",{},,128,109,28,0.1848
local,release_at_stop,43,2,I5,"replay differs from the tables: books differ: table {('team-b', 'r1-n00'): (2, 24, 192000)} != replay {('team-b', 'r0-n00'): (8, 96, 768000), ('team-b', 'r1-n00","{""attempt_crash"": 1, ""start_fail"": 1, ""store_tx_fail"": 1}",{},,147,137,28,0.2417
local,release_at_stop,44,2,I5,"replay differs from the tables: books differ: table {('team-a', 'r1-n01'): (1, 12, 96000), ('team-b', 'r0-n00'): (4, 48, 384000), ('team-b', 'r1-n00'): (4, 48, ","{""observe_stale"": 1, ""start_fail"": 1}",{},,149,130,37,0.2412
local,release_at_stop,45,2,I5,"replay differs from the tables: books differ: table {('team-a', 'r0-n01'): (1, 12, 96000), ('team-a', 'r1-n01'): (8, 96, 768000), ('team-b', 'r0-n00'): (4, 48, ","{""cap_change"": 1}",{},,49,35,13,0.0562
local,release_at_stop,46,2,I5,"replay differs from the tables: books differ: table {('team-a', 'r0-n00'): (1, 12, 96000), ('team-c', 'r0-n00'): (2, 24, 192000)} != replay {('team-a', 'r0-n00'",{},{},,15,12,4,0.0122
local,release_at_stop,47,2,I5,"replay differs from the tables: books differ: table {('team-a', 'r1-n00'): (2, 24, 192000), ('team-b', 'r1-n00'): (2, 24, 192000), ('team-b', 'r1-n01'): (2, 24,","{""attempt_crash"": 1, ""start_fail"": 1}",{},,80,64,20,0.1194
local,release_at_stop,48,2,I5,"replay differs from the tables: books differ: table {('team-a', 'r0-n00'): (2, 24, 192000), ('team-a', 'r0-n01'): (1, 12, 96000), ('team-b', 'r0-n00'): (4, 48, ","{""preempt"": 1}",{},,19,14,6,0.0162
local,release_at_stop,49,2,I5,"replay differs from the tables: books differ: table {('team-a', 'r0-n00'): (7, 84, 672000)} != replay {('team-a', 'r0-n00'): (7, 84, 672000), ('team-b', 'r1-n00",{},{},,37,28,8,0.0311
local,release_at_stop,50,3,I5,"replay differs from the tables: books differ: table {('team-a', 'r1-n01'): (2, 24, 192000), ('team-b', 'r0-n00'): (4, 48, 384000), ('team-b', 'r1-n01'): (2, 24,","{""cap_change"": 1, ""store_outage"": 1}",{},,55,51,12,0.0652
local,release_at_stop,51,2,I5,"replay differs from the tables: books differ: table {('team-a', 'r0-n01'): (4, 48, 384000), ('team-a', 'r1-n01'): (4, 48, 384000), ('team-c', 'r0-n01'): (1, 12,",{},{},,34,24,9,0.0312
local,release_at_stop,52,2,I5,"replay differs from the tables: books differ: table {('team-a', 'r0-n00'): (4, 48, 384000), ('team-a', 'r0-n01'): (2, 24, 192000), ('team-a', 'r1-n00'): (1, 12,",{},{},,72,56,19,0.099
local,release_at_stop,53,2,I5,"replay differs from the tables: books differ: table {('team-a', 'r0-n00'): (2, 24, 192000), ('team-a', 'r1-n00'): (2, 24, 192000), ('team-b', 'r0-n00'): (1, 12,","{""stop_fail"": 1, ""zombie"": 1}",{},,161,110,38,0.2541
local,release_at_stop,54,2,I5,"replay differs from the tables: books differ: table {('team-a', 'r0-n01'): (2, 24, 192000), ('team-a', 'r1-n00'): (8, 96, 768000), ('team-a', 'r1-n01'): (8, 96,",{},{},,42,35,11,0.0398
local,release_at_stop,55,2,I5,"replay differs from the tables: books differ: table {('team-c', 'r0-n00'): (2, 24, 192000)} != replay {('team-c', 'r0-n00'): (4, 48, 384000)}","{""attempt_crash"": 1, ""race_cancel"": 1}",{},,38,31,8,0.0348
local,release_at_stop,56,2,I5,"replay differs from the tables: books differ: table {('team-a', 'r0-n00'): (7, 84, 672000), ('team-a', 'r0-n01'): (1, 12, 96000), ('team-a', 'r1-n00'): (6, 72, ","{""observe_stale"": 1, ""start_fail"": 1}",{},,172,146,38,0.3509
local,release_at_stop,57,2,I5,"replay differs from the tables: books differ: table {('team-a', 'r0-n00'): (2, 24, 192000), ('team-b', 'r0-n00'): (1, 12, 96000), ('team-b', 'r1-n01'): (8, 96, ","{""observe_stale"": 1}",{},,82,68,19,0.1079
local,release_at_stop,58,2,I5,"replay differs from the tables: books differ: table {('team-a', 'r0-n01'): (8, 96, 768000), ('team-a', 'r1-n00'): (4, 48, 384000), ('team-b', 'r0-n00'): (4, 48,",{},{},,22,17,4,0.0194
local,release_at_stop,59,2,I5,"replay differs from the tables: books differ: table {('team-a', 'r0-n00'): (4, 48, 384000), ('team-b', 'r0-n01'): (3, 36, 288000), ('team-b', 'r1-n01'): (4, 48,","{""race_cancel"": 1}",{},,38,29,10,0.0396
local,release_at_stop,60,3,I5,"replay differs from the tables: books differ: table {('team-a', 'r0-n01'): (6, 72, 576000), ('team-a', 'r1-n01'): (1, 12, 96000), ('team-b', 'r0-n00'): (4, 48, ","{""observe_down"": 1, ""race_cancel"": 1, ""stop_fail"": 1}",{},,74,64,20,0.0836
local,release_at_stop,61,0,,,"{""race_cancel"": 1}",{},134432,177,164,34,0.2913
local,release_at_stop,62,0,,,"{""crash"": 1, ""observe_down"": 1, ""store_outage"": 1}","{""submit.after_commit"": 1}",189881,140,132,27,0.253
local,release_at_stop,63,2,I5,"replay differs from the tables: books differ: table {('team-a', 'r0-n00'): (1, 12, 96000), ('team-b', 'r0-n01'): (4, 48, 384000)} != replay {('team-a', 'r0-n00'","{""attempt_crash"": 1}",{},,115,94,24,0.1594
local,release_at_stop,64,2,I5,"replay differs from the tables: books differ: table {('team-b', 'r0-n01'): (8, 96, 768000)} != replay {('team-a', 'r0-n00'): (6, 72, 576000), ('team-b', 'r0-n00","{""node_down"": 1}",{},,19,14,5,0.0221
local,release_at_stop,65,2,I5,"replay differs from the tables: books differ: table {('team-a', 'r0-n00'): (2, 24, 192000), ('team-a', 'r0-n01'): (8, 96, 768000), ('team-b', 'r0-n00'): (1, 12,",{},{},,60,50,15,0.0676
local,release_at_stop,66,2,I5,"replay differs from the tables: books differ: table {('team-a', 'r0-n00'): (2, 24, 192000), ('team-a', 'r0-n01'): (1, 12, 96000), ('team-b', 'r0-n01'): (7, 84, ",{},{},,58,44,16,0.0641
local,release_at_stop,67,2,I5,"replay differs from the tables: books differ: table {('team-a', 'r0-n00'): (3, 36, 288000), ('team-b', 'r0-n01'): (2, 24, 192000), ('team-b', 'r1-n00'): (4, 48,","{""attempt_lost"": 1, ""crash"": 1, ""store_tx_fail"": 1, ""zombie"": 1}","{""start.after_call"": 1}",,101,74,25,0.1361
local,release_at_stop,68,2,I5,"replay differs from the tables: books differ: table {('team-a', 'r0-n00'): (1, 12, 96000), ('team-a', 'r1-n00'): (4, 48, 384000), ('team-a', 'r1-n01'): (6, 72, ","{""attempt_crash"": 1, ""attempt_lost"": 1}",{},,47,38,13,0.0518
local,release_at_stop,69,2,I5,"replay differs from the tables: books differ: table {('team-b', 'r1-n00'): (8, 96, 768000), ('team-c', 'r0-n00'): (4, 48, 384000)} != replay {('team-b', 'r0-n01","{""attempt_crash"": 1, ""node_down"": 1}",{},,122,97,23,0.154
local,release_at_stop,70,2,I5,"replay differs from the tables: books differ: table {('team-a', 'r0-n01'): (4, 48, 384000), ('team-a', 'r1-n01'): (6, 72, 576000), ('team-b', 'r0-n00'): (3, 36,",{},{},,60,44,14,0.0611
local,release_at_stop,71,2,I5,"replay differs from the tables: books differ: table {} != replay {('team-b', 'r0-n00'): (4, 48, 384000)}",{},{},,5,5,1,0.004
local,release_at_stop,72,2,I5,"replay differs from the tables: books differ: table {('team-a', 'r0-n00'): (2, 24, 192000), ('team-b', 'r0-n00'): (2, 24, 192000), ('team-c', 'r1-n00'): (8, 96,","{""attempt_lost"": 1}",{},,29,23,8,0.0276
local,release_at_stop,73,0,,,"{""observe_down"": 1, ""race_cancel"": 1, ""zombie"": 1}",{},117414,125,114,28,0.2038
local,release_at_stop,74,2,I5,"replay differs from the tables: books differ: table {('team-a', 'r0-n00'): (2, 24, 192000), ('team-b', 'r0-n00'): (1, 12, 96000)} != replay {('team-a', 'r0-n00'","{""race_cancel"": 1}",{},,15,13,4,0.0139
local,release_at_stop,75,2,I5,"replay differs from the tables: books differ: table {('team-b', 'r0-n01'): (2, 24, 192000), ('team-b', 'r1-n01'): (8, 96, 768000)} != replay {('team-a', 'r0-n00","{""node_down"": 1}",{},,46,35,10,0.0388
local,release_at_stop,76,2,I5,"replay differs from the tables: books differ: table {('team-c', 'r0-n00'): (6, 72, 576000)} != replay {('team-c', 'r0-n00'): (6, 72, 576000), ('team-c', 'r1-n00","{""cap_change"": 1, ""crash"": 1, ""node_down"": 1, ""zombie"": 2}","{""start.after_call"": 1}",,122,87,25,0.1729
local,release_at_stop,77,2,I5,"replay differs from the tables: books differ: table {('team-b', 'r0-n00'): (4, 48, 384000), ('team-b', 'r0-n01'): (2, 24, 192000)} != replay {('team-b', 'r0-n00","{""attempt_crash"": 2, ""observe_stale"": 1}",{},,31,26,6,0.029
local,release_at_stop,78,2,I5,"replay differs from the tables: books differ: table {('team-a', 'r0-n00'): (1, 12, 96000), ('team-b', 'r0-n00'): (3, 36, 288000), ('team-b', 'r0-n01'): (3, 36, ","{""attempt_lost"": 2, ""crash"": 1}","{""start.after_commit"": 1}",,114,93,20,0.1939
local,release_at_stop,79,2,I5,"replay differs from the tables: books differ: table {('team-a', 'r0-n00'): (1, 12, 96000), ('team-c', 'r0-n00'): (4, 48, 384000), ('team-c', 'r0-n01'): (8, 96, ","{""start_fail"": 1}",{},,66,57,15,0.0901
local,release_at_stop,80,2,I5,"replay differs from the tables: books differ: table {('team-b', 'r1-n00'): (3, 36, 288000), ('team-b', 'r1-n01'): (4, 48, 384000), ('team-c', 'r0-n01'): (8, 96,",{},{},,34,26,11,0.035
local,release_at_stop,81,2,I5,"replay differs from the tables: books differ: table {('team-b', 'r0-n01'): (2, 24, 192000)} != replay {('team-b', 'r0-n00'): (8, 96, 768000), ('team-b', 'r0-n01",{},{},,16,13,4,0.0122
local,release_at_stop,82,0,,,"{""attempt_lost"": 1, ""crash"": 1, ""observe_down"": 2}","{""submit.after_commit"": 1}",236145,124,117,25,0.1871
local,release_at_stop,83,2,I5,"replay differs from the tables: books differ: table {('team-b', 'r0-n00'): (1, 12, 96000), ('team-c', 'r0-n00'): (2, 24, 192000), ('team-c', 'r0-n01'): (2, 24, ",{},{},,14,11,4,0.0132
local,release_at_stop,84,2,I5,"replay differs from the tables: books differ: table {('team-a', 'r1-n00'): (8, 96, 768000), ('team-b', 'r0-n00'): (1, 12, 96000), ('team-b', 'r0-n01'): (8, 96, ","{""crash"": 1, ""preempt"": 1}","{""submit.after_commit"": 1}",,134,110,29,0.2281
local,release_at_stop,85,2,I5,"replay differs from the tables: books differ: table {('team-c', 'r0-n00'): (4, 48, 384000), ('team-c', 'r0-n01'): (8, 96, 768000)} != replay {('team-c', 'r0-n00","{""observe_stale"": 1}",{},,62,53,15,0.0635
local,release_at_stop,86,2,I5,"replay differs from the tables: books differ: table {('team-a', 'r1-n00'): (8, 96, 768000), ('team-a', 'r1-n01'): (1, 12, 96000), ('team-b', 'r0-n00'): (6, 72, ","{""store_tx_fail"": 1}",{},,29,24,9,0.0293
local,release_at_stop,87,2,I5,"replay differs from the tables: books differ: table {('team-a', 'r0-n00'): (2, 24, 192000), ('team-b', 'r0-n00'): (2, 24, 192000), ('team-b', 'r0-n01'): (2, 24,",{},{},,21,16,5,0.0174
local,release_at_stop,88,2,I5,"replay differs from the tables: books differ: table {('team-a', 'r0-n00'): (2, 24, 192000), ('team-a', 'r1-n00'): (2, 24, 192000), ('team-c', 'r1-n00'): (2, 24,","{""observe_stale"": 1, ""race_cancel"": 1, ""stop_fail"": 1}",{},,57,49,18,0.0769
local,release_at_stop,89,2,I5,"replay differs from the tables: books differ: table {('team-a', 'r0-n01'): (4, 48, 384000), ('team-a', 'r1-n00'): (8, 96, 768000), ('team-b', 'r0-n00'): (4, 48,","{""crash"": 2}","{""start.after_commit"": 1, ""stop.before_call"": 1}",,106,84,26,0.181
local,release_at_stop,90,2,I5,"replay differs from the tables: books differ: table {('team-a', 'r1-n01'): (4, 48, 384000), ('team-b', 'r0-n00'): (4, 48, 384000), ('team-b', 'r1-n01'): (2, 24,","{""policy_fault"": 1, ""preempt"": 1}",{},,59,44,15,0.0752
local,release_at_stop,91,2,I5,"replay differs from the tables: books differ: table {('team-b', 'r0-n01'): (8, 96, 768000), ('team-c', 'r0-n00'): (4, 48, 384000)} != replay {('team-b', 'r0-n01","{""observe_stale"": 1}",{},,21,18,5,0.0193
local,release_at_stop,92,2,I5,"replay differs from the tables: books differ: table {('team-b', 'r0-n00'): (4, 48, 384000)} != replay {('team-b', 'r0-n00'): (4, 48, 384000), ('team-c', 'r0-n00",{},{},,8,7,2,0.0062
local,release_at_stop,93,2,I5,"replay differs from the tables: books differ: table {('team-a', 'r0-n00'): (2, 24, 192000), ('team-b', 'r0-n01'): (8, 96, 768000), ('team-c', 'r0-n00'): (4, 48,","{""race_cancel"": 1}",{},,21,16,6,0.0182
local,release_at_stop,94,2,I5,"replay differs from the tables: books differ: table {('team-b', 'r1-n00'): (4, 48, 384000), ('team-c', 'r0-n00'): (1, 12, 96000), ('team-c', 'r0-n01'): (4, 48, ","{""observe_stale"": 1}",{},,60,50,12,0.0728
local,release_at_stop,95,2,I5,"replay differs from the tables: books differ: table {('team-a', 'r0-n00'): (1, 12, 96000), ('team-b', 'r0-n00'): (1, 12, 96000)} != replay {('team-a', 'r0-n00')","{""attempt_lost"": 1, ""node_down"": 1}",{},,31,27,5,0.028
local,release_at_stop,96,2,I5,"replay differs from the tables: books differ: table {('team-a', 'r0-n00'): (2, 24, 192000), ('team-a', 'r0-n01'): (6, 72, 576000), ('team-a', 'r1-n00'): (5, 60,","{""store_tx_fail"": 1}",{},,78,64,20,0.1076
local,release_at_stop,97,2,I5,"replay differs from the tables: books differ: table {('team-a', 'r1-n00'): (4, 48, 384000), ('team-a', 'r1-n01'): (1, 12, 96000), ('team-b', 'r1-n01'): (1, 12, ",{},{},,50,38,11,0.0565
local,release_at_stop,98,2,I5,"replay differs from the tables: books differ: table {('team-a', 'r0-n00'): (8, 96, 768000), ('team-a', 'r1-n00'): (3, 36, 288000), ('team-b', 'r1-n00'): (2, 24,","{""attempt_lost"": 1, ""node_down"": 1, ""zombie"": 2}",{},,75,34,19,0.1011
local,release_at_stop,99,2,I5,"replay differs from the tables: books differ: table {('team-a', 'r0-n00'): (4, 48, 384000), ('team-a', 'r0-n01'): (1, 12, 96000), ('team-a', 'r1-n01'): (4, 48, ","{""crash"": 1}","{""start.after_commit"": 1}",,68,50,18,0.0814
local,release_at_stop,100,2,I5,"replay differs from the tables: books differ: table {('team-b', 'r0-n00'): (3, 36, 288000), ('team-b', 'r0-n01'): (2, 24, 192000), ('team-c', 'r0-n00'): (2, 24,",{},{},,77,60,17,0.0852
local,release_at_stop,101,2,I5,"replay differs from the tables: books differ: table {('team-a', 'r0-n00'): (4, 48, 384000), ('team-a', 'r1-n00'): (4, 48, 384000), ('team-a', 'r1-n01'): (2, 24,","{""store_tx_fail"": 1}",{},,173,126,39,0.2559
local,release_at_stop,102,2,I5,"replay differs from the tables: books differ: table {('team-a', 'r0-n00'): (5, 60, 480000), ('team-a', 'r0-n01'): (4, 48, 384000), ('team-c', 'r0-n01'): (4, 48,",{},{},,37,30,9,0.0338
local,release_at_stop,103,0,,,"{""stop_fail"": 1, ""zombie"": 1}",{},254040,180,153,38,0.4023
local,release_at_stop,104,2,I5,"replay differs from the tables: books differ: table {('team-a', 'r0-n01'): (2, 24, 192000), ('team-a', 'r1-n00'): (4, 48, 384000), ('team-a', 'r1-n01'): (2, 24,","{""observe_stale"": 1, ""policy_fault"": 1}",{},,98,79,23,0.1311
local,release_at_stop,105,2,I5,"replay differs from the tables: books differ: table {('team-a', 'r0-n00'): (1, 12, 96000), ('team-a', 'r0-n01'): (2, 24, 192000), ('team-a', 'r1-n00'): (4, 48, ",{},{},,106,86,25,0.1639
local,release_at_stop,106,2,I5,"replay differs from the tables: books differ: table {} != replay {('team-a', 'r0-n00'): (4, 48, 384000)}","{""crash"": 1, ""preempt"": 1, ""race_cancel"": 1, ""store_outage"": 1}","{""stop.before_call"": 1}",,205,184,39,0.3959
local,release_at_stop,107,2,I5,"replay differs from the tables: books differ: table {('team-b', 'r0-n00'): (1, 12, 96000), ('team-b', 'r1-n00'): (4, 48, 384000), ('team-c', 'r1-n01'): (8, 96, ","{""store_tx_fail"": 1}",{},,133,118,29,0.2051
local,release_at_stop,108,3,I5,"replay differs from the tables: books differ: table {('team-a', 'r0-n01'): (2, 24, 192000), ('team-a', 'r1-n01'): (8, 96, 768000), ('team-b', 'r0-n01'): (2, 24,","{""observe_stale"": 1}",{},,149,125,33,0.2381
local,release_at_stop,109,2,I5,"replay differs from the tables: books differ: table {('team-a', 'r0-n00'): (4, 48, 384000), ('team-b', 'r0-n01'): (2, 24, 192000), ('team-b', 'r1-n01'): (8, 96,","{""slow_start"": 1}",{},,82,78,20,0.1147
local,release_at_stop,110,2,I5,"replay differs from the tables: books differ: table {('team-a', 'r0-n00'): (2, 24, 192000), ('team-b', 'r0-n00'): (4, 48, 384000), ('team-b', 'r0-n01'): (8, 96,",{},{},,27,21,7,0.03
local,release_at_stop,111,0,,,"{""attempt_crash"": 1, ""attempt_lost"": 1, ""crash"": 1, ""observe_stale"": 2, ""store_outage"": 1}","{""submit.after_commit"": 1}",40505,120,120,27,0.2227
local,release_at_stop,112,2,I5,"replay differs from the tables: books differ: table {('team-a', 'r0-n00'): (4, 48, 384000), ('team-b', 'r0-n00'): (1, 12, 96000)} != replay {('team-a', 'r0-n00'",{},{},,11,9,3,0.0087
local,release_at_stop,113,2,I5,"replay differs from the tables: books differ: table {('team-a', 'r0-n00'): (1, 12, 96000), ('team-a', 'r0-n01'): (2, 24, 192000), ('team-c', 'r0-n00'): (2, 24, ",{},{},,22,17,6,0.0188
local,release_at_stop,114,2,I5,"replay differs from the tables: books differ: table {('team-a', 'r0-n00'): (3, 36, 288000), ('team-a', 'r0-n01'): (2, 24, 192000), ('team-b', 'r1-n00'): (2, 24,",{},{},,30,22,9,0.0302
local,release_at_stop,115,0,,,"{""crash"": 1, ""start_fail"": 1}","{""requeue.before_commit"": 1}",142837,156,143,32,0.2548
local,release_at_stop,116,2,I5,"replay differs from the tables: books differ: table {('team-a', 'r1-n00'): (1, 12, 96000), ('team-b', 'r0-n00'): (4, 48, 384000), ('team-b', 'r0-n01'): (8, 96, ","{""observe_down"": 1}",{},,116,94,28,0.1759
local,release_at_stop,117,0,,,"{""observe_down"": 1, ""observe_stale"": 1, ""race_cancel"": 1, ""slow_start"": 1, ""store_outage"": 1, ""zombie"": 1}",{},105597,137,129,28,0.2314
local,release_at_stop,118,2,I5,"replay differs from the tables: books differ: table {('team-a', 'r0-n00'): (2, 24, 192000), ('team-b', 'r0-n00'): (4, 48, 384000), ('team-b', 'r0-n01'): (8, 96,","{""crash"": 1}","{""stop.before_call"": 1}",,40,32,10,0.0451
local,release_at_stop,119,2,I5,"replay differs from the tables: books differ: table {('team-a', 'r1-n00'): (4, 48, 384000), ('team-b', 'r0-n00'): (4, 48, 384000), ('team-c', 'r0-n00'): (3, 36,",{},{},,35,29,10,0.0371
local,release_at_stop,120,2,I5,"replay differs from the tables: books differ: table {('team-a', 'r0-n01'): (2, 24, 192000), ('team-b', 'r1-n00'): (7, 84, 672000), ('team-c', 'r0-n00'): (4, 48,","{""stop_fail"": 1}",{},,156,131,32,0.2645
local,release_at_stop,121,2,I5,"replay differs from the tables: books differ: table {('team-b', 'r0-n00'): (2, 24, 192000), ('team-b', 'r0-n01'): (2, 24, 192000), ('team-c', 'r0-n00'): (4, 48,","{""preempt"": 1}",{},,59,45,15,0.0602
local,release_at_stop,122,0,,,"{""attempt_crash"": 1, ""crash"": 1, ""observe_stale"": 1}","{""start.after_commit"": 1}",107785,120,106,27,0.2152
local,release_at_stop,123,0,,,"{""race_cancel"": 2, ""start_fail"": 1, ""zombie"": 1}",{},159140,130,118,27,0.2066
local,release_at_stop,124,0,,,"{""cap_change"": 1, ""observe_down"": 1}",{},33924,128,105,24,0.1928
local,release_at_stop,125,2,I5,"replay differs from the tables: books differ: table {('team-c', 'r0-n00'): (1, 12, 96000)} != replay {('team-a', 'r0-n00'): (4, 48, 384000), ('team-c', 'r0-n00'",{},{},,8,7,2,0.0076
local,release_at_stop,126,2,I5,"replay differs from the tables: books differ: table {('team-a', 'r0-n00'): (4, 48, 384000), ('team-a', 'r0-n01'): (8, 96, 768000), ('team-b', 'r1-n01'): (8, 96,","{""zombie"": 1}",{},,34,18,14,0.0375
local,release_at_stop,127,2,I5,"replay differs from the tables: books differ: table {('team-a', 'r0-n00'): (8, 96, 768000), ('team-b', 'r0-n01'): (8, 96, 768000)} != replay {('team-a', 'r0-n00","{""zombie"": 1}",{},,23,9,6,0.0238
local,release_at_stop,128,2,I5,"replay differs from the tables: books differ: table {('team-b', 'r0-n00'): (2, 24, 192000), ('team-b', 'r0-n01'): (8, 96, 768000), ('team-b', 'r1-n00'): (2, 24,",{},{},,62,46,16,0.074
local,release_at_stop,129,0,,,"{""attempt_lost"": 1, ""crash"": 1, ""store_outage"": 1, ""zombie"": 1}","{""start.after_call"": 1}",38055,120,88,24,0.1463
local,release_at_stop,130,3,I5,"replay differs from the tables: books differ: table {('team-a', 'r0-n00'): (1, 12, 96000), ('team-b', 'r1-n00'): (8, 96, 768000), ('team-c', 'r0-n00'): (2, 24, ","{""observe_down"": 1, ""race_cancel"": 1, ""store_tx_fail"": 1, ""zombie"": 1}",{},,191,147,38,0.322
local,release_at_stop,131,2,I5,"replay differs from the tables: books differ: table {('team-a', 'r0-n01'): (3, 36, 288000), ('team-b', 'r0-n01'): (2, 24, 192000), ('team-c', 'r0-n01'): (2, 24,","{""crash"": 1, ""slow_start"": 1}","{""start.after_commit"": 1}",,76,64,15,0.1056
local,release_at_stop,132,2,I5,"replay differs from the tables: books differ: table {('team-a', 'r0-n01'): (4, 48, 384000), ('team-b', 'r0-n00'): (6, 72, 576000), ('team-b', 'r1-n01'): (4, 48,",{},{},,65,49,14,0.0693
local,release_at_stop,133,2,I5,"replay differs from the tables: books differ: table {('team-a', 'r0-n00'): (2, 24, 192000), ('team-b', 'r0-n01'): (3, 36, 288000), ('team-c', 'r0-n00'): (1, 12,","{""crash"": 1, ""preempt"": 1}","{""submit.after_commit"": 1}",,33,28,10,0.0355
local,release_at_stop,134,2,I5,"replay differs from the tables: books differ: table {('team-a', 'r0-n00'): (2, 24, 192000), ('team-a', 'r0-n01'): (6, 72, 576000), ('team-b', 'r0-n00'): (2, 24,","{""attempt_lost"": 1, ""race_cancel"": 1}",{},,71,61,15,0.0934
local,release_at_stop,135,0,,,"{""cap_change"": 1, ""node_down"": 1, ""observe_stale"": 1, ""slow_start"": 1}",{},76916,152,138,31,0.2551
local,release_at_stop,136,2,I5,"replay differs from the tables: books differ: table {('team-a', 'r0-n00'): (1, 12, 96000), ('team-a', 'r1-n01'): (5, 60, 480000), ('team-b', 'r1-n01'): (1, 12, ","{""observe_down"": 1}",{},,92,74,19,0.1215
local,release_at_stop,137,2,I5,"replay differs from the tables: books differ: table {('team-a', 'r0-n00'): (4, 48, 384000), ('team-b', 'r1-n00'): (8, 96, 768000), ('team-b', 'r1-n01'): (1, 12,","{""crash"": 1, ""store_outage"": 1, ""zombie"": 1}","{""submit.after_commit"": 1}",,136,115,31,0.2329
local,release_at_stop,138,2,I5,"replay differs from the tables: books differ: table {('team-a', 'r0-n00'): (7, 84, 672000), ('team-a', 'r0-n01'): (5, 60, 480000), ('team-a', 'r1-n00'): (4, 48,",{},{},,26,20,8,0.0259
local,release_at_stop,139,2,I5,"replay differs from the tables: books differ: table {('team-a', 'r0-n00'): (1, 12, 96000), ('team-b', 'r0-n00'): (2, 24, 192000), ('team-b', 'r0-n01'): (8, 96, ",{},{},,24,19,7,0.0249
local,release_at_stop,140,2,I5,"replay differs from the tables: books differ: table {('team-a', 'r0-n00'): (2, 24, 192000), ('team-b', 'r0-n00'): (4, 48, 384000), ('team-b', 'r0-n01'): (4, 48,","{""race_cancel"": 1}",{},,44,40,13,0.0558
local,release_at_stop,141,2,I5,"replay differs from the tables: books differ: table {('team-a', 'r0-n00'): (6, 72, 576000), ('team-a', 'r0-n01'): (8, 96, 768000), ('team-a', 'r1-n01'): (8, 96,","{""crash"": 1}","{""start.after_commit"": 1}",,72,59,18,0.0934
local,release_at_stop,142,2,I5,"replay differs from the tables: books differ: table {('team-b', 'r0-n00'): (4, 48, 384000), ('team-b', 'r1-n00'): (2, 24, 192000), ('team-b', 'r1-n01'): (8, 96,","{""observe_down"": 1}",{},,51,39,14,0.0899
local,release_at_stop,143,2,I5,"replay differs from the tables: books differ: table {('team-a', 'r0-n00'): (4, 48, 384000), ('team-c', 'r1-n00'): (8, 96, 768000)} != replay {('team-a', 'r0-n00",{},{},,14,10,5,0.0181
local,release_at_stop,144,3,I5,"replay differs from the tables: books differ: table {('team-a', 'r0-n01'): (1, 12, 96000), ('team-a', 'r1-n00'): (8, 96, 768000), ('team-b', 'r0-n01'): (6, 72, ","{""zombie"": 1}",{},,42,27,13,0.0552
local,release_at_stop,145,2,I5,"replay differs from the tables: books differ: table {('team-a', 'r0-n00'): (1, 12, 96000), ('team-b', 'r0-n00'): (1, 12, 96000), ('team-c', 'r0-n00'): (4, 48, 3","{""cap_change"": 1, ""zombie"": 1}",{},,60,38,15,0.1009
local,release_at_stop,146,2,I5,"replay differs from the tables: books differ: table {('team-a', 'r0-n00'): (1, 12, 96000), ('team-a', 'r1-n00'): (8, 96, 768000), ('team-b', 'r0-n00'): (5, 60, ",{},{},,48,34,16,0.0723
local,release_at_stop,147,2,I5,"replay differs from the tables: books differ: table {('team-a', 'r0-n00'): (4, 48, 384000), ('team-a', 'r1-n00'): (8, 96, 768000), ('team-a', 'r1-n01'): (4, 48,","{""store_tx_fail"": 1}",{},,35,33,8,0.0381
local,release_at_stop,148,2,I5,"replay differs from the tables: books differ: table {('team-a', 'r1-n00'): (1, 12, 96000), ('team-b', 'r0-n00'): (1, 12, 96000), ('team-b', 'r0-n01'): (8, 96, 7","{""observe_stale"": 1, ""store_outage"": 1}",{},,114,93,30,0.2024
local,release_at_stop,149,2,I5,"replay differs from the tables: books differ: table {('team-a', 'r1-n00'): (8, 96, 768000), ('team-a', 'r1-n01'): (8, 96, 768000)} != replay {('team-a', 'r1-n00","{""policy_fault"": 1, ""zombie"": 1}",{},,79,56,17,0.1171
local,release_at_stop,150,2,I5,"replay differs from the tables: books differ: table {('team-a', 'r1-n01'): (8, 96, 768000), ('team-b', 'r0-n00'): (4, 48, 384000), ('team-b', 'r0-n01'): (4, 48,","{""crash"": 1}","{""submit.after_commit"": 1}",,57,49,16,0.0684
local,release_at_stop,151,3,I5,"replay differs from the tables: books differ: table {('team-a', 'r0-n01'): (4, 48, 384000), ('team-a', 'r1-n00'): (8, 96, 768000), ('team-b', 'r0-n00'): (2, 24,","{""observe_stale"": 1}",{},,46,40,12,0.0695
local,release_at_stop,152,2,I5,"replay differs from the tables: books differ: table {('team-b', 'r0-n00'): (4, 48, 384000), ('team-b', 'r0-n01'): (4, 48, 384000), ('team-c', 'r0-n00'): (2, 24,","{""store_outage"": 1}",{},,106,95,21,0.1676
local,release_at_stop,153,2,I5,"replay differs from the tables: books differ: table {('team-a', 'r0-n01'): (2, 24, 192000), ('team-a', 'r1-n00'): (1, 12, 96000), ('team-b', 'r0-n01'): (1, 12, ",{},{},,52,37,14,0.0678
local,release_at_stop,154,3,I5,"replay differs from the tables: books differ: table {('team-a', 'r0-n00'): (1, 12, 96000), ('team-a', 'r0-n01'): (8, 96, 768000), ('team-b', 'r1-n00'): (8, 96, ","{""race_cancel"": 1, ""zombie"": 1}",{},,56,26,16,0.067
local,release_at_stop,155,2,I5,"replay differs from the tables: books differ: table {} != replay {('team-b', 'r0-n00'): (2, 24, 192000)}","{""race_cancel"": 1, ""zombie"": 1}",{},,139,106,31,0.317
local,release_at_stop,156,2,I5,"replay differs from the tables: books differ: table {('team-a', 'r0-n01'): (4, 48, 384000), ('team-a', 'r1-n00'): (8, 96, 768000), ('team-b', 'r1-n01'): (4, 48,","{""cap_change"": 1}",{},,32,25,8,0.0363
local,release_at_stop,157,2,I5,"replay differs from the tables: books differ: table {('team-a', 'r0-n00'): (2, 24, 192000), ('team-b', 'r0-n00'): (1, 12, 96000), ('team-c', 'r0-n00'): (4, 48, ",{},{},,22,17,5,0.0206
local,release_at_stop,158,2,I5,"replay differs from the tables: books differ: table {('team-a', 'r0-n00'): (8, 96, 768000), ('team-a', 'r0-n01'): (2, 24, 192000), ('team-a', 'r1-n00'): (3, 36,",{},{},,60,45,14,0.0777
local,release_at_stop,159,2,I5,"replay differs from the tables: books differ: table {('team-a', 'r0-n00'): (1, 12, 96000), ('team-a', 'r0-n01'): (8, 96, 768000), ('team-a', 'r1-n00'): (4, 48, ","{""slow_start"": 1}",{},,64,53,16,0.097
local,release_at_stop,160,2,I5,"replay differs from the tables: books differ: table {('team-a', 'r0-n01'): (1, 12, 96000), ('team-c', 'r0-n01'): (4, 48, 384000)} != replay {('team-a', 'r0-n01'","{""attempt_crash"": 1, ""observe_down"": 1}",{},,43,37,8,0.0442
local,release_at_stop,161,2,I5,"replay differs from the tables: books differ: table {('team-a', 'r1-n00'): (1, 12, 96000), ('team-b', 'r0-n01'): (8, 96, 768000)} != replay {('team-a', 'r1-n00'","{""observe_stale"": 1}",{},,27,24,6,0.0296
local,release_at_stop,162,2,I5,"replay differs from the tables: books differ: table {('team-a', 'r0-n00'): (4, 48, 384000), ('team-a', 'r0-n01'): (1, 12, 96000), ('team-b', 'r0-n00'): (1, 12, ",{},{},,32,24,7,0.0389
local,release_at_stop,163,2,I5,"replay differs from the tables: books differ: table {('team-a', 'r1-n00'): (2, 24, 192000), ('team-b', 'r0-n01'): (8, 96, 768000), ('team-b', 'r1-n00'): (3, 36,","{""slow_start"": 1}",{},,66,54,16,0.0955
local,release_at_stop,164,14,I5,"replay differs from the tables: books differ: table {('team-a', 'r1-n01'): (8, 96, 768000), ('team-c', 'r0-n01'): (6, 72, 576000)} != replay {('team-a', 'r0-n01","{""policy_fault"": 1, ""zombie"": 1}",{},,105,67,25,0.1315
local,release_at_stop,165,0,,,"{""cap_change"": 1, ""observe_down"": 1, ""observe_stale"": 2, ""slow_start"": 1, ""zombie"": 1}",{},20654,148,123,31,0.314
local,release_at_stop,166,2,I5,"replay differs from the tables: books differ: table {('team-b', 'r0-n00'): (3, 36, 288000)} != replay {('team-b', 'r0-n00'): (5, 60, 480000)}",{},{},,27,23,5,0.0267
local,release_at_stop,167,2,I5,"replay differs from the tables: books differ: table {('team-a', 'r0-n00'): (6, 72, 576000), ('team-a', 'r0-n01'): (5, 60, 480000), ('team-b', 'r0-n00'): (2, 24,","{""race_cancel"": 1, ""stop_fail"": 1}",{},,31,25,7,0.0367
local,release_at_stop,168,2,I5,"replay differs from the tables: books differ: table {('team-a', 'r0-n01'): (4, 48, 384000), ('team-a', 'r1-n00'): (8, 96, 768000), ('team-b', 'r0-n00'): (3, 36,","{""attempt_crash"": 1, ""crash"": 2}","{""ended.before_forget"": 1, ""start.after_commit"": 1}",,68,55,16,0.088
local,release_at_stop,169,2,I5,"replay differs from the tables: books differ: table {('team-a', 'r0-n00'): (2, 24, 192000), ('team-b', 'r0-n00'): (4, 48, 384000)} != replay {('team-a', 'r0-n00",{},{},,15,12,4,0.0124
local,release_at_stop,170,2,I5,"replay differs from the tables: books differ: table {('team-b', 'r0-n00'): (2, 24, 192000), ('team-c', 'r0-n00'): (2, 24, 192000), ('team-c', 'r0-n01'): (8, 96,","{""cap_change"": 1}",{},,78,63,22,0.1082
local,release_at_stop,171,2,I5,"replay differs from the tables: books differ: table {} != replay {('team-c', 'r0-n00'): (2, 24, 192000)}",{},{},,17,14,4,0.0132
local,release_at_stop,172,2,I5,"replay differs from the tables: books differ: table {('team-a', 'r0-n00'): (2, 24, 192000), ('team-b', 'r0-n00'): (4, 48, 384000), ('team-c', 'r0-n01'): (8, 96,","{""cap_change"": 1, ""crash"": 2, ""store_tx_fail"": 1}","{""start.after_call"": 2}",,107,93,25,0.1614
local,release_at_stop,173,2,I5,"replay differs from the tables: books differ: table {('team-b', 'r0-n00'): (7, 84, 672000)} != replay {('team-b', 'r0-n00'): (7, 84, 672000), ('team-c', 'r0-n01",{},{},,60,47,14,0.0644
local,release_at_stop,174,0,,,"{""observe_stale"": 1, ""store_tx_fail"": 1}",{},84316,128,117,25,0.1848
local,release_at_stop,175,0,,,"{""start_fail"": 1}",{},61928,140,127,28,0.2453
local,release_at_stop,176,2,I5,"replay differs from the tables: books differ: table {('team-a', 'r0-n00'): (4, 48, 384000), ('team-a', 'r1-n01'): (2, 24, 192000), ('team-b', 'r1-n00'): (8, 96,","{""zombie"": 1}",{},,127,94,31,0.2018
local,release_at_stop,177,0,,,"{""start_fail"": 1}",{},174245,116,105,28,0.1735
local,release_at_stop,178,0,,,"{""observe_down"": 1, ""slow_start"": 1, ""store_outage"": 1}",{},119325,128,124,29,0.2023
local,release_at_stop,179,2,I5,"replay differs from the tables: books differ: table {('team-a', 'r0-n00'): (3, 36, 288000), ('team-a', 'r1-n00'): (8, 96, 768000), ('team-a', 'r1-n01'): (6, 72,",{},{},,44,33,11,0.0495
local,release_at_stop,180,2,I5,"replay differs from the tables: books differ: table {('team-a', 'r0-n00'): (2, 24, 192000), ('team-a', 'r1-n00'): (4, 48, 384000), ('team-b', 'r0-n00'): (2, 24,",{},{},,69,54,17,0.0827
local,release_at_stop,181,0,,,"{""observe_stale"": 1, ""stop_fail"": 2, ""store_tx_fail"": 2}",{},121863,148,138,30,0.2423
local,release_at_stop,182,3,I5,"replay differs from the tables: books differ: table {('team-a', 'r0-n00'): (2, 24, 192000), ('team-a', 'r0-n01'): (1, 12, 96000), ('team-a', 'r1-n00'): (2, 24, ","{""attempt_lost"": 1, ""observe_down"": 1, ""zombie"": 1}",{},,118,89,24,0.187
local,release_at_stop,183,2,I5,"replay differs from the tables: books differ: table {('team-c', 'r0-n00'): (8, 96, 768000), ('team-c', 'r1-n00'): (4, 48, 384000)} != replay {('team-a', 'r0-n01","{""observe_down"": 1, ""preempt"": 1, ""race_cancel"": 2}",{},,12,13,4,0.0097
local,release_at_stop,184,2,I5,"replay differs from the tables: books differ: table {('team-a', 'r0-n00'): (3, 36, 288000), ('team-a', 'r0-n01'): (2, 24, 192000), ('team-a', 'r1-n01'): (2, 24,","{""preempt"": 1, ""start_fail"": 1, ""stop_fail"": 1, ""store_outage"": 1}",{},,85,76,21,0.1212
local,release_at_stop,185,2,I5,"replay differs from the tables: books differ: table {('team-b', 'r0-n00'): (4, 48, 384000), ('team-b', 'r0-n01'): (2, 24, 192000), ('team-b', 'r1-n00'): (8, 96,","{""attempt_crash"": 1, ""attempt_lost"": 1, ""stop_fail"": 1, ""zombie"": 2}",{},,116,79,23,0.1533
local,release_at_stop,186,2,I5,"replay differs from the tables: books differ: table {('team-a', 'r0-n00'): (4, 48, 384000)} != replay {('team-a', 'r0-n00'): (4, 48, 384000), ('team-b', 'r0-n00",{},{},,8,7,2,0.005
local,release_at_stop,187,2,I5,"replay differs from the tables: books differ: table {('team-a', 'r0-n00'): (8, 96, 768000), ('team-a', 'r0-n01'): (1, 12, 96000), ('team-b', 'r0-n01'): (2, 24, ",{},{},,47,35,15,0.0476
local,release_at_stop,188,2,I5,"replay differs from the tables: books differ: table {('team-b', 'r0-n00'): (1, 12, 96000), ('team-b', 'r0-n01'): (2, 24, 192000), ('team-b', 'r1-n00'): (2, 24, ","{""attempt_lost"": 1, ""cap_change"": 1, ""crash"": 1, ""race_cancel"": 1, ""start_fail"": 1}","{""submit.after_commit"": 1}",,158,134,31,0.2428
local,release_at_stop,189,2,I5,"replay differs from the tables: books differ: table {('team-b', 'r0-n00'): (1, 12, 96000)} != replay {('team-b', 'r0-n00'): (3, 36, 288000)}","{""observe_stale"": 1}",{},,28,24,4,0.0241
local,release_at_stop,190,2,I5,"replay differs from the tables: books differ: table {('team-b', 'r0-n00'): (8, 96, 768000), ('team-b', 'r0-n01'): (2, 24, 192000)} != replay {('team-a', 'r0-n01","{""preempt"": 1}",{},,9,7,3,0.0075
local,release_at_stop,191,3,I5,"replay differs from the tables: books differ: table {('team-a', 'r0-n01'): (4, 48, 384000), ('team-b', 'r0-n00'): (5, 60, 480000), ('team-c', 'r0-n00'): (1, 12,",{},{},,22,17,7,0.0242
local,release_at_stop,192,2,I5,"replay differs from the tables: books differ: table {('team-a', 'r0-n00'): (6, 72, 576000), ('team-a', 'r0-n01'): (6, 72, 576000), ('team-c', 'r0-n00'): (1, 12,","{""race_cancel"": 1}",{},,37,28,10,0.0366
local,release_at_stop,193,2,I5,"replay differs from the tables: books differ: table {('team-b', 'r0-n01'): (3, 36, 288000), ('team-c', 'r0-n00'): (8, 96, 768000), ('team-c', 'r0-n01'): (2, 24,","{""node_down"": 1, ""observe_stale"": 1, ""store_tx_fail"": 1}",{},,87,75,18,0.1381
local,release_at_stop,194,2,I5,"replay differs from the tables: books differ: table {('team-a', 'r0-n00'): (2, 24, 192000), ('team-a', 'r1-n01'): (4, 48, 384000), ('team-b', 'r0-n00'): (1, 12,",{},{},,80,63,19,0.1015
local,release_at_stop,195,2,I5,"replay differs from the tables: books differ: table {('team-a', 'r0-n00'): (1, 12, 96000), ('team-c', 'r0-n00'): (3, 36, 288000)} != replay {('team-a', 'r0-n00'","{""preempt"": 1}",{},,12,9,4,0.0089
local,release_at_stop,196,2,I5,"replay differs from the tables: books differ: table {('team-a', 'r0-n01'): (8, 96, 768000), ('team-b', 'r0-n00'): (1, 12, 96000), ('team-c', 'r0-n00'): (1, 12, ","{""stop_fail"": 1}",{},,145,126,26,0.2285
local,release_at_stop,197,3,I5,"replay differs from the tables: books differ: table {('team-a', 'r0-n00'): (8, 96, 768000), ('team-a', 'r1-n00'): (8, 96, 768000), ('team-b', 'r1-n01'): (8, 96,","{""zombie"": 1}",{},,35,12,14,0.0354
local,release_at_stop,198,3,I5,"replay differs from the tables: books differ: table {('team-a', 'r0-n00'): (6, 72, 576000), ('team-a', 'r1-n01'): (6, 72, 576000), ('team-b', 'r0-n00'): (1, 12,","{""crash"": 2, ""zombie"": 1}","{""start.after_commit"": 1, ""stop.before_call"": 1}",,114,83,30,0.1689
local,release_at_stop,199,2,I5,"replay differs from the tables: books differ: table {('team-a', 'r0-n01'): (1, 12, 96000), ('team-b', 'r0-n01'): (1, 12, 96000), ('team-c', 'r0-n00'): (2, 24, 1","{""attempt_crash"": 1, ""policy_fault"": 2}",{},,87,75,20,0.1128
local,release_at_stop,200,2,I5,"replay differs from the tables: books differ: table {('team-a', 'r0-n00'): (4, 48, 384000), ('team-b', 'r0-n01'): (1, 12, 96000), ('team-b', 'r1-n00'): (8, 96, ","{""attempt_crash"": 1, ""observe_stale"": 1}",{},,122,98,24,0.1811
