experiment,backend,variant,load,policy,seed,makespan_s,wait_mean,wait_p95,jct_mean,bsld_p95,jain_bsld,utilization,slo_attainment,quota_satisfaction,borrowed_gpu_hours,jain_weighted_bsld,running_over_allocated,admit_to_running_ms_mean,admit_to_running_ms_p95,observe_lag_ms_mean,observe_lag_ms_p95,observe_lag_ms_max,placement_match,attempts,retries,dead_letters,preemptions,lost_gpu_seconds,overhead_gpu_seconds,wait_p95_team-a,wait_p95_team-b,wait_p95_team-c,attempts_by_reason,terminal_states,stale_actions,policy_failures,events,wall_s
E3,local,balanced,0.8,fifo+first_fit,101,39229.381,1421.123979,3266.526,2260.608183,22.987488,0.885941,0.797895,0.849558,0.748022,43.152823,0.890085,0.998885,991.556667,1000.0,0.0,0.0,0.0,1.0,300,0,0,0,0.0,0.0,3289.483,3037.427,3221.7,"{""succeeded"": 300}","{""SUCCEEDED"": 300}",0,0,1200,1.4259
E3,local,balanced,0.8,fifo+first_fit,102,47493.147,886.886062,2192.231,1885.888742,14.309003,0.920607,0.711016,0.900826,0.736511,56.010456,0.928373,0.999164,969.876667,1000.0,0.0,0.0,0.0,1.0,300,0,0,0,0.0,0.0,2297.334,2294.134,2178.686,"{""succeeded"": 300}","{""SUCCEEDED"": 300}",0,0,1200,1.2812
E3,local,balanced,0.8,fifo+first_fit,103,54234.583,4438.672488,6930.578,5510.121975,134.233856,0.667735,0.780341,0.247619,0.655292,60.731656,0.665537,0.999134,997.8,1000.0,0.0,0.0,0.0,1.0,300,0,0,0,0.0,0.0,6541.179,6976.288,7241.014,"{""succeeded"": 300}","{""SUCCEEDED"": 300}",0,0,1200,1.6603
E3,local,balanced,0.8,fifo+first_fit,104,47572.644,480.406854,2009.19,1586.352112,6.168378,0.971655,0.659465,0.970149,0.823062,43.316635,0.972059,0.999014,982.496667,1000.0,0.0,0.0,0.0,1.0,300,0,0,0,0.0,0.0,1893.522,2111.334,2184.045,"{""succeeded"": 300}","{""SUCCEEDED"": 300}",0,0,1200,1.2257
E3,local,balanced,0.8,fifo+first_fit,105,43133.569,1529.319425,3346.054,2460.336712,22.068328,0.859965,0.792775,0.87395,0.626688,72.985636,0.836661,0.999099,987.09,1000.0,0.0,0.0,0.0,1.0,300,0,0,0,0.0,0.0,3760.621,3618.452,2860.173,"{""succeeded"": 300}","{""SUCCEEDED"": 300}",0,0,1200,1.3946
E3,local,balanced,0.8,fifo+first_fit,106,46352.093,2081.805171,4818.881,3183.661629,17.337505,0.895816,0.713457,0.703125,0.691657,44.762516,0.902528,0.999035,994.956667,1000.0,0.0,0.0,0.0,1.0,300,0,0,0,0.0,0.0,4428.05,4955.073,4570.022,"{""succeeded"": 300}","{""SUCCEEDED"": 300}",0,0,1200,1.4421
E3,local,balanced,0.8,fifo+first_fit,107,36419.365,680.596508,1765.527,1400.019083,11.735628,0.92701,0.626227,0.938462,0.680549,28.664685,0.932866,0.998532,998.566667,1000.0,0.0,0.0,0.0,1.0,300,0,0,0,0.0,0.0,1697.904,1661.236,1945.628,"{""succeeded"": 300}","{""SUCCEEDED"": 300}",0,0,1200,1.2695
E3,local,balanced,0.8,fifo+first_fit,108,59679.208,5251.706246,11820.955,6452.8464,54.475467,0.925936,0.658872,0.426087,0.711086,39.032078,0.930238,0.999207,997.186667,1000.0,0.0,0.0,0.0,1.0,300,0,0,0,0.0,0.0,11909.647,11835.169,11555.573,"{""succeeded"": 300}","{""SUCCEEDED"": 300}",0,0,1200,1.5838
E3,local,balanced,0.8,fifo+first_fit,109,38857.074,555.538813,1789.112,1343.844958,11.216019,0.927003,0.673017,0.906977,0.786004,30.150864,0.929932,0.998777,988.953333,1000.0,0.0,0.0,0.0,1.0,300,0,0,0,0.0,0.0,1932.831,1630.738,1615.595,"{""succeeded"": 300}","{""SUCCEEDED"": 300}",0,0,1200,1.2493
E3,local,balanced,0.8,fifo+first_fit,110,42354.969,3677.446979,5521.786,4715.459983,29.428903,0.97396,0.777483,0.442748,0.61685,52.394941,0.971517,0.999036,992.086667,1000.0,0.0,0.0,0.0,1.0,300,0,0,0,0.0,0.0,5835.614,5635.443,5512.068,"{""succeeded"": 300}","{""SUCCEEDED"": 300}",0,0,1200,1.8296
E3,local,balanced,0.8,priority+best_fit,101,38198.997,531.848383,1433.166,1381.459625,7.812259,0.989833,0.827327,0.973451,0.73425,46.862014,0.990206,0.998914,998.683333,1000.0,0.0,0.0,0.0,1.0,300,0,0,0,0.0,0.0,1629.899,3110.246,1200.636,"{""succeeded"": 300}","{""SUCCEEDED"": 300}",0,0,1200,1.5004
E3,local,balanced,0.8,priority+best_fit,102,47155.625,135.556925,581.242,1136.552421,3.378063,0.954202,0.718499,1.0,0.887115,54.779837,0.95795,0.999152,984.176667,1000.0,0.0,0.0,0.0,1.0,300,0,0,0,0.0,0.0,580.125,581.242,1121.468,"{""succeeded"": 300}","{""SUCCEEDED"": 300}",0,0,1200,1.3015
E3,local,balanced,0.8,priority+best_fit,103,50187.674,1073.444992,5197.529,2144.550842,17.750042,0.831075,0.835586,0.942857,0.697577,69.542882,0.821507,0.999158,994.52,1000.0,0.0,0.0,0.0,1.0,300,0,0,0,0.0,0.0,3574.877,6886.814,11270.561,"{""succeeded"": 300}","{""SUCCEEDED"": 300}",0,0,1200,1.5967
E3,local,balanced,0.8,priority+best_fit,104,46548.662,120.468662,451.909,1226.466646,2.106154,0.941889,0.684814,0.985075,0.882665,49.15143,0.941689,0.999012,992.806667,1000.0,0.0,0.0,0.0,1.0,300,0,0,0,0.0,0.0,665.279,468.556,435.701,"{""succeeded"": 300}","{""SUCCEEDED"": 300}",0,0,1200,1.3755
E3,local,balanced,0.8,priority+best_fit,105,43096.862,384.767821,2663.825,1336.517808,6.719041,0.852169,0.839885,0.94958,0.741036,81.817009,0.845838,0.999141,994.253333,1000.0,0.0,0.0,0.0,1.0,300,0,0,0,0.0,0.0,3781.948,2663.825,1779.468,"{""succeeded"": 300}","{""SUCCEEDED"": 300}",0,0,1200,1.387
E3,local,balanced,0.8,priority+best_fit,106,44045.703,282.656358,1449.985,1380.012975,3.658247,0.947632,0.724005,0.992188,0.801215,44.078706,0.952868,0.999025,997.24,1000.0,0.0,0.0,0.0,1.0,300,0,0,0,0.0,0.0,1230.958,1449.985,1542.164,"{""succeeded"": 300}","{""SUCCEEDED"": 300}",0,0,1200,1.4583
E3,local,balanced,0.8,priority+best_fit,107,36227.239,124.274408,731.224,841.153308,3.277923,0.956388,0.638197,0.992308,0.776947,26.811327,0.956519,0.998548,989.87,1000.0,0.0,0.0,0.0,1.0,300,0,0,0,0.0,0.0,484.731,797.289,731.224,"{""succeeded"": 300}","{""SUCCEEDED"": 300}",0,0,1200,1.3141
E3,local,balanced,0.8,priority+best_fit,108,53171.518,1898.405558,15160.188,3092.889113,32.76595,0.984405,0.751102,0.878261,0.799177,47.895374,0.983786,0.999201,991.333333,1000.0,0.0,0.0,0.0,1.0,300,0,0,0,0.0,0.0,15160.188,19632.133,13869.809,"{""succeeded"": 300}","{""SUCCEEDED"": 300}",0,0,1200,1.5203
E3,local,balanced,0.8,priority+best_fit,109,37712.285,145.204946,362.951,936.152333,1.631659,0.973476,0.676945,1.0,0.88538,28.073578,0.973408,0.998806,981.51,1000.0,0.0,0.0,0.0,1.0,300,0,0,0,0.0,0.0,422.222,376.889,155.006,"{""succeeded"": 300}","{""SUCCEEDED"": 300}",0,0,1200,1.232
E3,local,balanced,0.8,priority+best_fit,110,38679.328,681.778333,4427.157,1713.313629,9.93609,0.976255,0.837639,0.954198,0.687701,61.290999,0.973288,0.99902,990.44,1000.0,0.0,0.0,0.0,1.0,300,0,0,0,0.0,0.0,3473.216,5755.716,4469.641,"{""succeeded"": 300}","{""SUCCEEDED"": 300}",0,0,1200,1.5816
E3,local,balanced,0.8,quota+first_fit,101,38198.997,645.191233,3992.791,1494.943321,13.558922,0.786862,0.796767,0.955752,0.787689,39.135478,0.797902,0.998915,995.733333,1000.0,0.0,0.0,0.0,1.0,300,0,0,0,0.0,0.0,3992.791,6656.486,2974.665,"{""succeeded"": 300}","{""SUCCEEDED"": 300}",0,0,1200,1.5158
E3,local,balanced,0.8,quota+first_fit,102,46638.592,129.2397,561.151,1130.577663,3.984465,0.952822,0.718928,1.0,0.890814,53.16911,0.955506,0.999147,982.446667,1000.0,0.0,0.0,0.0,1.0,300,0,0,0,0.0,0.0,580.125,498.96,664.085,"{""succeeded"": 300}","{""SUCCEEDED"": 300}",0,0,1200,1.308
E3,local,balanced,0.8,quota+first_fit,103,50187.674,1027.493363,4625.868,2106.018538,15.908055,0.891868,0.816168,0.895238,0.698669,60.408177,0.876172,0.999154,978.693333,1000.0,0.0,0.0,0.0,1.0,300,0,0,0,0.0,0.0,3170.902,6478.632,10893.797,"{""succeeded"": 300}","{""SUCCEEDED"": 300}",0,0,1200,1.5232
E3,local,balanced,0.8,quota+first_fit,104,46548.662,114.324346,651.941,1218.209892,1.881313,0.987462,0.677116,0.992537,0.879835,44.207355,0.98689,0.998998,997.063333,1000.0,0.0,0.0,0.0,1.0,300,0,0,0,0.0,0.0,1205.469,706.622,651.941,"{""succeeded"": 300}","{""SUCCEEDED"": 300}",0,0,1200,1.3112
E3,local,balanced,0.8,quota+first_fit,105,43096.862,270.146012,1490.444,1203.810538,3.287858,0.922556,0.781233,0.97479,0.77542,66.784853,0.923672,0.999098,991.476667,1000.0,0.0,0.0,0.0,1.0,300,0,0,0,0.0,0.0,2652.718,2167.668,482.658,"{""succeeded"": 300}","{""SUCCEEDED"": 300}",0,0,1200,1.5175
E3,local,balanced,0.8,quota+first_fit,106,44045.703,400.085879,1145.124,1502.236442,3.689483,0.914479,0.737274,0.96875,0.756028,46.491904,0.919685,0.999037,992.65,1000.0,0.0,0.0,0.0,1.0,300,0,0,0,0.0,0.0,1071.028,1563.55,1145.124,"{""succeeded"": 300}","{""SUCCEEDED"": 300}",0,0,1200,1.4528
E3,local,balanced,0.8,quota+first_fit,107,36227.239,110.728142,644.61,831.980417,2.937033,0.917336,0.636987,1.0,0.788919,26.161411,0.917834,0.998543,997.116667,1000.0,0.0,0.0,0.0,1.0,300,0,0,0,0.0,0.0,740.834,539.013,438.362,"{""succeeded"": 300}","{""SUCCEEDED"": 300}",0,0,1200,1.36
E3,local,balanced,0.8,quota+first_fit,108,53670.932,1259.051646,7732.541,2461.275554,12.540208,0.959772,0.742365,0.886957,0.848221,35.931696,0.959836,0.999218,989.87,1000.0,0.0,0.0,0.0,1.0,300,0,0,0,0.0,0.0,12354.465,6234.906,11722.802,"{""succeeded"": 300}","{""SUCCEEDED"": 300}",0,0,1200,1.4992
E3,local,balanced,0.8,quota+first_fit,109,38231.808,133.712908,519.932,924.140679,2.317944,0.987897,0.685424,0.992248,0.895421,27.970369,0.988277,0.998806,983.486667,1000.0,0.0,0.0,0.0,1.0,300,0,0,0,0.0,0.0,495.219,611.79,420.484,"{""succeeded"": 300}","{""SUCCEEDED"": 300}",0,0,1200,1.3047
E3,local,balanced,0.8,quota+first_fit,110,40347.831,691.487062,3741.635,1728.354675,5.130986,0.922129,0.802843,0.938931,0.736836,46.772896,0.928677,0.999026,989.826667,1000.0,0.0,0.0,0.0,1.0,300,0,0,0,0.0,0.0,1291.014,9619.989,1818.491,"{""succeeded"": 300}","{""SUCCEEDED"": 300}",0,0,1200,1.5744
E3,local,balanced,0.8,stub,101,39229.381,1421.123979,3266.526,2260.608183,22.987488,0.885941,0.797895,0.849558,0.748022,43.152823,0.890085,0.998885,991.556667,1000.0,0.0,0.0,0.0,1.0,300,0,0,0,0.0,0.0,3289.483,3037.427,3221.7,"{""succeeded"": 300}","{""SUCCEEDED"": 300}",0,0,1200,2.0483
E3,local,balanced,0.8,stub,102,47493.147,886.886062,2192.231,1885.888742,14.309003,0.920607,0.711016,0.900826,0.736511,56.010456,0.928373,0.999164,969.876667,1000.0,0.0,0.0,0.0,1.0,300,0,0,0,0.0,0.0,2297.334,2294.134,2178.686,"{""succeeded"": 300}","{""SUCCEEDED"": 300}",0,0,1200,1.7761
E3,local,balanced,0.8,stub,103,54234.583,4438.672488,6930.578,5510.121975,134.233856,0.667735,0.780341,0.247619,0.655292,60.731656,0.665537,0.999134,997.8,1000.0,0.0,0.0,0.0,1.0,300,0,0,0,0.0,0.0,6541.179,6976.288,7241.014,"{""succeeded"": 300}","{""SUCCEEDED"": 300}",0,0,1200,2.3339
E3,local,balanced,0.8,stub,104,47572.644,480.406854,2009.19,1586.352112,6.168378,0.971655,0.659465,0.970149,0.823062,43.316635,0.972059,0.999014,982.496667,1000.0,0.0,0.0,0.0,1.0,300,0,0,0,0.0,0.0,1893.522,2111.334,2184.045,"{""succeeded"": 300}","{""SUCCEEDED"": 300}",0,0,1200,1.6937
E3,local,balanced,0.8,stub,105,43133.569,1529.319425,3346.054,2460.336712,22.068328,0.859965,0.792775,0.87395,0.626688,72.985636,0.836661,0.999099,987.09,1000.0,0.0,0.0,0.0,1.0,300,0,0,0,0.0,0.0,3760.621,3618.452,2860.173,"{""succeeded"": 300}","{""SUCCEEDED"": 300}",0,0,1200,1.8838
E3,local,balanced,0.8,stub,106,46352.093,2081.805171,4818.881,3183.661629,17.337505,0.895816,0.713457,0.703125,0.691657,44.762516,0.902528,0.999035,994.956667,1000.0,0.0,0.0,0.0,1.0,300,0,0,0,0.0,0.0,4428.05,4955.073,4570.022,"{""succeeded"": 300}","{""SUCCEEDED"": 300}",0,0,1200,1.9202
E3,local,balanced,0.8,stub,107,36419.365,680.596508,1765.527,1400.019083,11.735628,0.92701,0.626227,0.938462,0.680549,28.664685,0.932866,0.998532,998.566667,1000.0,0.0,0.0,0.0,1.0,300,0,0,0,0.0,0.0,1697.904,1661.236,1945.628,"{""succeeded"": 300}","{""SUCCEEDED"": 300}",0,0,1200,1.8218
E3,local,balanced,0.8,stub,108,59679.208,5251.706246,11820.955,6452.8464,54.475467,0.925936,0.658872,0.426087,0.711086,39.032078,0.930238,0.999207,997.186667,1000.0,0.0,0.0,0.0,1.0,300,0,0,0,0.0,0.0,11909.647,11835.169,11555.573,"{""succeeded"": 300}","{""SUCCEEDED"": 300}",0,0,1200,2.2581
E3,local,balanced,0.8,stub,109,38857.074,555.538813,1789.112,1343.844958,11.216019,0.927003,0.673017,0.906977,0.786004,30.150864,0.929932,0.998777,988.953333,1000.0,0.0,0.0,0.0,1.0,300,0,0,0,0.0,0.0,1932.831,1630.738,1615.595,"{""succeeded"": 300}","{""SUCCEEDED"": 300}",0,0,1200,1.746
E3,local,balanced,0.8,stub,110,42354.969,3677.446979,5521.786,4715.459983,29.428903,0.97396,0.777483,0.442748,0.61685,52.394941,0.971517,0.999036,992.086667,1000.0,0.0,0.0,0.0,1.0,300,0,0,0,0.0,0.0,5835.614,5635.443,5512.068,"{""succeeded"": 300}","{""SUCCEEDED"": 300}",0,0,1200,2.4579
E3,local,balanced,0.8,priority+best_fit+preempt,101,39689.62,419.77705,1877.442,1442.171417,8.026632,0.925717,0.874383,1.0,0.800871,49.029424,0.926076,0.998713,997.534351,1000.0,2148.727735,10000.0,10000.0,1.0,393,0,0,93,44417.028,34560.0,2134.259,2085.968,1340.504,"{""preempted"": 93, ""succeeded"": 300}","{""SUCCEEDED"": 300}",0,0,1572,1.8546
E3,local,balanced,0.8,priority+best_fit+preempt,102,48763.701,314.371108,1254.41,1467.982442,4.089758,0.959698,0.744931,1.0,0.815116,57.445268,0.957316,0.999019,990.78125,1000.0,1389.519886,10000.0,10000.0,1.0,352,0,0,52,45552.778,26160.0,631.732,909.575,2539.712,"{""preempted"": 52, ""succeeded"": 300}","{""SUCCEEDED"": 300}",0,0,1408,1.6813
E3,local,balanced,0.8,priority+best_fit+preempt,103,50506.435,1258.100546,6061.521,2649.999096,25.784787,0.826892,0.853524,0.990476,0.688708,74.752829,0.817425,0.998973,994.128019,1000.0,2443.089372,10000.0,10000.0,1.0,414,0,0,114,54145.1,39000.0,6707.967,6630.886,4203.766,"{""preempted"": 114, ""succeeded"": 300}","{""SUCCEEDED"": 300}",0,0,1656,2.1259
E3,local,balanced,0.8,priority+best_fit+preempt,104,46548.662,101.267279,605.964,1296.069071,2.526918,0.998828,0.727298,1.0,0.854372,55.314478,0.998773,0.998886,988.456897,1000.0,1163.014368,10000.0,10000.0,1.0,348,0,0,48,32572.545,24720.0,605.964,1014.43,667.571,"{""preempted"": 48, ""succeeded"": 300}","{""SUCCEEDED"": 300}",0,0,1392,1.5804
E3,local,balanced,0.8,priority+best_fit+preempt,105,43096.862,170.8497,561.918,1241.371517,3.29145,0.979222,0.828684,0.991597,0.820845,76.133342,0.977884,0.998972,993.618644,1000.0,1224.627119,10000.0,10000.0,1.0,354,0,0,54,31234.911,20760.0,1017.086,893.538,356.545,"{""preempted"": 54, ""succeeded"": 300}","{""SUCCEEDED"": 300}",0,0,1416,1.6567
E3,local,balanced,0.8,priority+best_fit+preempt,106,44597.282,291.787908,1361.73,1574.290112,3.877652,0.965149,0.795825,1.0,0.787105,59.800651,0.968137,0.998842,993.032787,1000.0,1505.142077,10000.0,10000.0,1.0,366,0,0,66,34479.012,32640.0,982.28,1330.895,1621.105,"{""preempted"": 66, ""succeeded"": 300}","{""SUCCEEDED"": 300}",0,0,1464,1.7407
E3,local,balanced,0.8,priority+best_fit+preempt,107,36227.239,80.242342,438.862,838.928542,3.240799,0.982989,0.665039,1.0,0.852537,30.769956,0.982809,0.998401,989.801187,1000.0,925.160237,10000.0,10000.0,1.0,337,0,0,37,13897.515,15720.0,484.731,357.994,583.039,"{""preempted"": 37, ""succeeded"": 300}","{""SUCCEEDED"": 300}",0,0,1348,1.4164
E3,local,balanced,0.8,priority+best_fit+preempt,108,52862.777,1673.094346,11634.543,3309.853363,29.288745,0.928549,0.808031,0.956522,0.810674,63.944611,0.931293,0.999025,994.274038,1000.0,2478.9375,10000.0,10000.0,1.0,416,0,0,116,48495.354,36720.0,12867.79,11616.37,14299.176,"{""preempted"": 116, ""succeeded"": 300}","{""SUCCEEDED"": 300}",0,0,1664,2.1234
E3,local,balanced,0.8,priority+best_fit+preempt,109,37835.85,121.590204,457.438,1020.582008,3.376986,0.996755,0.716373,1.0,0.872209,30.130389,0.996561,0.998622,987.260504,1000.0,1410.731092,10000.0,10000.0,1.0,357,0,0,57,27495.448,25080.0,457.438,383.408,541.675,"{""preempted"": 57, ""succeeded"": 300}","{""SUCCEEDED"": 300}",0,0,1428,1.5873
E3,local,balanced,0.8,priority+best_fit+preempt,110,39224.406,986.978596,6240.488,2394.310279,15.039679,0.958842,0.909438,1.0,0.689477,72.452442,0.954545,0.998773,989.438228,1000.0,2432.25641,10000.0,10000.0,1.0,429,0,0,129,38277.563,42600.0,2985.173,8777.674,6240.488,"{""preempted"": 129, ""succeeded"": 300}","{""SUCCEEDED"": 300}",0,0,1716,2.2887
E3,local,balanced,0.8,quota+first_fit+reclaim,101,40635.669,835.212175,2901.562,1828.239525,8.965035,0.808984,0.823927,0.955752,0.722845,43.443699,0.818415,0.998797,995.520588,1000.0,973.032353,10000.0,10000.0,1.0,340,0,0,40,49345.51,25920.0,2901.562,4025.13,1605.151,"{""preempted"": 40, ""succeeded"": 300}","{""SUCCEEDED"": 300}",0,0,1360,1.7227
E3,local,balanced,0.8,quota+first_fit+reclaim,102,47510.974,149.427392,503.755,1241.933871,2.83269,0.981895,0.74345,1.0,0.905995,57.935335,0.982299,0.99905,980.695783,1000.0,850.725904,10000.0,10000.0,1.0,332,0,0,32,24444.972,17760.0,421.201,588.75,506.979,"{""preempted"": 32, ""succeeded"": 300}","{""SUCCEEDED"": 300}",0,0,1328,1.5139
E3,local,balanced,0.8,quota+first_fit+reclaim,103,50927.949,1018.655483,3585.31,2276.729763,15.212358,0.86742,0.81525,0.961905,0.697844,59.900147,0.870707,0.999012,990.224138,1000.0,1124.600575,10000.0,10000.0,1.0,348,0,0,48,48295.28,26640.0,3585.31,2722.208,15321.434,"{""preempted"": 48, ""succeeded"": 300}","{""SUCCEEDED"": 300}",0,0,1392,1.8765
E3,local,balanced,0.8,quota+first_fit+reclaim,104,46548.662,171.463479,777.092,1361.682037,2.824628,0.987603,0.693107,1.0,0.877008,40.583042,0.987052,0.998964,992.477987,1000.0,559.333333,10000.0,10000.0,1.0,318,0,0,18,11746.771,9840.0,1472.516,731.482,760.728,"{""preempted"": 18, ""succeeded"": 300}","{""SUCCEEDED"": 300}",0,0,1272,1.4701
E3,local,balanced,0.8,quota+first_fit+reclaim,105,43371.733,178.695767,356.82,1256.649279,2.034263,0.97244,0.771755,1.0,0.904923,65.243665,0.97506,0.998937,995.791908,1000.0,1186.17052,10000.0,10000.0,1.0,346,0,0,46,30728.403,25800.0,603.216,323.459,10.0,"{""preempted"": 46, ""succeeded"": 300}","{""SUCCEEDED"": 300}",0,0,1384,1.5911
E3,local,balanced,0.8,quota+first_fit+reclaim,106,44045.703,358.927225,1577.278,1500.642967,4.223497,0.933428,0.758246,0.976562,0.785001,50.11642,0.939883,0.99894,996.695266,1000.0,944.934911,10000.0,10000.0,1.0,338,0,0,38,23476.062,15720.0,757.702,1651.099,1594.587,"{""preempted"": 38, ""succeeded"": 300}","{""SUCCEEDED"": 300}",0,0,1352,1.7064
E3,local,balanced,0.8,quota+first_fit+reclaim,107,36227.239,100.047871,446.388,852.632004,3.239232,0.951785,0.683458,1.0,0.873444,28.781696,0.951137,0.998417,994.37037,1000.0,650.87037,10000.0,10000.0,1.0,324,0,0,24,27887.392,17160.0,446.388,728.325,242.368,"{""preempted"": 24, ""succeeded"": 300}","{""SUCCEEDED"": 300}",0,0,1296,1.4798
E3,local,balanced,0.8,quota+first_fit+reclaim,108,54156.491,1271.944967,10404.259,2556.538413,13.21172,0.994444,0.748149,0.904348,0.868745,33.675325,0.994198,0.99914,983.345566,1000.0,626.691131,10000.0,10000.0,1.0,327,0,0,27,26922.229,15120.0,4213.489,7814.484,12823.235,"{""preempted"": 27, ""succeeded"": 300}","{""SUCCEEDED"": 300}",0,0,1308,1.5734
E3,local,balanced,0.8,quota+first_fit+reclaim,109,38036.441,145.195617,680.623,984.571438,2.317944,0.945002,0.68435,0.992248,0.906142,27.556679,0.944778,0.998753,981.737013,1000.0,259.74026,0.0,10000.0,1.0,308,0,0,8,7089.116,5520.0,867.311,611.79,420.484,"{""preempted"": 8, ""succeeded"": 300}","{""SUCCEEDED"": 300}",0,0,1232,1.3025
E3,local,balanced,0.8,quota+first_fit+reclaim,110,40105.657,819.443762,6084.99,2021.468904,13.024483,0.956934,0.836183,0.931298,0.741133,55.279914,0.951282,0.998901,987.2493,1000.0,1358.434174,10000.0,10000.0,1.0,357,0,0,57,36198.057,22800.0,2012.609,8994.316,7294.815,"{""preempted"": 57, ""succeeded"": 300}","{""SUCCEEDED"": 300}",0,0,1428,1.8554
E3,local,balanced,1.0,fifo+first_fit,101,39631.737,5123.62095,7278.678,5965.671508,95.456106,0.864261,0.805345,0.044248,0.671789,34.610961,0.869139,0.998903,1000.0,1000.0,0.0,0.0,0.0,1.0,300,0,0,0,0.0,0.0,7550.831,7278.678,6911.727,"{""succeeded"": 300}","{""SUCCEEDED"": 300}",0,0,1200,2.0648
E3,local,balanced,1.0,fifo+first_fit,102,45017.204,4548.281008,7270.852,5550.603996,54.845695,0.948896,0.76131,0.280992,0.599281,54.7588,0.95383,0.999145,995.536667,1000.0,0.0,0.0,0.0,1.0,300,0,0,0,0.0,0.0,7619.629,7346.824,7056.562,"{""succeeded"": 300}","{""SUCCEEDED"": 300}",0,0,1200,1.8735
E3,local,balanced,1.0,fifo+first_fit,103,57617.317,11334.339012,16270.345,12405.622863,338.0018,0.661506,0.740641,0.019048,0.608932,48.720872,0.662835,0.999161,990.85,1000.0,0.0,0.0,0.0,1.0,300,0,0,0,0.0,0.0,16270.345,16141.079,16388.264,"{""succeeded"": 300}","{""SUCCEEDED"": 300}",0,0,1200,2.499
E3,local,balanced,1.0,fifo+first_fit,104,42318.379,2614.439625,4727.22,3721.866525,20.561585,0.941952,0.763272,0.708955,0.628828,46.168313,0.945365,0.999031,976.973333,1000.0,0.0,0.0,0.0,1.0,300,0,0,0,0.0,0.0,4648.106,4777.003,4926.862,"{""succeeded"": 300}","{""SUCCEEDED"": 300}",0,0,1200,1.5918
E3,local,balanced,1.0,fifo+first_fit,105,42186.644,4580.240208,6868.454,5512.989446,52.16594,0.84128,0.793896,0.327731,0.529941,65.143375,0.812826,0.999095,994.05,1000.0,0.0,0.0,0.0,1.0,300,0,0,0,0.0,0.0,6931.852,7012.051,6562.985,"{""succeeded"": 300}","{""SUCCEEDED"": 300}",0,0,1200,2.0984
E3,local,balanced,1.0,fifo+first_fit,106,44167.452,5354.398546,7211.907,6456.420721,41.238537,0.889772,0.768537,0.0625,0.630425,41.716369,0.896741,0.999028,1000.0,1000.0,0.0,0.0,0.0,1.0,300,0,0,0,0.0,0.0,6702.465,7434.703,7715.408,"{""succeeded"": 300}","{""SUCCEEDED"": 300}",0,0,1200,1.9686
E3,local,balanced,1.0,fifo+first_fit,107,32672.801,2263.208988,2997.488,2979.987433,35.573917,0.898044,0.728805,0.838462,0.605138,28.959048,0.908233,0.998551,966.69,1000.0,0.0,0.0,0.0,1.0,300,0,0,0,0.0,0.0,3113.719,2948.578,2997.488,"{""succeeded"": 300}","{""SUCCEEDED"": 300}",0,0,1200,1.752
E3,local,balanced,1.0,fifo+first_fit,108,56959.047,7123.617175,16000.82,8315.585042,75.031956,0.925823,0.650676,0.391304,0.666182,32.718934,0.930507,0.999197,995.126667,1000.0,0.0,0.0,0.0,1.0,300,0,0,0,0.0,0.0,15785.912,16089.254,16657.552,"{""succeeded"": 300}","{""SUCCEEDED"": 300}",0,0,1200,1.8908
E3,local,balanced,1.0,fifo+first_fit,109,35082.385,990.134933,3342.856,1779.801375,18.593603,0.912019,0.764629,0.906977,0.769986,29.899041,0.91548,0.998791,988.04,1000.0,0.0,0.0,0.0,1.0,300,0,0,0,0.0,0.0,3522.014,3202.763,3182.579,"{""succeeded"": 300}","{""SUCCEEDED"": 300}",0,0,1200,1.4554
E3,local,balanced,1.0,fifo+first_fit,110,43542.082,6981.231254,9710.84,8017.247438,55.594612,0.987994,0.762233,0.183206,0.616166,38.447235,0.987357,0.999017,1000.0,1000.0,0.0,0.0,0.0,1.0,300,0,0,0,0.0,0.0,10422.145,9272.875,9606.147,"{""succeeded"": 300}","{""SUCCEEDED"": 300}",0,0,1200,2.3127
E3,local,balanced,1.0,priority+best_fit,101,36026.534,1100.429558,4711.729,1948.030354,26.47051,0.984128,0.843493,0.955752,0.709718,37.580156,0.983546,0.998904,993.44,1000.0,0.0,0.0,0.0,1.0,300,0,0,0,0.0,0.0,4746.937,8160.624,4055.688,"{""succeeded"": 300}","{""SUCCEEDED"": 300}",0,0,1200,1.8017
E3,local,balanced,1.0,priority+best_fit,102,40622.733,924.119879,5811.397,1926.154096,18.144552,0.891686,0.881794,0.933884,0.676003,73.54379,0.898234,0.999159,987.533333,1000.0,0.0,0.0,0.0,1.0,300,0,0,0,0.0,0.0,6868.955,2762.761,6447.258,"{""succeeded"": 300}","{""SUCCEEDED"": 300}",0,0,1200,1.7115
E3,local,balanced,1.0,priority+best_fit,103,45095.26,2042.213417,12170.162,3109.984,30.417689,0.848159,0.88452,0.914286,0.754103,52.348543,0.830136,0.99915,992.176667,1000.0,0.0,0.0,0.0,1.0,300,0,0,0,0.0,0.0,10571.415,12340.379,27483.498,"{""succeeded"": 300}","{""SUCCEEDED"": 300}",0,0,1200,1.8874
E3,local,balanced,1.0,priority+best_fit,104,38884.27,519.836975,2780.653,1627.992062,5.536633,0.90988,0.816009,0.955224,0.770269,46.331146,0.911421,0.999016,989.733333,1000.0,0.0,0.0,0.0,1.0,300,0,0,0,0.0,0.0,3228.172,2474.492,2958.157,"{""succeeded"": 300}","{""SUCCEEDED"": 300}",0,0,1200,1.696
E3,local,balanced,1.0,priority+best_fit,105,38952.131,910.361608,7526.235,1862.980892,14.587714,0.790192,0.891184,0.94958,0.641903,71.642467,0.772203,0.999139,996.03,1000.0,0.0,0.0,0.0,1.0,300,0,0,0,0.0,0.0,7914.148,7847.499,2281.171,"{""succeeded"": 300}","{""SUCCEEDED"": 300}",0,0,1200,1.6269
E3,local,balanced,1.0,priority+best_fit,106,37245.884,951.127287,4268.609,2054.588162,9.041476,0.862551,0.875959,0.929688,0.707191,51.142733,0.875693,0.999046,987.94,1000.0,0.0,0.0,0.0,1.0,300,0,0,0,0.0,0.0,6588.994,2476.227,4268.609,"{""succeeded"": 300}","{""SUCCEEDED"": 300}",0,0,1200,1.7732
E3,local,balanced,1.0,priority+best_fit,107,30348.854,283.921671,1677.139,1002.860842,7.849272,0.900881,0.776506,0.976923,0.760192,29.136312,0.904008,0.998527,1000.0,1000.0,0.0,0.0,0.0,1.0,300,0,0,0,0.0,0.0,1677.139,1418.795,2188.064,"{""succeeded"": 300}","{""SUCCEEDED"": 300}",0,0,1200,1.5959
E3,local,balanced,1.0,priority+best_fit,108,49287.087,2608.433129,20888.781,3808.830112,54.135544,0.939115,0.807585,0.791304,0.825719,43.024281,0.938808,0.999203,993.953333,1000.0,0.0,0.0,0.0,1.0,300,0,0,0,0.0,0.0,22133.054,20888.781,21142.005,"{""succeeded"": 300}","{""SUCCEEDED"": 300}",0,0,1200,1.8104
E3,local,balanced,1.0,priority+best_fit,109,32455.851,376.325725,1899.478,1166.524138,7.789663,0.981836,0.809653,0.984496,0.823931,29.822433,0.981527,0.998806,975.53,1000.0,0.0,0.0,0.0,1.0,300,0,0,0,0.0,0.0,1899.478,3779.746,393.551,"{""succeeded"": 300}","{""SUCCEEDED"": 300}",0,0,1200,1.6152
E3,local,balanced,1.0,priority+best_fit,110,36054.01,1318.617721,7773.162,2357.094629,16.754509,0.974527,0.88041,0.89313,0.685809,49.923695,0.976595,0.999044,990.446667,1000.0,0.0,0.0,0.0,1.0,300,0,0,0,0.0,0.0,6555.945,10986.398,9435.574,"{""succeeded"": 300}","{""SUCCEEDED"": 300}",0,0,1200,1.7968
E3,local,balanced,1.0,quota+first_fit,101,37302.135,1268.21445,5853.087,2126.632646,32.754119,0.950398,0.880663,0.929204,0.7653,33.802936,0.949895,0.99895,993.46,1000.0,0.0,0.0,0.0,1.0,300,0,0,0,0.0,0.0,4247.623,11398.663,4685.638,"{""succeeded"": 300}","{""SUCCEEDED"": 300}",0,0,1200,1.7927
E3,local,balanced,1.0,quota+first_fit,102,41083.252,875.078125,5781.783,1875.119525,15.347767,0.915749,0.878486,0.933884,0.765915,61.824274,0.921683,0.999149,991.94,1000.0,0.0,0.0,0.0,1.0,300,0,0,0,0.0,0.0,6775.393,4767.909,6390.669,"{""succeeded"": 300}","{""SUCCEEDED"": 300}",0,0,1200,1.6146
E3,local,balanced,1.0,quota+first_fit,103,44598.705,1882.186525,11316.32,2960.068308,29.385878,0.945087,0.901946,0.904762,0.756603,56.14187,0.936979,0.999147,994.746667,1000.0,0.0,0.0,0.0,1.0,300,0,0,0,0.0,0.0,11316.32,8529.401,26769.673,"{""succeeded"": 300}","{""SUCCEEDED"": 300}",0,0,1200,1.8391
E3,local,balanced,1.0,quota+first_fit,104,38526.727,622.616458,2752.442,1732.61805,5.893486,0.600461,0.827897,0.940299,0.791884,42.885967,0.633907,0.999029,991.416667,1000.0,0.0,0.0,0.0,1.0,300,0,0,0,0.0,0.0,8104.435,3112.779,2337.794,"{""succeeded"": 300}","{""SUCCEEDED"": 300}",0,0,1200,1.7173
E3,local,balanced,1.0,quota+first_fit,105,37655.794,559.453479,2347.546,1491.828454,7.038613,0.970088,0.842905,0.983193,0.73595,59.668313,0.969179,0.999092,992.806667,1000.0,0.0,0.0,0.0,1.0,300,0,0,0,0.0,0.0,5235.9,1321.694,1969.728,"{""succeeded"": 300}","{""SUCCEEDED"": 300}",0,0,1200,1.6639
E3,local,balanced,1.0,quota+first_fit,106,37698.53,1196.103083,5696.182,2298.881371,9.641989,0.870718,0.858018,0.914062,0.728872,41.323952,0.883025,0.999034,995.343333,1000.0,0.0,0.0,0.0,1.0,300,0,0,0,0.0,0.0,3023.688,6965.611,5696.182,"{""succeeded"": 300}","{""SUCCEEDED"": 300}",0,0,1200,1.8958
E3,local,balanced,1.0,quota+first_fit,107,30348.854,424.413992,3298.576,1144.177071,12.587277,0.911989,0.746372,0.976923,0.703623,25.29194,0.91938,0.998541,995.35,1000.0,0.0,0.0,0.0,1.0,300,0,0,0,0.0,0.0,3298.576,1286.453,4026.994,"{""succeeded"": 300}","{""SUCCEEDED"": 300}",0,0,1200,1.6731
E3,local,balanced,1.0,quota+first_fit,108,50327.855,2093.621554,17043.551,3278.678246,36.489988,0.948606,0.777764,0.782609,0.81682,38.418156,0.948075,0.999194,985.8,1000.0,0.0,0.0,0.0,1.0,300,0,0,0,0.0,0.0,17216.951,15154.231,15902.082,"{""succeeded"": 300}","{""SUCCEEDED"": 300}",0,0,1200,1.7401
E3,local,balanced,1.0,quota+first_fit,109,33135.607,591.872354,2632.12,1380.072254,7.73638,0.960597,0.767055,0.96124,0.779243,23.597854,0.963779,0.998779,986.326667,1000.0,0.0,0.0,0.0,1.0,300,0,0,0,0.0,0.0,2543.675,6447.578,621.981,"{""succeeded"": 300}","{""SUCCEEDED"": 300}",0,0,1200,1.6439
E3,local,balanced,1.0,quota+first_fit,110,36588.502,1063.033117,6289.737,2099.240154,13.447277,0.973861,0.853848,0.916031,0.762362,36.450113,0.973327,0.999031,984.696667,1000.0,0.0,0.0,0.0,1.0,300,0,0,0,0.0,0.0,1450.79,11046.798,6289.737,"{""succeeded"": 300}","{""SUCCEEDED"": 300}",0,0,1200,1.8929
E3,local,balanced,1.0,stub,101,39631.737,5123.62095,7278.678,5965.671508,95.456106,0.864261,0.805345,0.044248,0.671789,34.610961,0.869139,0.998903,1000.0,1000.0,0.0,0.0,0.0,1.0,300,0,0,0,0.0,0.0,7550.831,7278.678,6911.727,"{""succeeded"": 300}","{""SUCCEEDED"": 300}",0,0,1200,2.9821
E3,local,balanced,1.0,stub,102,45017.204,4548.281008,7270.852,5550.603996,54.845695,0.948896,0.76131,0.280992,0.599281,54.7588,0.95383,0.999145,995.536667,1000.0,0.0,0.0,0.0,1.0,300,0,0,0,0.0,0.0,7619.629,7346.824,7056.562,"{""succeeded"": 300}","{""SUCCEEDED"": 300}",0,0,1200,2.5733
E3,local,balanced,1.0,stub,103,57617.317,11334.339012,16270.345,12405.622863,338.0018,0.661506,0.740641,0.019048,0.608932,48.720872,0.662835,0.999161,990.85,1000.0,0.0,0.0,0.0,1.0,300,0,0,0,0.0,0.0,16270.345,16141.079,16388.264,"{""succeeded"": 300}","{""SUCCEEDED"": 300}",0,0,1200,3.1411
E3,local,balanced,1.0,stub,104,42318.379,2614.439625,4727.22,3721.866525,20.561585,0.941952,0.763272,0.708955,0.628828,46.168313,0.945365,0.999031,976.973333,1000.0,0.0,0.0,0.0,1.0,300,0,0,0,0.0,0.0,4648.106,4777.003,4926.862,"{""succeeded"": 300}","{""SUCCEEDED"": 300}",0,0,1200,2.3403
E3,local,balanced,1.0,stub,105,42186.644,4580.240208,6868.454,5512.989446,52.16594,0.84128,0.793896,0.327731,0.529941,65.143375,0.812826,0.999095,994.05,1000.0,0.0,0.0,0.0,1.0,300,0,0,0,0.0,0.0,6931.852,7012.051,6562.985,"{""succeeded"": 300}","{""SUCCEEDED"": 300}",0,0,1200,3.3063
E3,local,balanced,1.0,stub,106,44167.452,5354.398546,7211.907,6456.420721,41.238537,0.889772,0.768537,0.0625,0.630425,41.716369,0.896741,0.999028,1000.0,1000.0,0.0,0.0,0.0,1.0,300,0,0,0,0.0,0.0,6702.465,7434.703,7715.408,"{""succeeded"": 300}","{""SUCCEEDED"": 300}",0,0,1200,3.2024
E3,local,balanced,1.0,stub,107,32672.801,2263.208988,2997.488,2979.987433,35.573917,0.898044,0.728805,0.838462,0.605138,28.959048,0.908233,0.998551,966.69,1000.0,0.0,0.0,0.0,1.0,300,0,0,0,0.0,0.0,3113.719,2948.578,2997.488,"{""succeeded"": 300}","{""SUCCEEDED"": 300}",0,0,1200,2.7372
E3,local,balanced,1.0,stub,108,56959.047,7123.617175,16000.82,8315.585042,75.031956,0.925823,0.650676,0.391304,0.666182,32.718934,0.930507,0.999197,995.126667,1000.0,0.0,0.0,0.0,1.0,300,0,0,0,0.0,0.0,15785.912,16089.254,16657.552,"{""succeeded"": 300}","{""SUCCEEDED"": 300}",0,0,1200,2.98
E3,local,balanced,1.0,stub,109,35082.385,990.134933,3342.856,1779.801375,18.593603,0.912019,0.764629,0.906977,0.769986,29.899041,0.91548,0.998791,988.04,1000.0,0.0,0.0,0.0,1.0,300,0,0,0,0.0,0.0,3522.014,3202.763,3182.579,"{""succeeded"": 300}","{""SUCCEEDED"": 300}",0,0,1200,1.9743
E3,local,balanced,1.0,stub,110,43542.082,6981.231254,9710.84,8017.247438,55.594612,0.987994,0.762233,0.183206,0.616166,38.447235,0.987357,0.999017,1000.0,1000.0,0.0,0.0,0.0,1.0,300,0,0,0,0.0,0.0,10422.145,9272.875,9606.147,"{""succeeded"": 300}","{""SUCCEEDED"": 300}",0,0,1200,2.7032
E3,local,balanced,1.0,priority+best_fit+preempt,101,38668.948,1296.786792,8000.114,2546.210746,37.455385,0.825914,0.934896,1.0,0.768397,42.530157,0.832887,0.998636,991.737079,1000.0,2753.977528,10000.0,10000.0,1.0,445,0,0,145,47581.727,46440.0,10990.55,11373.809,4464.576,"{""preempted"": 145, ""succeeded"": 300}","{""SUCCEEDED"": 300}",0,0,1780,2.233
E3,local,balanced,1.0,priority+best_fit+preempt,102,42762.54,564.093292,2531.334,1765.893575,9.168483,0.957868,0.859165,1.0,0.792542,55.642901,0.961645,0.998966,991.20398,1000.0,2232.320896,10000.0,10000.0,1.0,402,0,0,102,52350.7,34320.0,1896.563,2159.153,6582.307,"{""preempted"": 102, ""succeeded"": 300}","{""SUCCEEDED"": 300}",0,0,1608,1.861
E3,local,balanced,1.0,priority+best_fit+preempt,103,45378.58,2463.090317,14528.58,3962.312179,60.703233,0.735861,0.962276,0.990476,0.780809,65.776775,0.732495,0.998947,993.972665,1000.0,2831.421412,10000.0,10000.0,1.0,439,0,0,139,56236.396,45720.0,14528.58,15162.243,14735.748,"{""preempted"": 139, ""succeeded"": 300}","{""SUCCEEDED"": 300}",0,0,1756,2.3155
E3,local,balanced,1.0,priority+best_fit+preempt,104,38164.57,409.690071,1729.692,1697.672383,6.928159,0.700471,0.882659,1.0,0.793454,58.178115,0.721011,0.9988,990.599509,1000.0,2193.520885,10000.0,10000.0,1.0,407,0,0,107,49632.74,36120.0,2495.841,1803.647,1190.068,"{""preempted"": 107, ""succeeded"": 300}","{""SUCCEEDED"": 300}",0,0,1628,1.8358
E3,local,balanced,1.0,priority+best_fit+preempt,105,37984.58,597.377113,2362.066,1855.888425,10.063775,0.985596,0.887725,1.0,0.739162,68.750924,0.985859,0.998888,989.575,1000.0,2031.72,10000.0,10000.0,1.0,400,0,0,100,38404.532,31200.0,4937.935,1775.327,1848.079,"{""preempted"": 100, ""succeeded"": 300}","{""SUCCEEDED"": 300}",0,0,1600,1.9299
E3,local,balanced,1.0,priority+best_fit+preempt,106,38944.274,1320.709767,8453.046,2822.808612,15.672095,0.911271,0.946171,0.984375,0.734526,60.01385,0.919492,0.998729,994.610245,1000.0,2982.5902,10000.0,10000.0,1.0,449,0,0,149,79172.002,58080.0,10274.466,11081.854,7262.823,"{""preempted"": 149, ""succeeded"": 300}","{""SUCCEEDED"": 300}",0,0,1796,2.6836
E3,local,balanced,1.0,priority+best_fit+preempt,107,30348.854,355.170929,2313.928,1270.058908,13.428495,0.869098,0.878329,1.0,0.763154,36.616402,0.867796,0.998239,995.58794,1000.0,2166.914573,10000.0,10000.0,1.0,398,0,0,98,44731.321,42840.0,1002.43,3878.598,2336.072,"{""preempted"": 98, ""succeeded"": 300}","{""SUCCEEDED"": 300}",0,0,1592,2.024
E3,local,balanced,1.0,priority+best_fit+preempt,108,49295.119,2754.175304,18493.053,4579.319858,45.996558,0.970528,0.845562,0.947826,0.846601,48.247984,0.970077,0.998992,995.4942,1000.0,2794.382831,10000.0,10000.0,1.0,431,0,0,131,47352.481,40320.0,16054.768,15064.594,19636.329,"{""preempted"": 131, ""succeeded"": 300}","{""SUCCEEDED"": 300}",0,0,1724,2.6194
E3,local,balanced,1.0,priority+best_fit+preempt,109,32951.929,436.866546,2871.113,1474.636367,9.058788,0.970423,0.8517,1.0,0.856438,33.820857,0.971888,0.99853,987.994778,1000.0,1821.394256,10000.0,10000.0,1.0,383,0,0,83,30485.163,36000.0,2899.804,2726.921,2498.992,"{""preempted"": 83, ""succeeded"": 300}","{""SUCCEEDED"": 300}",0,0,1532,2.0121
E3,local,balanced,1.0,priority+best_fit+preempt,110,37671.7,2361.860054,10899.422,3939.440979,38.029129,0.990144,0.982574,0.977099,0.759213,58.164964,0.98957,0.998785,995.202105,1000.0,3253.303158,10000.0,10000.0,1.0,475,0,0,175,41005.2,37560.0,10045.126,14996.403,9092.328,"{""preempted"": 175, ""succeeded"": 300}","{""SUCCEEDED"": 300}",0,0,1900,3.2216
E3,local,balanced,1.0,quota+first_fit+reclaim,101,37775.232,1158.923679,5943.367,2144.816692,24.605753,0.926095,0.896069,0.938053,0.799974,29.795393,0.926191,0.998777,991.074713,1000.0,973.353448,10000.0,10000.0,1.0,348,0,0,48,26853.804,23760.0,4607.992,9140.625,5943.367,"{""preempted"": 48, ""succeeded"": 300}","{""SUCCEEDED"": 300}",0,0,1392,2.0802
E3,local,balanced,1.0,quota+first_fit+reclaim,102,42376.507,381.882717,1408.496,1556.167383,5.332075,0.952035,0.857113,0.966942,0.888991,50.475337,0.951434,0.998984,988.284483,1000.0,1094.882184,10000.0,10000.0,1.0,348,0,0,48,28318.141,27840.0,2045.271,3094.002,615.159,"{""preempted"": 48, ""succeeded"": 300}","{""SUCCEEDED"": 300}",0,0,1392,1.8532
E3,local,balanced,1.0,quota+first_fit+reclaim,103,47405.523,2078.937221,14130.236,3363.490346,44.130946,0.97159,0.902933,0.895238,0.801229,46.44221,0.973574,0.99902,990.071429,1000.0,1058.527473,10000.0,10000.0,1.0,364,0,0,64,37643.35,28200.0,15351.77,5427.112,29576.491,"{""preempted"": 64, ""succeeded"": 300}","{""SUCCEEDED"": 300}",0,0,1456,2.2466
E3,local,balanced,1.0,quota+first_fit+reclaim,104,39973.725,519.422629,1497.367,1718.0817,6.231736,0.595555,0.812344,0.962687,0.832797,36.792283,0.629604,0.998923,994.606707,1000.0,744.356707,10000.0,10000.0,1.0,328,0,0,28,20506.869,16200.0,5245.146,849.213,1162.534,"{""preempted"": 28, ""succeeded"": 300}","{""SUCCEEDED"": 300}",0,0,1312,1.8089
E3,local,balanced,1.0,quota+first_fit+reclaim,105,40492.305,263.937129,753.769,1352.376646,3.075015,0.967366,0.809297,0.991597,0.899811,48.725235,0.970451,0.999019,995.501493,1000.0,933.973134,10000.0,10000.0,1.0,335,0,0,35,30375.915,16680.0,1399.911,757.977,291.68,"{""preempted"": 35, ""succeeded"": 300}","{""SUCCEEDED"": 300}",0,0,1340,1.6121
E3,local,balanced,1.0,quota+first_fit+reclaim,106,38988.182,1193.266592,6040.749,2445.945688,10.843503,0.870177,0.859332,0.960938,0.741143,39.318364,0.881417,0.99877,989.91344,1000.0,2465.801822,10000.0,10000.0,1.0,439,0,0,139,29194.128,40080.0,1201.632,11028.795,6040.749,"{""preempted"": 139, ""succeeded"": 300}","{""SUCCEEDED"": 300}",0,0,1756,1.9657
E3,local,balanced,1.0,quota+first_fit+reclaim,107,30397.587,560.050671,2644.853,1376.642246,14.569747,0.937253,0.808032,0.976923,0.707275,29.219687,0.941792,0.998299,989.400568,1000.0,1279.25,10000.0,10000.0,1.0,352,0,0,52,34474.963,33240.0,1308.062,2644.853,3305.673,"{""preempted"": 52, ""succeeded"": 300}","{""SUCCEEDED"": 300}",0,0,1408,1.6461
E3,local,balanced,1.0,quota+first_fit+reclaim,108,51648.05,2233.512375,19393.794,3606.553725,41.259732,0.942722,0.810126,0.817391,0.858964,37.495598,0.942517,0.99911,993.312139,1000.0,1054.080925,10000.0,10000.0,1.0,346,0,0,46,37302.749,21480.0,19393.794,20420.93,19890.267,"{""preempted"": 46, ""succeeded"": 300}","{""SUCCEEDED"": 300}",0,0,1384,1.765
E3,local,balanced,1.0,quota+first_fit+reclaim,109,33291.345,345.54305,1592.548,1195.227192,5.643684,0.948205,0.831664,0.984496,0.924287,29.502124,0.948572,0.998669,984.655689,1000.0,882.949102,10000.0,10000.0,1.0,334,0,0,34,10950.909,14640.0,2301.423,718.403,1406.857,"{""preempted"": 34, ""succeeded"": 300}","{""SUCCEEDED"": 300}",0,0,1336,1.3712
E3,local,balanced,1.0,quota+first_fit+reclaim,110,38974.384,1177.630217,9155.289,2362.304738,16.327064,0.876779,0.875318,0.908397,0.813527,31.248137,0.873978,0.998763,989.041363,1000.0,2457.905109,10000.0,10000.0,1.0,411,0,0,111,53951.692,43560.0,1070.62,13240.922,7757.86,"{""preempted"": 111, ""succeeded"": 300}","{""SUCCEEDED"": 300}",0,0,1644,1.9406
E3,local,bursty,0.8,fifo+first_fit,101,51202.001,2430.702925,8249.465,3272.669713,36.654012,0.885139,0.57793,0.619469,0.77372,30.235268,0.888018,0.998889,998.013333,1000.0,0.0,0.0,0.0,1.0,300,0,0,0,0.0,0.0,8249.465,8653.281,7306.528,"{""succeeded"": 300}","{""SUCCEEDED"": 300}",0,0,1200,1.5959
E3,local,bursty,0.8,fifo+first_fit,102,54210.353,1392.688537,4739.541,2392.702808,20.014089,0.942115,0.62282,0.801653,0.70891,55.316645,0.947805,0.999139,994.776667,1000.0,0.0,0.0,0.0,1.0,300,0,0,0,0.0,0.0,4771.874,4739.541,4460.393,"{""succeeded"": 300}","{""SUCCEEDED"": 300}",0,0,1200,1.2452
E3,local,bursty,0.8,fifo+first_fit,103,57357.046,11331.316971,17045.982,12402.600821,318.789033,0.664336,0.740899,0.019048,0.581744,42.0659,0.667003,0.999155,998.363333,1000.0,0.0,0.0,0.0,1.0,300,0,0,0,0.0,0.0,17135.81,16999.607,16970.214,"{""succeeded"": 300}","{""SUCCEEDED"": 300}",0,0,1200,2.4779
E3,local,bursty,0.8,fifo+first_fit,104,69520.466,1075.997596,3005.994,2184.1011,12.336467,0.964448,0.4089,0.865672,0.76316,41.006821,0.963868,0.999027,995.05,1000.0,0.0,0.0,0.0,1.0,300,0,0,0,0.0,0.0,2680.492,2888.672,3099.293,"{""succeeded"": 300}","{""SUCCEEDED"": 300}",0,0,1200,1.1909
E3,local,bursty,0.8,fifo+first_fit,105,44023.384,4976.582475,9962.032,5909.331713,52.883947,0.847409,0.773347,0.310924,0.567149,66.682159,0.819836,0.999096,991.686667,1000.0,0.0,0.0,0.0,1.0,300,0,0,0,0.0,0.0,10121.322,10096.348,8255.787,"{""succeeded"": 300}","{""SUCCEEDED"": 300}",0,0,1200,1.7383
E3,local,bursty,0.8,fifo+first_fit,106,51894.524,3256.073138,9383.714,4352.83735,27.730704,0.872771,0.58214,0.484375,0.699261,33.910491,0.88046,0.99902,1000.0,1000.0,0.0,0.0,0.0,1.0,300,0,0,0,0.0,0.0,6645.552,9607.946,10704.757,"{""succeeded"": 300}","{""SUCCEEDED"": 300}",0,0,1200,1.3724
E3,local,bursty,0.8,fifo+first_fit,107,34326.249,5716.894408,9712.56,6438.171583,78.558608,0.881344,0.705109,0.253846,0.604823,15.878031,0.89256,0.998557,978.64,1000.0,0.0,0.0,0.0,1.0,300,0,0,0,0.0,0.0,9760.062,9051.618,9167.064,"{""succeeded"": 300}","{""SUCCEEDED"": 300}",0,0,1200,1.7983
E3,local,bursty,0.8,fifo+first_fit,108,63158.309,7206.602508,16093.126,8399.113596,82.415624,0.900551,0.660961,0.33913,0.656147,49.760183,0.906873,0.999201,992.4,1000.0,0.0,0.0,0.0,1.0,300,0,0,0,0.0,0.0,16234.262,15588.88,16093.126,"{""succeeded"": 300}","{""SUCCEEDED"": 300}",0,0,1200,1.4088
E3,local,bursty,0.8,fifo+first_fit,109,34782.88,1954.292483,4096.787,2745.472133,32.494607,0.938514,0.7446,0.767442,0.675571,31.450531,0.944654,0.998799,988.933333,1000.0,0.0,0.0,0.0,1.0,300,0,0,0,0.0,0.0,3988.45,4180.316,3882.369,"{""succeeded"": 300}","{""SUCCEEDED"": 300}",0,0,1200,1.2479
E3,local,bursty,0.8,fifo+first_fit,110,58047.687,540.516938,2076.405,1577.975696,7.647932,0.999797,0.534419,0.954198,0.831319,44.042291,0.999789,0.999031,993.183333,1000.0,0.0,0.0,0.0,1.0,300,0,0,0,0.0,0.0,2264.936,2399.046,1558.474,"{""succeeded"": 300}","{""SUCCEEDED"": 300}",0,0,1200,0.8586
E3,local,bursty,0.8,priority+best_fit,101,47149.258,861.059675,4783.306,1706.086896,17.536812,0.893287,0.604567,0.938053,0.843985,32.388379,0.895328,0.998919,990.01,1000.0,0.0,0.0,0.0,1.0,300,0,0,0,0.0,0.0,7628.308,4927.774,1706.353,"{""succeeded"": 300}","{""SUCCEEDED"": 300}",0,0,1200,1.233
E3,local,bursty,0.8,priority+best_fit,102,54060.601,340.437233,2760.263,1342.252275,6.718904,0.912107,0.620744,0.991736,0.753959,66.204889,0.914412,0.999142,991.206667,1000.0,0.0,0.0,0.0,1.0,300,0,0,0,0.0,0.0,3381.375,831.739,2522.065,"{""succeeded"": 300}","{""SUCCEEDED"": 300}",0,0,1200,1.1157
E3,local,bursty,0.8,priority+best_fit,103,43835.448,2504.275471,12866.531,3582.027163,46.854159,0.854311,0.91996,0.92381,0.704537,55.67347,0.845668,0.99918,974.643333,1000.0,0.0,0.0,0.0,1.0,300,0,0,0,0.0,0.0,11769.835,14536.294,25064.248,"{""succeeded"": 300}","{""SUCCEEDED"": 300}",0,0,1200,1.7133
E3,local,bursty,0.8,priority+best_fit,104,68534.482,409.9875,2395.668,1515.981725,6.668704,0.94322,0.403017,0.977612,0.826947,43.299159,0.94281,0.999024,994.27,1000.0,0.0,0.0,0.0,1.0,300,0,0,0,0.0,0.0,2264.617,2991.966,2687.968,"{""succeeded"": 300}","{""SUCCEEDED"": 300}",0,0,1200,1.1364
E3,local,bursty,0.8,priority+best_fit,105,41211.854,1446.900488,6245.156,2378.268988,28.056027,0.821757,0.87177,0.907563,0.689723,80.579947,0.797214,0.999097,987.62,1000.0,0.0,0.0,0.0,1.0,300,0,0,0,0.0,0.0,6660.98,8413.219,4866.319,"{""succeeded"": 300}","{""SUCCEEDED"": 300}",0,0,1200,1.6262
E3,local,bursty,0.8,priority+best_fit,106,45839.594,1119.972833,8009.027,2219.208408,13.550545,0.962899,0.63294,0.914062,0.795428,41.025653,0.966471,0.999048,981.526667,1000.0,0.0,0.0,0.0,1.0,300,0,0,0,0.0,0.0,6887.179,8620.581,8429.399,"{""succeeded"": 300}","{""SUCCEEDED"": 300}",0,0,1200,1.857
E3,local,bursty,0.8,priority+best_fit,107,26169.89,1519.564933,9276.049,2238.39645,52.586298,0.887845,0.917362,0.907692,0.749337,24.851635,0.898897,0.99853,991.94,1000.0,0.0,0.0,0.0,1.0,300,0,0,0,0.0,0.0,8911.104,10843.959,12548.189,"{""succeeded"": 300}","{""SUCCEEDED"": 300}",0,0,1200,2.1937
E3,local,bursty,0.8,priority+best_fit,108,55125.818,1876.287021,12988.49,3064.785092,29.220723,0.983025,0.768091,0.852174,0.755278,62.139206,0.982508,0.999199,986.7,1000.0,0.0,0.0,0.0,1.0,300,0,0,0,0.0,0.0,9956.038,15966.134,12988.49,"{""succeeded"": 300}","{""SUCCEEDED"": 300}",0,0,1200,1.6707
E3,local,bursty,0.8,priority+best_fit,109,32560.51,575.124921,3126.034,1366.284562,13.673157,0.921904,0.827337,0.992248,0.779844,40.55696,0.928228,0.99879,992.143333,1000.0,0.0,0.0,0.0,1.0,300,0,0,0,0.0,0.0,3928.412,3126.034,1921.919,"{""succeeded"": 300}","{""SUCCEEDED"": 300}",0,0,1200,1.4384
E3,local,bursty,0.8,priority+best_fit,110,56586.043,360.15965,2011.759,1391.700621,7.553811,0.963627,0.53592,0.977099,0.866373,46.071115,0.962932,0.999027,985.29,1000.0,0.0,0.0,0.0,1.0,300,0,0,0,0.0,0.0,5073.825,1477.871,1761.936,"{""succeeded"": 300}","{""SUCCEEDED"": 300}",0,0,1200,1.1074
E3,local,bursty,0.8,quota+first_fit,101,48083.886,868.497642,6024.394,1717.866708,19.827075,0.899844,0.604236,0.929204,0.877541,31.362435,0.901704,0.998938,978.3,1000.0,0.0,0.0,0.0,1.0,300,0,0,0,0.0,0.0,8806.487,8549.804,2685.355,"{""succeeded"": 300}","{""SUCCEEDED"": 300}",0,0,1200,1.2768
E3,local,bursty,0.8,quota+first_fit,102,54060.601,347.363362,1796.208,1348.574296,4.852354,0.927401,0.618232,0.975207,0.775853,64.479792,0.929547,0.999135,990.686667,1000.0,0.0,0.0,0.0,1.0,300,0,0,0,0.0,0.0,2630.789,975.796,3493.393,"{""succeeded"": 300}","{""SUCCEEDED"": 300}",0,0,1200,0.9871
E3,local,bursty,0.8,quota+first_fit,103,43096.009,2196.083825,11788.649,3269.779258,37.98156,0.918934,0.899994,0.866667,0.746491,43.598587,0.911505,0.99914,986.52,1000.0,0.0,0.0,0.0,1.0,300,0,0,0,0.0,0.0,10878.813,12422.598,24509.257,"{""succeeded"": 300}","{""SUCCEEDED"": 300}",0,0,1200,1.5678
E3,local,bursty,0.8,quota+first_fit,104,68628.318,409.065575,2213.343,1513.298167,6.431761,0.873129,0.400532,0.955224,0.784941,37.121755,0.876205,0.999025,990.13,1000.0,0.0,0.0,0.0,1.0,300,0,0,0,0.0,0.0,3571.045,1170.978,2213.343,"{""succeeded"": 300}","{""SUCCEEDED"": 300}",0,0,1200,1.114
E3,local,bursty,0.8,quota+first_fit,105,41256.847,1221.098058,6528.427,2157.956404,20.175118,0.883458,0.861635,0.857143,0.692015,76.220548,0.870111,0.999097,988.803333,1000.0,0.0,0.0,0.0,1.0,300,0,0,0,0.0,0.0,7555.316,6638.346,3799.706,"{""succeeded"": 300}","{""SUCCEEDED"": 300}",0,0,1200,1.3027
E3,local,bursty,0.8,quota+first_fit,106,45734.642,1395.047675,10391.685,2499.263663,23.121738,0.921869,0.631927,0.835938,0.798564,31.325986,0.916028,0.999036,990.613333,1000.0,0.0,0.0,0.0,1.0,300,0,0,0,0.0,0.0,8280.354,10934.423,10182.275,"{""succeeded"": 300}","{""SUCCEEDED"": 300}",0,0,1200,1.6027
E3,local,bursty,0.8,quota+first_fit,107,26597.764,1223.004154,8888.691,1941.02415,36.62946,0.928504,0.919132,0.907692,0.834329,16.480605,0.933443,0.998517,989.833333,1000.0,0.0,0.0,0.0,1.0,300,0,0,0,0.0,0.0,8321.897,11567.317,7816.408,"{""succeeded"": 300}","{""SUCCEEDED"": 300}",0,0,1200,1.8106
E3,local,bursty,0.8,quota+first_fit,108,58656.147,2434.364192,18101.889,3634.258404,43.124829,0.930519,0.732779,0.8,0.794832,41.542076,0.930479,0.999212,990.193333,1000.0,0.0,0.0,0.0,1.0,300,0,0,0,0.0,0.0,18101.889,20596.053,18116.69,"{""succeeded"": 300}","{""SUCCEEDED"": 300}",0,0,1200,1.5239
E3,local,bursty,0.8,quota+first_fit,109,31828.828,526.911158,3307.957,1317.955,12.098535,0.888809,0.825996,0.968992,0.814347,36.70943,0.894095,0.998797,982.84,1000.0,0.0,0.0,0.0,1.0,300,0,0,0,0.0,0.0,3902.906,2974.732,820.65,"{""succeeded"": 300}","{""SUCCEEDED"": 300}",0,0,1200,1.5058
E3,local,bursty,0.8,quota+first_fit,110,55664.864,331.066692,1871.61,1368.204217,5.096322,0.996975,0.535153,0.961832,0.873563,41.879368,0.997277,0.999021,993.366667,1000.0,0.0,0.0,0.0,1.0,300,0,0,0,0.0,0.0,1336.513,2139.642,1944.686,"{""succeeded"": 300}","{""SUCCEEDED"": 300}",0,0,1200,1.2161
E3,local,bursty,0.8,stub,101,51202.001,2430.702925,8249.465,3272.669713,36.654012,0.885139,0.57793,0.619469,0.77372,30.235268,0.888018,0.998889,998.013333,1000.0,0.0,0.0,0.0,1.0,300,0,0,0,0.0,0.0,8249.465,8653.281,7306.528,"{""succeeded"": 300}","{""SUCCEEDED"": 300}",0,0,1200,2.0841
E3,local,bursty,0.8,stub,102,54210.353,1392.688537,4739.541,2392.702808,20.014089,0.942115,0.62282,0.801653,0.70891,55.316645,0.947805,0.999139,994.776667,1000.0,0.0,0.0,0.0,1.0,300,0,0,0,0.0,0.0,4771.874,4739.541,4460.393,"{""succeeded"": 300}","{""SUCCEEDED"": 300}",0,0,1200,1.7274
E3,local,bursty,0.8,stub,103,57357.046,11331.316971,17045.982,12402.600821,318.789033,0.664336,0.740899,0.019048,0.581744,42.0659,0.667003,0.999155,998.363333,1000.0,0.0,0.0,0.0,1.0,300,0,0,0,0.0,0.0,17135.81,16999.607,16970.214,"{""succeeded"": 300}","{""SUCCEEDED"": 300}",0,0,1200,3.2281
E3,local,bursty,0.8,stub,104,69520.466,1075.997596,3005.994,2184.1011,12.336467,0.964448,0.4089,0.865672,0.76316,41.006821,0.963868,0.999027,995.05,1000.0,0.0,0.0,0.0,1.0,300,0,0,0,0.0,0.0,2680.492,2888.672,3099.293,"{""succeeded"": 300}","{""SUCCEEDED"": 300}",0,0,1200,1.6411
E3,local,bursty,0.8,stub,105,44023.384,4976.582475,9962.032,5909.331713,52.883947,0.847409,0.773347,0.310924,0.567149,66.682159,0.819836,0.999096,991.686667,1000.0,0.0,0.0,0.0,1.0,300,0,0,0,0.0,0.0,10121.322,10096.348,8255.787,"{""succeeded"": 300}","{""SUCCEEDED"": 300}",0,0,1200,2.4862
E3,local,bursty,0.8,stub,106,51894.524,3256.073138,9383.714,4352.83735,27.730704,0.872771,0.58214,0.484375,0.699261,33.910491,0.88046,0.99902,1000.0,1000.0,0.0,0.0,0.0,1.0,300,0,0,0,0.0,0.0,6645.552,9607.946,10704.757,"{""succeeded"": 300}","{""SUCCEEDED"": 300}",0,0,1200,2.1937
E3,local,bursty,0.8,stub,107,34326.249,5716.894408,9712.56,6438.171583,78.558608,0.881344,0.705109,0.253846,0.604823,15.878031,0.89256,0.998557,978.64,1000.0,0.0,0.0,0.0,1.0,300,0,0,0,0.0,0.0,9760.062,9051.618,9167.064,"{""succeeded"": 300}","{""SUCCEEDED"": 300}",0,0,1200,2.9667
E3,local,bursty,0.8,stub,108,63158.309,7206.602508,16093.126,8399.113596,82.415624,0.900551,0.660961,0.33913,0.656147,49.760183,0.906873,0.999201,992.4,1000.0,0.0,0.0,0.0,1.0,300,0,0,0,0.0,0.0,16234.262,15588.88,16093.126,"{""succeeded"": 300}","{""SUCCEEDED"": 300}",0,0,1200,2.3127
E3,local,bursty,0.8,stub,109,34782.88,1954.292483,4096.787,2745.472133,32.494607,0.938514,0.7446,0.767442,0.675571,31.450531,0.944654,0.998799,988.933333,1000.0,0.0,0.0,0.0,1.0,300,0,0,0,0.0,0.0,3988.45,4180.316,3882.369,"{""succeeded"": 300}","{""SUCCEEDED"": 300}",0,0,1200,1.9612
E3,local,bursty,0.8,stub,110,58047.687,540.516938,2076.405,1577.975696,7.647932,0.999797,0.534419,0.954198,0.831319,44.042291,0.999789,0.999031,993.183333,1000.0,0.0,0.0,0.0,1.0,300,0,0,0,0.0,0.0,2264.936,2399.046,1558.474,"{""succeeded"": 300}","{""SUCCEEDED"": 300}",0,0,1200,1.4706
E3,local,bursty,0.8,priority+best_fit+preempt,101,49693.498,1172.638671,6759.08,2334.147546,28.846385,0.953285,0.616642,0.982301,0.875466,32.606657,0.952738,0.998709,986.63615,1000.0,2492.469484,10000.0,10000.0,1.0,426,0,0,126,40836.211,33840.0,10160.322,6759.08,4004.765,"{""preempted"": 126, ""succeeded"": 300}","{""SUCCEEDED"": 300}",0,0,1704,1.8561
E3,local,bursty,0.8,priority+best_fit+preempt,102,54414.199,196.465429,1083.558,1383.140013,5.224835,0.988676,0.677709,1.0,0.851759,65.594571,0.98912,0.998953,989.458228,1000.0,2005.301266,10000.0,10000.0,1.0,395,0,0,95,46804.055,35160.0,1237.808,846.851,887.551,"{""preempted"": 95, ""succeeded"": 300}","{""SUCCEEDED"": 300}",0,0,1580,1.3044
E3,local,bursty,0.8,priority+best_fit+preempt,103,44404.988,3191.285525,15304.179,4767.265538,64.1807,0.821804,0.971558,0.990476,0.744036,59.069829,0.82985,0.998914,990.200855,1000.0,2656.162393,10000.0,10000.0,1.0,468,0,0,168,69332.014,49320.0,15304.179,15929.586,17623.2,"{""preempted"": 168, ""succeeded"": 300}","{""SUCCEEDED"": 300}",0,0,1872,2.356
E3,local,bursty,0.8,priority+best_fit+preempt,104,68831.025,160.809579,1311.796,1361.586512,5.819475,0.984018,0.429536,1.0,0.862944,49.620091,0.983517,0.998888,993.718157,1000.0,1267.799458,10000.0,10000.0,1.0,369,0,0,69,25741.753,23040.0,1738.476,1645.446,637.721,"{""preempted"": 69, ""succeeded"": 300}","{""SUCCEEDED"": 300}",0,0,1476,1.3784
E3,local,bursty,0.8,priority+best_fit+preempt,105,41271.255,734.976513,3394.219,1989.471638,14.851839,0.932077,0.854672,0.983193,0.743159,75.336924,0.92335,0.99889,983.408213,1000.0,2395.850242,10000.0,10000.0,1.0,414,0,0,114,38231.602,35040.0,3997.537,2399.61,2566.085,"{""preempted"": 114, ""succeeded"": 300}","{""SUCCEEDED"": 300}",0,0,1656,2.1178
E3,local,bursty,0.8,priority+best_fit+preempt,106,47830.72,1499.55605,10626.105,3092.263642,18.271101,0.923771,0.666221,0.976562,0.764042,42.641859,0.93131,0.998782,985.732794,1000.0,3393.165992,10000.0,10000.0,1.0,494,0,0,194,50841.476,48120.0,10626.105,11334.08,9789.594,"{""preempted"": 194, ""succeeded"": 300}","{""SUCCEEDED"": 300}",0,0,1976,2.6238
E3,local,bursty,0.8,priority+best_fit+preempt,107,28062.679,2344.232533,11029.916,3470.450592,56.078495,0.835253,0.995962,0.976923,0.77867,30.766394,0.842279,0.998162,995.278351,1000.0,2642.826804,10000.0,10000.0,1.0,485,0,0,185,34182.115,43200.0,9421.633,11582.559,11091.592,"{""preempted"": 185, ""succeeded"": 300}","{""SUCCEEDED"": 300}",0,0,1940,3.3655
E3,local,bursty,0.8,priority+best_fit+preempt,108,55864.229,3809.228567,16017.265,5619.673946,64.936495,0.980097,0.818318,0.895652,0.786964,69.989869,0.980734,0.999063,997.843902,1000.0,2403.131707,10000.0,10000.0,1.0,410,0,0,110,40215.239,28920.0,16679.093,16400.543,15549.502,"{""preempted"": 110, ""succeeded"": 300}","{""SUCCEEDED"": 300}",0,0,1640,2.3544
E3,local,bursty,0.8,priority+best_fit+preempt,109,31415.025,680.354262,3442.983,1826.989667,14.909677,0.990477,0.921574,1.0,0.831857,44.118854,0.989883,0.998432,984.346639,1000.0,3022.983193,10000.0,10000.0,1.0,476,0,0,176,43299.907,53040.0,3620.104,3180.059,3442.983,"{""preempted"": 176, ""succeeded"": 300}","{""SUCCEEDED"": 300}",0,0,1904,2.2637
E3,local,bursty,0.8,priority+best_fit+preempt,110,59249.24,366.226508,2586.257,1545.899146,8.008205,0.98331,0.571412,0.992366,0.84952,51.274088,0.982968,0.998905,995.314815,1000.0,1787.571429,10000.0,10000.0,1.0,378,0,0,78,25803.982,21120.0,4098.288,1120.578,3171.787,"{""preempted"": 78, ""succeeded"": 300}","{""SUCCEEDED"": 300}",0,0,1512,1.5542
E3,local,bursty,0.8,quota+first_fit+reclaim,101,49138.258,1064.562904,7443.027,2033.920258,23.95789,0.96954,0.61038,0.920354,0.896192,32.165387,0.969136,0.998856,991.089888,1000.0,1030.258427,10000.0,10000.0,1.0,356,0,0,56,19871.97,13800.0,7443.027,9432.882,6788.074,"{""preempted"": 56, ""succeeded"": 300}","{""SUCCEEDED"": 300}",0,0,1424,1.7394
E3,local,bursty,0.8,quota+first_fit+reclaim,102,54060.601,153.143946,547.432,1277.992683,3.69291,0.970531,0.642007,0.991736,0.905105,54.284528,0.970226,0.998996,990.65896,1000.0,1096.786127,10000.0,10000.0,1.0,346,0,0,46,37870.801,25680.0,1053.701,453.684,358.644,"{""preempted"": 46, ""succeeded"": 300}","{""SUCCEEDED"": 300}",0,0,1384,1.4631
E3,local,bursty,0.8,quota+first_fit+reclaim,103,45615.929,1734.629925,10690.085,3069.6949,27.393926,0.982802,0.92372,0.904762,0.790551,41.785049,0.98433,0.999042,982.899736,1000.0,1728.575198,10000.0,10000.0,1.0,379,0,0,79,42428.906,24840.0,11165.316,3873.475,16482.26,"{""preempted"": 79, ""succeeded"": 300}","{""SUCCEEDED"": 300}",0,0,1516,2.1117
E3,local,bursty,0.8,quota+first_fit+reclaim,104,69577.843,299.298392,1569.041,1461.613388,5.793649,0.887401,0.419474,0.962687,0.817457,39.730799,0.889692,0.998969,985.858025,1000.0,627.790123,10000.0,10000.0,1.0,324,0,0,24,18020.381,9840.0,3185.316,220.055,1836.775,"{""preempted"": 24, ""succeeded"": 300}","{""SUCCEEDED"": 300}",0,0,1296,1.312
E3,local,bursty,0.8,quota+first_fit+reclaim,105,41226.508,515.79275,2422.004,1653.362388,4.603715,0.929034,0.81574,0.957983,0.780044,66.184252,0.928214,0.998906,980.740642,1000.0,1764.457219,10000.0,10000.0,1.0,374,0,0,74,30167.957,28200.0,3091.939,1635.974,1099.02,"{""preempted"": 74, ""succeeded"": 300}","{""SUCCEEDED"": 300}",0,0,1496,1.6709
E3,local,bursty,0.8,quota+first_fit+reclaim,106,46632.595,1158.008733,10120.402,2576.537642,23.05344,0.940707,0.639413,0.890625,0.834916,34.361422,0.9324,0.998904,988.662198,1000.0,1578.876676,10000.0,10000.0,1.0,373,0,0,73,25192.306,23760.0,5306.031,11459.591,10120.402,"{""preempted"": 73, ""succeeded"": 300}","{""SUCCEEDED"": 300}",0,0,1492,1.7941
E3,local,bursty,0.8,quota+first_fit+reclaim,107,27417.77,1385.808963,9430.509,2270.083112,36.624625,0.940197,0.935927,0.9,0.868832,14.810734,0.944946,0.998127,983.995444,1000.0,2071.890661,10000.0,10000.0,1.0,439,0,0,139,39057.927,47640.0,8652.623,14566.873,7815.384,"{""preempted"": 139, ""succeeded"": 300}","{""SUCCEEDED"": 300}",0,0,1756,2.0346
E3,local,bursty,0.8,quota+first_fit+reclaim,108,57429.998,2132.474875,15674.679,3495.927712,35.829004,0.945628,0.772306,0.826087,0.832606,46.492172,0.945115,0.999086,997.142857,1000.0,1374.32493,10000.0,10000.0,1.0,357,0,0,57,34087.002,22200.0,16006.21,17612.966,14964.582,"{""preempted"": 57, ""succeeded"": 300}","{""SUCCEEDED"": 300}",0,0,1428,1.5548
E3,local,bursty,0.8,quota+first_fit+reclaim,109,32014.865,574.603321,3610.451,1496.688458,12.352647,0.893675,0.857044,0.953488,0.859719,30.424417,0.896178,0.99865,989.638418,1000.0,1072.932203,10000.0,10000.0,1.0,354,0,0,54,30068.034,20760.0,4518.396,1945.649,3070.83,"{""preempted"": 54, ""succeeded"": 300}","{""SUCCEEDED"": 300}",0,0,1416,1.6283
E3,local,bursty,0.8,quota+first_fit+reclaim,110,56567.358,355.05265,2294.069,1466.161075,8.96354,0.992017,0.551479,0.961832,0.881058,40.947253,0.992812,0.99896,990.309309,1000.0,728.612613,10000.0,10000.0,1.0,333,0,0,33,18317.633,12720.0,2151.575,3147.625,4028.805,"{""preempted"": 33, ""succeeded"": 300}","{""SUCCEEDED"": 300}",0,0,1332,1.4783
E3,local,bursty,1.0,fifo+first_fit,101,47625.248,2786.699104,6579.338,3637.612375,49.916877,0.86321,0.68813,0.59292,0.705101,33.605711,0.868138,0.998916,988.77,1000.0,0.0,0.0,0.0,1.0,300,0,0,0,0.0,0.0,6644.909,6578.613,6272.82,"{""succeeded"": 300}","{""SUCCEEDED"": 300}",0,0,1200,1.4558
E3,local,bursty,1.0,fifo+first_fit,102,44929.976,6315.394675,9364.143,7315.697717,79.878975,0.918217,0.789442,0.099174,0.611668,56.445136,0.926061,0.999139,998.403333,1000.0,0.0,0.0,0.0,1.0,300,0,0,0,0.0,0.0,10712.589,9413.509,9303.16,"{""succeeded"": 300}","{""SUCCEEDED"": 300}",0,0,1200,1.9011
E3,local,bursty,1.0,fifo+first_fit,103,58418.838,12210.191817,21837.301,13287.574467,302.933333,0.660423,0.717355,0.085714,0.638779,38.897324,0.662665,0.999164,999.95,1000.0,0.0,0.0,0.0,1.0,300,0,0,0,0.0,0.0,21887.223,21776.469,21837.301,"{""succeeded"": 300}","{""SUCCEEDED"": 300}",0,0,1200,2.2027
E3,local,bursty,1.0,fifo+first_fit,104,52950.891,3767.269771,6703.983,4872.123621,31.31827,0.914436,0.655601,0.373134,0.633483,47.414357,0.918476,0.999016,996.22,1000.0,0.0,0.0,0.0,1.0,300,0,0,0,0.0,0.0,6973.384,6502.007,6869.993,"{""succeeded"": 300}","{""SUCCEEDED"": 300}",0,0,1200,1.4061
E3,local,bursty,1.0,fifo+first_fit,105,44193.412,5464.988113,8501.954,6396.0054,56.727521,0.842342,0.79759,0.159664,0.536461,65.352268,0.81345,0.999096,987.63,1000.0,0.0,0.0,0.0,1.0,300,0,0,0,0.0,0.0,8829.021,8648.997,8454.255,"{""succeeded"": 300}","{""SUCCEEDED"": 300}",0,0,1200,1.9453
E3,local,bursty,1.0,fifo+first_fit,106,46477.837,3683.136917,10305.62,4786.031171,26.374973,0.900985,0.732491,0.539062,0.646765,42.354117,0.909373,0.999034,1000.0,1000.0,0.0,0.0,0.0,1.0,300,0,0,0,0.0,0.0,10692.83,10042.28,9253.849,"{""succeeded"": 300}","{""SUCCEEDED"": 300}",0,0,1200,1.5119
E3,local,bursty,1.0,fifo+first_fit,107,38399.825,1053.877179,3001.243,1773.581629,18.647173,0.867406,0.605393,0.884615,0.717436,28.583662,0.877724,0.998523,996.016667,1000.0,0.0,0.0,0.0,1.0,300,0,0,0,0.0,0.0,3003.796,2840.185,3058.349,"{""succeeded"": 300}","{""SUCCEEDED"": 300}",0,0,1200,1.3396
E3,local,bursty,1.0,fifo+first_fit,108,56962.35,7864.437629,18838.57,9056.247288,83.338584,0.938403,0.751638,0.278261,0.646596,39.009406,0.94209,0.999194,1000.0,1000.0,0.0,0.0,0.0,1.0,300,0,0,0,0.0,0.0,18819.233,18860.322,18851.684,"{""succeeded"": 300}","{""SUCCEEDED"": 300}",0,0,1200,1.7059
E3,local,bursty,1.0,fifo+first_fit,109,40581.9,1172.7257,3081.318,1960.859312,19.132794,0.951938,0.616201,0.860465,0.759873,37.098479,0.955021,0.998805,977.763333,1000.0,0.0,0.0,0.0,1.0,300,0,0,0,0.0,0.0,3093.389,3089.801,2681.702,"{""succeeded"": 300}","{""SUCCEEDED"": 300}",0,0,1200,1.2544
E3,local,bursty,1.0,fifo+first_fit,110,44943.977,11350.087879,16954.67,12383.849696,86.571351,0.987102,0.785795,0.099237,0.59887,28.853843,0.986744,0.999012,995.56,1000.0,0.0,0.0,0.0,1.0,300,0,0,0,0.0,0.0,17493.594,16595.457,16885.186,"{""succeeded"": 300}","{""SUCCEEDED"": 300}",0,0,1200,2.4884
E3,local,bursty,1.0,priority+best_fit,101,44326.511,1172.080221,5778.765,2016.105333,39.379708,0.836731,0.737093,0.946903,0.687821,49.0836,0.843434,0.998916,986.593333,1000.0,0.0,0.0,0.0,1.0,300,0,0,0,0.0,0.0,5819.678,8667.353,5402.103,"{""succeeded"": 300}","{""SUCCEEDED"": 300}",0,0,1200,1.5047
E3,local,bursty,1.0,priority+best_fit,102,40460.916,1232.417896,6998.152,2234.314617,25.886221,0.897687,0.863343,0.900826,0.754421,67.292711,0.907882,0.999148,990.946667,1000.0,0.0,0.0,0.0,1.0,300,0,0,0,0.0,0.0,5143.066,10201.347,7793.165,"{""succeeded"": 300}","{""SUCCEEDED"": 300}",0,0,1200,1.5553
E3,local,bursty,1.0,priority+best_fit,103,48873.829,4070.809454,18558.131,5148.115146,98.830221,0.719234,0.909978,0.780952,0.734962,67.102229,0.724857,0.999169,991.933333,1000.0,0.0,0.0,0.0,1.0,300,0,0,0,0.0,0.0,18043.022,19054.398,18840.559,"{""succeeded"": 300}","{""SUCCEEDED"": 300}",0,0,1200,1.7579
E3,local,bursty,1.0,priority+best_fit,104,51871.962,758.813129,4429.656,1868.342033,9.825532,0.734625,0.656974,0.932836,0.741745,52.531002,0.751568,0.999021,991.576667,1000.0,0.0,0.0,0.0,1.0,300,0,0,0,0.0,0.0,3747.16,4556.397,4263.711,"{""succeeded"": 300}","{""SUCCEEDED"": 300}",0,0,1200,1.271
E3,local,bursty,1.0,priority+best_fit,105,40296.399,1226.8331,6675.794,2168.2467,25.154306,0.920809,0.842515,0.907563,0.669493,63.082509,0.909274,0.999121,987.35,1000.0,0.0,0.0,0.0,1.0,300,0,0,0,0.0,0.0,8650.01,6047.184,4946.927,"{""succeeded"": 300}","{""SUCCEEDED"": 300}",0,0,1200,1.4098
E3,local,bursty,1.0,priority+best_fit,106,41936.054,869.176679,6415.396,1971.434667,7.443772,0.875987,0.76183,0.953125,0.799452,44.430329,0.887275,0.99904,995.526667,1000.0,0.0,0.0,0.0,1.0,300,0,0,0,0.0,0.0,5292.724,3098.279,6829.634,"{""succeeded"": 300}","{""SUCCEEDED"": 300}",0,0,1200,1.6629
E3,local,bursty,1.0,priority+best_fit,107,36276.087,346.228383,1938.886,1064.789383,11.373304,0.920722,0.618952,0.984615,0.807916,28.170172,0.928645,0.998545,980.013333,1000.0,0.0,0.0,0.0,1.0,300,0,0,0,0.0,0.0,1531.483,1845.446,2653.906,"{""succeeded"": 300}","{""SUCCEEDED"": 300}",0,0,1200,1.5065
E3,local,bursty,1.0,priority+best_fit,108,49949.091,2539.464571,20063.244,3722.994625,28.611539,0.985645,0.862502,0.8,0.767793,41.404589,0.985315,0.999181,992.686667,1000.0,0.0,0.0,0.0,1.0,300,0,0,0,0.0,0.0,20317.434,20063.244,21417.776,"{""succeeded"": 300}","{""SUCCEEDED"": 300}",0,0,1200,1.786
E3,local,bursty,1.0,priority+best_fit,109,40364.853,379.69985,1834.539,1169.883933,9.907744,0.948544,0.626126,0.976744,0.849698,38.45014,0.952264,0.99879,989.49,1000.0,0.0,0.0,0.0,1.0,300,0,0,0,0.0,0.0,1367.474,4522.386,1729.315,"{""succeeded"": 300}","{""SUCCEEDED"": 300}",0,0,1200,1.3506
E3,local,bursty,1.0,priority+best_fit,110,37360.719,3336.018208,21939.02,4380.056525,48.785741,0.989799,0.931959,0.816794,0.801783,23.367467,0.99073,0.999043,982.426667,1000.0,0.0,0.0,0.0,1.0,300,0,0,0,0.0,0.0,22218.614,22145.357,21939.02,"{""succeeded"": 300}","{""SUCCEEDED"": 300}",0,0,1200,2.1963
E3,local,bursty,1.0,quota+first_fit,101,44108.63,1197.972121,8416.776,2044.572196,30.567198,0.854943,0.72139,0.902655,0.755398,32.301961,0.860138,0.998922,978.216667,1000.0,0.0,0.0,0.0,1.0,300,0,0,0,0.0,0.0,8873.573,9310.885,7825.278,"{""succeeded"": 300}","{""SUCCEEDED"": 300}",0,0,1200,1.4354
E3,local,bursty,1.0,quota+first_fit,102,40450.85,1095.698054,7234.341,2095.021425,24.228613,0.901635,0.854422,0.892562,0.77335,61.477609,0.909036,0.999131,991.09,1000.0,0.0,0.0,0.0,1.0,300,0,0,0,0.0,0.0,5356.048,7234.341,8180.753,"{""succeeded"": 300}","{""SUCCEEDED"": 300}",0,0,1200,1.8468
E3,local,bursty,1.0,quota+first_fit,103,48873.829,3257.437188,19348.798,4340.214063,55.936585,0.893367,0.857009,0.809524,0.750338,49.486675,0.901338,0.999173,987.64,1000.0,0.0,0.0,0.0,1.0,300,0,0,0,0.0,0.0,19709.976,13874.128,19436.633,"{""succeeded"": 300}","{""SUCCEEDED"": 300}",0,0,1200,1.9117
E3,local,bursty,1.0,quota+first_fit,104,51871.962,691.888196,4339.177,1800.459229,9.709761,0.686342,0.665146,0.91791,0.794461,43.001605,0.708659,0.999024,992.393333,1000.0,0.0,0.0,0.0,1.0,300,0,0,0,0.0,0.0,5753.721,4204.865,4205.195,"{""succeeded"": 300}","{""SUCCEEDED"": 300}",0,0,1200,1.4678
E3,local,bursty,1.0,quota+first_fit,105,42520.9,854.737287,4711.957,1793.681379,12.110586,0.954911,0.789485,0.92437,0.776242,49.687641,0.948539,0.999116,991.963333,1000.0,0.0,0.0,0.0,1.0,300,0,0,0,0.0,0.0,6242.532,4139.941,3535.438,"{""succeeded"": 300}","{""SUCCEEDED"": 300}",0,0,1200,1.5085
E3,local,bursty,1.0,quota+first_fit,106,41941.1,857.568521,5628.599,1954.779779,9.366903,0.876071,0.752069,0.890625,0.807291,42.124066,0.885486,0.999029,995.276667,1000.0,0.0,0.0,0.0,1.0,300,0,0,0,0.0,0.0,4954.358,4761.998,6970.417,"{""succeeded"": 300}","{""SUCCEEDED"": 300}",0,0,1200,1.4759
E3,local,bursty,1.0,quota+first_fit,107,36111.648,404.188913,2597.843,1124.881912,12.961522,0.903527,0.601415,0.969231,0.804102,25.555793,0.913173,0.998543,976.866667,1000.0,0.0,0.0,0.0,1.0,300,0,0,0,0.0,0.0,2015.996,2677.574,2852.636,"{""succeeded"": 300}","{""SUCCEEDED"": 300}",0,0,1200,1.274
E3,local,bursty,1.0,quota+first_fit,108,51255.338,2413.636329,16637.798,3613.143404,30.169134,0.984649,0.85564,0.765217,0.799769,36.10051,0.984043,0.999213,991.08,1000.0,0.0,0.0,0.0,1.0,300,0,0,0,0.0,0.0,16782.502,16761.761,13470.527,"{""succeeded"": 300}","{""SUCCEEDED"": 300}",0,0,1200,1.5426
E3,local,bursty,1.0,quota+first_fit,109,40078.407,415.427225,1805.889,1205.028429,9.57075,0.93697,0.623816,0.96124,0.784031,32.966785,0.942191,0.998787,990.536667,1000.0,0.0,0.0,0.0,1.0,300,0,0,0,0.0,0.0,1326.069,5875.489,1639.359,"{""succeeded"": 300}","{""SUCCEEDED"": 300}",0,0,1200,1.2396
E3,local,bursty,1.0,quota+first_fit,110,37957.574,3175.719529,20138.28,4218.823396,43.177666,0.978856,0.912119,0.801527,0.814954,19.237277,0.979769,0.999038,986.106667,1000.0,0.0,0.0,0.0,1.0,300,0,0,0,0.0,0.0,18278.443,21387.647,20052.254,"{""succeeded"": 300}","{""SUCCEEDED"": 300}",0,0,1200,2.2274
E3,local,bursty,1.0,stub,101,47625.248,2786.699104,6579.338,3637.612375,49.916877,0.86321,0.68813,0.59292,0.705101,33.605711,0.868138,0.998916,988.77,1000.0,0.0,0.0,0.0,1.0,300,0,0,0,0.0,0.0,6644.909,6578.613,6272.82,"{""succeeded"": 300}","{""SUCCEEDED"": 300}",0,0,1200,1.8767
E3,local,bursty,1.0,stub,102,44929.976,6315.394675,9364.143,7315.697717,79.878975,0.918217,0.789442,0.099174,0.611668,56.445136,0.926061,0.999139,998.403333,1000.0,0.0,0.0,0.0,1.0,300,0,0,0,0.0,0.0,10712.589,9413.509,9303.16,"{""succeeded"": 300}","{""SUCCEEDED"": 300}",0,0,1200,2.6582
E3,local,bursty,1.0,stub,103,58418.838,12210.191817,21837.301,13287.574467,302.933333,0.660423,0.717355,0.085714,0.638779,38.897324,0.662665,0.999164,999.95,1000.0,0.0,0.0,0.0,1.0,300,0,0,0,0.0,0.0,21887.223,21776.469,21837.301,"{""succeeded"": 300}","{""SUCCEEDED"": 300}",0,0,1200,2.7334
E3,local,bursty,1.0,stub,104,52950.891,3767.269771,6703.983,4872.123621,31.31827,0.914436,0.655601,0.373134,0.633483,47.414357,0.918476,0.999016,996.22,1000.0,0.0,0.0,0.0,1.0,300,0,0,0,0.0,0.0,6973.384,6502.007,6869.993,"{""succeeded"": 300}","{""SUCCEEDED"": 300}",0,0,1200,1.6518
E3,local,bursty,1.0,stub,105,44193.412,5464.988113,8501.954,6396.0054,56.727521,0.842342,0.79759,0.159664,0.536461,65.352268,0.81345,0.999096,987.63,1000.0,0.0,0.0,0.0,1.0,300,0,0,0,0.0,0.0,8829.021,8648.997,8454.255,"{""succeeded"": 300}","{""SUCCEEDED"": 300}",0,0,1200,2.0873
E3,local,bursty,1.0,stub,106,46477.837,3683.136917,10305.62,4786.031171,26.374973,0.900985,0.732491,0.539062,0.646765,42.354117,0.909373,0.999034,1000.0,1000.0,0.0,0.0,0.0,1.0,300,0,0,0,0.0,0.0,10692.83,10042.28,9253.849,"{""succeeded"": 300}","{""SUCCEEDED"": 300}",0,0,1200,1.7918
E3,local,bursty,1.0,stub,107,38399.825,1053.877179,3001.243,1773.581629,18.647173,0.867406,0.605393,0.884615,0.717436,28.583662,0.877724,0.998523,996.016667,1000.0,0.0,0.0,0.0,1.0,300,0,0,0,0.0,0.0,3003.796,2840.185,3058.349,"{""succeeded"": 300}","{""SUCCEEDED"": 300}",0,0,1200,1.5991
E3,local,bursty,1.0,stub,108,56962.35,7864.437629,18838.57,9056.247288,83.338584,0.938403,0.751638,0.278261,0.646596,39.009406,0.94209,0.999194,1000.0,1000.0,0.0,0.0,0.0,1.0,300,0,0,0,0.0,0.0,18819.233,18860.322,18851.684,"{""succeeded"": 300}","{""SUCCEEDED"": 300}",0,0,1200,1.8515
E3,local,bursty,1.0,stub,109,40581.9,1172.7257,3081.318,1960.859312,19.132794,0.951938,0.616201,0.860465,0.759873,37.098479,0.955021,0.998805,977.763333,1000.0,0.0,0.0,0.0,1.0,300,0,0,0,0.0,0.0,3093.389,3089.801,2681.702,"{""succeeded"": 300}","{""SUCCEEDED"": 300}",0,0,1200,1.3335
E3,local,bursty,1.0,stub,110,44943.977,11350.087879,16954.67,12383.849696,86.571351,0.987102,0.785795,0.099237,0.59887,28.853843,0.986744,0.999012,995.56,1000.0,0.0,0.0,0.0,1.0,300,0,0,0,0.0,0.0,17493.594,16595.457,16885.186,"{""succeeded"": 300}","{""SUCCEEDED"": 300}",0,0,1200,3.2899
E3,local,bursty,1.0,priority+best_fit+preempt,101,44044.182,1184.512592,5959.826,2317.672996,27.681813,0.860857,0.820675,1.0,0.729286,50.743067,0.865615,0.998718,988.703271,1000.0,2232.813084,10000.0,10000.0,1.0,428,0,0,128,36587.692,39720.0,7072.202,4746.01,3906.004,"{""preempted"": 128, ""succeeded"": 300}","{""SUCCEEDED"": 300}",0,0,1712,2.0679
E3,local,bursty,1.0,priority+best_fit+preempt,102,41927.392,1279.856596,7113.346,2792.754958,23.319964,0.896506,0.90624,0.983471,0.771784,71.641926,0.903911,0.998912,983.789362,1000.0,2769.504255,10000.0,10000.0,1.0,470,0,0,170,53676.27,45120.0,5290.198,5988.475,9064.344,"{""preempted"": 170, ""succeeded"": 300}","{""SUCCEEDED"": 300}",0,0,1880,2.3809
E3,local,bursty,1.0,priority+best_fit+preempt,103,48873.829,6489.06665,17468.234,8070.713213,177.374367,0.646867,0.955551,0.866667,0.733483,79.488062,0.646487,0.999039,989.473418,1000.0,1945.972152,10000.0,10000.0,1.0,395,0,0,95,29588.01,27960.0,17312.493,18097.634,17813.277,"{""preempted"": 95, ""succeeded"": 300}","{""SUCCEEDED"": 300}",0,0,1580,2.9694
E3,local,bursty,1.0,priority+best_fit+preempt,104,51871.962,860.006563,4533.183,2214.426092,11.718066,0.79325,0.703129,0.992537,0.710451,62.314689,0.803362,0.998821,988.635443,1000.0,2068.782278,10000.0,10000.0,1.0,395,0,0,95,42623.33,31920.0,4032.533,4757.066,5530.311,"{""preempted"": 95, ""succeeded"": 300}","{""SUCCEEDED"": 300}",0,0,1580,1.9023
E3,local,bursty,1.0,priority+best_fit+preempt,105,41146.283,979.725813,4077.567,2272.917492,22.68187,0.914971,0.887794,0.991597,0.696455,67.673324,0.902052,0.998936,980.397163,1000.0,2213.236407,10000.0,10000.0,1.0,423,0,0,123,25723.858,31080.0,7288.278,3461.513,3534.322,"{""preempted"": 123, ""succeeded"": 300}","{""SUCCEEDED"": 300}",0,0,1692,2.2985
E3,local,bursty,1.0,priority+best_fit+preempt,106,44537.661,1149.656867,6787.04,2654.451613,15.230056,0.893859,0.804483,0.96875,0.801898,50.774104,0.904472,0.998779,993.26652,1000.0,2777.960352,10000.0,10000.0,1.0,454,0,0,154,40374.464,42960.0,6625.832,6588.592,6994.738,"{""preempted"": 154, ""succeeded"": 300}","{""SUCCEEDED"": 300}",0,0,1816,2.3189
E3,local,bursty,1.0,priority+best_fit+preempt,107,36252.649,365.622688,2360.949,1231.236737,11.517948,0.959765,0.678142,1.0,0.769723,36.501154,0.962367,0.998265,971.939904,1000.0,1993.396635,10000.0,10000.0,1.0,416,0,0,116,30101.985,35400.0,1916.794,1426.478,2794.093,"{""preempted"": 116, ""succeeded"": 300}","{""SUCCEEDED"": 300}",0,0,1664,1.6886
E3,local,bursty,1.0,priority+best_fit+preempt,108,50084.384,4259.963929,16668.343,6205.583742,61.069411,0.970819,0.93756,0.86087,0.728643,62.727438,0.971065,0.999057,998.47981,1000.0,2657.800475,10000.0,10000.0,1.0,421,0,0,121,29484.578,28920.0,16668.343,17087.466,16839.017,"{""preempted"": 121, ""succeeded"": 300}","{""SUCCEEDED"": 300}",0,0,1684,2.2921
E3,local,bursty,1.0,priority+best_fit+preempt,109,40396.064,484.881012,2047.518,1444.114458,11.718476,0.998418,0.681838,1.0,0.826949,44.161872,0.998552,0.998528,989.464037,1000.0,2347.273782,10000.0,10000.0,1.0,431,0,0,131,41320.517,37680.0,1757.686,2673.226,2238.014,"{""preempted"": 131, ""succeeded"": 300}","{""SUCCEEDED"": 300}",0,0,1724,1.4604
E3,local,bursty,1.0,priority+best_fit+preempt,110,39835.484,6648.188758,20773.83,8242.250017,82.522836,0.992152,0.99986,0.923664,0.810506,30.878907,0.991798,0.998846,993.21286,1000.0,2771.372506,10000.0,10000.0,1.0,451,0,0,151,26750.519,30120.0,17642.435,21442.707,21166.063,"{""preempted"": 151, ""succeeded"": 300}","{""SUCCEEDED"": 300}",0,0,1804,3.132
E3,local,bursty,1.0,quota+first_fit+reclaim,101,44555.921,786.262171,4405.366,1865.080983,16.172974,0.911906,0.791247,0.955752,0.722659,41.431016,0.912997,0.998318,980.946612,1000.0,3353.940452,10000.0,10000.0,1.0,487,0,0,187,34830.566,85560.0,4053.766,8881.125,3438.755,"{""preempted"": 187, ""succeeded"": 300}","{""SUCCEEDED"": 300}",0,0,1948,1.6241
E3,local,bursty,1.0,quota+first_fit+reclaim,102,43332.877,1061.299712,6259.455,2386.021625,25.228969,0.957975,0.885697,0.892562,0.877166,55.911826,0.957465,0.998952,993.373464,1000.0,1916.648649,10000.0,10000.0,1.0,407,0,0,107,60789.466,37440.0,6375.961,6071.134,6410.624,"{""preempted"": 107, ""succeeded"": 300}","{""SUCCEEDED"": 300}",0,0,1628,1.6399
E3,local,bursty,1.0,quota+first_fit+reclaim,103,49842.755,3108.858483,17236.389,4452.530154,60.530048,0.945001,0.901313,0.8,0.772883,55.875859,0.9505,0.999035,981.326203,1000.0,1437.016043,10000.0,10000.0,1.0,374,0,0,74,38312.997,27120.0,19414.364,10110.728,17236.389,"{""preempted"": 74, ""succeeded"": 300}","{""SUCCEEDED"": 300}",0,0,1496,1.911
E3,local,bursty,1.0,quota+first_fit+reclaim,104,51929.036,782.043821,5372.142,2073.393025,13.482712,0.600267,0.691762,0.932836,0.755666,42.842585,0.633684,0.998912,984.26361,1000.0,1143.226361,10000.0,10000.0,1.0,349,0,0,49,22579.13,18960.0,7188.157,5562.374,3418.332,"{""preempted"": 49, ""succeeded"": 300}","{""SUCCEEDED"": 300}",0,0,1396,1.7128
E3,local,bursty,1.0,quota+first_fit+reclaim,105,42656.816,593.186487,3623.905,1736.146837,8.044667,0.99868,0.844529,0.94958,0.839601,58.692305,0.99857,0.99892,982.708333,1000.0,1568.809896,10000.0,10000.0,1.0,384,0,0,84,30158.704,30600.0,4593.185,1521.4,2425.969,"{""preempted"": 84, ""succeeded"": 300}","{""SUCCEEDED"": 300}",0,0,1536,1.9697
E3,local,bursty,1.0,quota+first_fit+reclaim,106,41501.237,865.377433,5729.16,2098.0082,9.502887,0.898563,0.779975,0.929688,0.818986,42.206154,0.902709,0.998956,995.876056,1000.0,1163.414085,10000.0,10000.0,1.0,355,0,0,55,16735.485,13440.0,3361.661,7275.853,8178.645,"{""preempted"": 55, ""succeeded"": 300}","{""SUCCEEDED"": 300}",0,0,1420,1.8838
E3,local,bursty,1.0,quota+first_fit+reclaim,107,35939.144,407.204317,2597.552,1289.244742,13.925537,0.947039,0.665132,0.969231,0.797828,25.883394,0.951919,0.998357,988.544199,1000.0,1412.850829,10000.0,10000.0,1.0,362,0,0,62,48462.911,29160.0,2282.378,3082.128,2597.552,"{""preempted"": 62, ""succeeded"": 300}","{""SUCCEEDED"": 300}",0,0,1448,1.7262
E3,local,bursty,1.0,quota+first_fit+reclaim,108,51866.57,2320.701533,14318.679,3752.96955,24.284417,0.985732,0.878548,0.8,0.838794,35.457583,0.985485,0.999073,997.060274,1000.0,1398.49863,10000.0,10000.0,1.0,365,0,0,65,28722.996,22080.0,18129.01,18007.283,14318.679,"{""preempted"": 65, ""succeeded"": 300}","{""SUCCEEDED"": 300}",0,0,1460,1.8682
E3,local,bursty,1.0,quota+first_fit+reclaim,109,40020.288,378.234117,1856.063,1305.495913,9.757541,0.973857,0.674328,0.968992,0.812138,34.982282,0.976373,0.998587,990.910526,1000.0,1527.826316,10000.0,10000.0,1.0,380,0,0,80,38166.484,28800.0,1498.769,3843.509,1741.623,"{""preempted"": 80, ""succeeded"": 300}","{""SUCCEEDED"": 300}",0,0,1520,1.5385
E3,local,bursty,1.0,quota+first_fit+reclaim,110,38476.628,2925.254417,20360.818,4359.550571,43.510222,0.937163,0.932713,0.847328,0.880461,13.967153,0.928363,0.998948,993.977528,1000.0,1133.511236,10000.0,10000.0,1.0,356,0,0,56,26492.453,17160.0,13577.923,22659.385,22166.91,"{""preempted"": 56, ""succeeded"": 300}","{""SUCCEEDED"": 300}",0,0,1424,2.6126
E3,local,skew,0.8,fifo+first_fit,101,44171.742,2595.429279,4464.583,3507.419708,46.7416,0.919396,0.778749,0.566372,0.61427,69.002016,0.920675,0.998948,1000.0,1000.0,0.0,0.0,0.0,1.0,300,0,0,0,0.0,0.0,4481.392,4137.692,4464.583,"{""succeeded"": 300}","{""SUCCEEDED"": 300}",0,0,1200,1.6072
E3,local,skew,0.8,fifo+first_fit,102,49151.046,103.777154,674.663,1069.578871,2.762605,0.991677,0.612675,0.975207,0.943118,48.444388,0.991414,0.999052,992.423333,1000.0,0.0,0.0,0.0,1.0,300,0,0,0,0.0,0.0,716.542,756.321,218.259,"{""succeeded"": 300}","{""SUCCEEDED"": 300}",0,0,1200,1.0709
E3,local,skew,0.8,fifo+first_fit,103,53075.727,4668.390962,8072.768,5829.684892,67.680193,0.833344,0.750533,0.247619,0.58011,85.150953,0.841149,0.999154,990.866667,1000.0,0.0,0.0,0.0,1.0,300,0,0,0,0.0,0.0,8072.768,8381.546,8037.443,"{""succeeded"": 300}","{""SUCCEEDED"": 300}",0,0,1200,1.51
E3,local,skew,0.8,fifo+first_fit,104,59765.166,1518.853762,4166.205,2798.454579,21.987877,0.959705,0.685811,0.80597,0.768721,74.380774,0.960437,0.999181,994.916667,1000.0,0.0,0.0,0.0,1.0,300,0,0,0,0.0,0.0,4105.399,4593.762,4381.173,"{""succeeded"": 300}","{""SUCCEEDED"": 300}",0,0,1200,1.1564
E3,local,skew,0.8,fifo+first_fit,105,56457.936,1024.99085,2570.179,2222.507571,10.97961,0.935574,0.721217,0.94958,0.735041,102.102636,0.926932,0.999264,1000.0,1000.0,0.0,0.0,0.0,1.0,300,0,0,0,0.0,0.0,2774.249,2340.618,2172.549,"{""succeeded"": 300}","{""SUCCEEDED"": 300}",0,0,1200,1.0616
E3,local,skew,0.8,fifo+first_fit,106,42794.606,2687.225983,4448.202,3735.151346,18.264072,0.916632,0.706187,0.601562,0.613573,49.842795,0.918253,0.998948,996.38,1000.0,0.0,0.0,0.0,1.0,300,0,0,0,0.0,0.0,4528.166,4262.594,4368.48,"{""succeeded"": 300}","{""SUCCEEDED"": 300}",0,0,1200,1.4243
E3,local,skew,0.8,fifo+first_fit,107,31853.771,291.579233,1178.531,981.557279,8.117214,0.920142,0.577435,0.976923,0.821482,27.465842,0.928111,0.998365,984.346667,1000.0,0.0,0.0,0.0,1.0,300,0,0,0,0.0,0.0,1083.899,1060.727,2007.201,"{""succeeded"": 300}","{""SUCCEEDED"": 300}",0,0,1200,1.0552
E3,local,skew,0.8,fifo+first_fit,108,58294.616,6081.06095,13711.288,7277.960525,72.944425,0.85974,0.66813,0.408696,0.694011,41.884051,0.867995,0.999187,998.463333,1000.0,0.0,0.0,0.0,1.0,300,0,0,0,0.0,0.0,13878.971,13601.93,13629.721,"{""succeeded"": 300}","{""SUCCEEDED"": 300}",0,0,1200,1.405
E3,local,skew,0.8,fifo+first_fit,109,39066.601,1446.131138,2736.756,2237.013142,31.935927,0.938243,0.747324,0.875969,0.732642,55.719024,0.939694,0.998881,992.826667,1000.0,0.0,0.0,0.0,1.0,300,0,0,0,0.0,0.0,3016.507,2645.852,2531.134,"{""succeeded"": 300}","{""SUCCEEDED"": 300}",0,0,1200,1.1878
E3,local,skew,0.8,fifo+first_fit,110,45283.963,2636.309379,4543.772,3680.193546,20.295528,0.998149,0.781597,0.541985,0.6715,55.706636,0.998049,0.999047,985.8,1000.0,0.0,0.0,0.0,1.0,300,0,0,0,0.0,0.0,4575.536,4425.479,4254.667,"{""succeeded"": 300}","{""SUCCEEDED"": 300}",0,0,1200,1.3659
E3,local,skew,0.8,priority+best_fit,101,39248.539,829.024325,3704.249,1739.926192,16.72271,0.870206,0.827771,0.982301,0.755893,71.553543,0.87684,0.998966,993.966667,1000.0,0.0,0.0,0.0,1.0,300,0,0,0,0.0,0.0,4294.802,3084.361,3764.933,"{""succeeded"": 300}","{""SUCCEEDED"": 300}",0,0,1200,1.4238
E3,local,skew,0.8,priority+best_fit,102,46486.758,96.351579,193.505,1063.7695,1.448398,0.979577,0.622371,0.983471,0.925156,48.946816,0.978834,0.999054,992.423333,1000.0,0.0,0.0,0.0,1.0,300,0,0,0,0.0,0.0,112.432,593.438,323.56,"{""succeeded"": 300}","{""SUCCEEDED"": 300}",0,0,1200,1.2013
E3,local,skew,0.8,priority+best_fit,103,50570.7,1123.827037,3651.315,2284.923246,19.174797,0.902888,0.832943,0.914286,0.618061,100.612481,0.904877,0.999181,989.063333,1000.0,0.0,0.0,0.0,1.0,300,0,0,0,0.0,0.0,3646.66,6583.794,9016.555,"{""succeeded"": 300}","{""SUCCEEDED"": 300}",0,0,1200,1.4411
E3,local,skew,0.8,priority+best_fit,104,56512.333,354.597754,1566.121,1633.809538,5.371692,0.940433,0.691048,0.962687,0.854714,76.190144,0.940372,0.999181,996.103333,1000.0,0.0,0.0,0.0,1.0,300,0,0,0,0.0,0.0,2313.762,1187.297,1572.588,"{""succeeded"": 300}","{""SUCCEEDED"": 300}",0,0,1200,1.3109
E3,local,skew,0.8,priority+best_fit,105,56067.536,188.456492,929.629,1375.724429,2.321713,0.99347,0.691867,0.983193,0.926779,90.572144,0.993998,0.999244,993.953333,1000.0,0.0,0.0,0.0,1.0,300,0,0,0,0.0,0.0,1276.899,267.154,966.388,"{""succeeded"": 300}","{""SUCCEEDED"": 300}",0,0,1200,1.1744
E3,local,skew,0.8,priority+best_fit,106,41952.532,344.936683,1044.996,1394.282267,2.726584,0.995451,0.72397,0.96875,0.815576,46.857315,0.995531,0.998954,997.233333,1000.0,0.0,0.0,0.0,1.0,300,0,0,0,0.0,0.0,1044.996,5559.379,1409.177,"{""succeeded"": 300}","{""SUCCEEDED"": 300}",0,0,1200,1.374
E3,local,skew,0.8,priority+best_fit,107,31853.771,68.588421,279.235,758.277267,2.069436,0.966166,0.574161,1.0,0.893657,25.625547,0.967592,0.998345,996.053333,1000.0,0.0,0.0,0.0,1.0,300,0,0,0,0.0,0.0,288.428,108.661,1706.526,"{""succeeded"": 300}","{""SUCCEEDED"": 300}",0,0,1200,1.0757
E3,local,skew,0.8,priority+best_fit,108,52746.872,1849.364367,14403.652,3061.342521,34.050248,0.823768,0.748437,0.852174,0.749582,54.045065,0.838499,0.999211,994.21,1000.0,0.0,0.0,0.0,1.0,300,0,0,0,0.0,0.0,13707.252,26476.275,4991.148,"{""succeeded"": 300}","{""SUCCEEDED"": 300}",0,0,1200,1.328
E3,local,skew,0.8,priority+best_fit,109,36946.552,287.770496,1083.867,1079.676254,6.41713,0.918885,0.79621,1.0,0.926522,65.696951,0.91929,0.998891,989.343333,1000.0,0.0,0.0,0.0,1.0,300,0,0,0,0.0,0.0,1822.29,645.946,918.367,"{""succeeded"": 300}","{""SUCCEEDED"": 300}",0,0,1200,1.2104
E3,local,skew,0.8,priority+best_fit,110,39634.401,666.7641,3941.01,1704.719,7.360734,0.944319,0.83406,0.954198,0.757029,60.576476,0.949886,0.999045,995.706667,1000.0,0.0,0.0,0.0,1.0,300,0,0,0,0.0,0.0,4956.521,5159.983,3436.924,"{""succeeded"": 300}","{""SUCCEEDED"": 300}",0,0,1200,1.3918
E3,local,skew,0.8,quota+first_fit,101,41007.23,666.589942,4006.468,1576.907196,15.30666,0.945131,0.810861,0.946903,0.781705,67.211394,0.945039,0.998951,988.846667,1000.0,0.0,0.0,0.0,1.0,300,0,0,0,0.0,0.0,3218.478,4326.334,2252.741,"{""succeeded"": 300}","{""SUCCEEDED"": 300}",0,0,1200,1.3043
E3,local,skew,0.8,quota+first_fit,102,47410.765,88.134679,94.634,1053.459317,1.264703,0.969913,0.618103,0.983471,0.958255,48.595006,0.969114,0.999049,992.423333,1000.0,0.0,0.0,0.0,1.0,300,0,0,0,0.0,0.0,94.634,471.597,193.505,"{""succeeded"": 300}","{""SUCCEEDED"": 300}",0,0,1200,1.0402
E3,local,skew,0.8,quota+first_fit,103,50570.7,1012.841,4753.554,2178.7461,16.940067,0.898079,0.813195,0.914286,0.64187,95.982321,0.897148,0.999172,990.033333,1000.0,0.0,0.0,0.0,1.0,300,0,0,0,0.0,0.0,4649.093,1861.817,9016.555,"{""succeeded"": 300}","{""SUCCEEDED"": 300}",0,0,1200,1.3516
E3,local,skew,0.8,quota+first_fit,104,56512.333,381.551771,1879.232,1666.371813,4.830299,0.892455,0.696165,0.962687,0.872436,74.779068,0.89429,0.999191,996.103333,1000.0,0.0,0.0,0.0,1.0,300,0,0,0,0.0,0.0,2910.013,1088.988,1572.588,"{""succeeded"": 300}","{""SUCCEEDED"": 300}",0,0,1200,1.2439
E3,local,skew,0.8,quota+first_fit,105,55883.955,186.919892,1106.806,1374.078954,2.607384,0.997677,0.691999,0.991597,0.926253,91.497727,0.99791,0.999244,994.216667,1000.0,0.0,0.0,0.0,1.0,300,0,0,0,0.0,0.0,1397.907,333.519,966.388,"{""succeeded"": 300}","{""SUCCEEDED"": 300}",0,0,1200,1.1832
E3,local,skew,0.8,quota+first_fit,106,41952.532,354.124037,1167.294,1404.526492,4.001861,0.930891,0.731694,0.96875,0.849058,48.181439,0.937263,0.998961,991.786667,1000.0,0.0,0.0,0.0,1.0,300,0,0,0,0.0,0.0,1167.294,1214.834,1593.724,"{""succeeded"": 300}","{""SUCCEEDED"": 300}",0,0,1200,1.3376
E3,local,skew,0.8,quota+first_fit,107,31853.771,171.410271,252.157,862.622313,2.828232,0.912374,0.577849,1.0,0.815029,26.418066,0.915371,0.99838,988.84,1000.0,0.0,0.0,0.0,1.0,300,0,0,0,0.0,0.0,660.622,96.895,2718.533,"{""succeeded"": 300}","{""SUCCEEDED"": 300}",0,0,1200,1.2679
E3,local,skew,0.8,quota+first_fit,108,52894.614,2077.422025,19471.618,3280.10315,54.158316,0.728457,0.735654,0.852174,0.755138,49.537801,0.748226,0.999199,997.49,1000.0,0.0,0.0,0.0,1.0,300,0,0,0,0.0,0.0,21845.253,25348.579,4789.966,"{""succeeded"": 300}","{""SUCCEEDED"": 300}",0,0,1200,1.5849
E3,local,skew,0.8,quota+first_fit,109,36982.262,381.919921,827.667,1174.508312,4.67084,0.930336,0.722358,0.96124,0.894753,49.671088,0.937239,0.998889,990.533333,1000.0,0.0,0.0,0.0,1.0,300,0,0,0,0.0,0.0,914.401,827.667,243.659,"{""succeeded"": 300}","{""SUCCEEDED"": 300}",0,0,1200,1.2924
E3,local,skew,0.8,quota+first_fit,110,40621.423,732.31745,5190.963,1764.355779,5.617891,0.945181,0.797062,0.931298,0.765008,52.144925,0.949543,0.999018,998.533333,1000.0,0.0,0.0,0.0,1.0,300,0,0,0,0.0,0.0,5479.725,5184.749,741.954,"{""succeeded"": 300}","{""SUCCEEDED"": 300}",0,0,1200,1.4052
E3,local,skew,0.8,stub,101,44171.742,2595.429279,4464.583,3507.419708,46.7416,0.919396,0.778749,0.566372,0.61427,69.002016,0.920675,0.998948,1000.0,1000.0,0.0,0.0,0.0,1.0,300,0,0,0,0.0,0.0,4481.392,4137.692,4464.583,"{""succeeded"": 300}","{""SUCCEEDED"": 300}",0,0,1200,1.9324
E3,local,skew,0.8,stub,102,49151.046,103.777154,674.663,1069.578871,2.762605,0.991677,0.612675,0.975207,0.943118,48.444388,0.991414,0.999052,992.423333,1000.0,0.0,0.0,0.0,1.0,300,0,0,0,0.0,0.0,716.542,756.321,218.259,"{""succeeded"": 300}","{""SUCCEEDED"": 300}",0,0,1200,1.3897
E3,local,skew,0.8,stub,103,53075.727,4668.390962,8072.768,5829.684892,67.680193,0.833344,0.750533,0.247619,0.58011,85.150953,0.841149,0.999154,990.866667,1000.0,0.0,0.0,0.0,1.0,300,0,0,0,0.0,0.0,8072.768,8381.546,8037.443,"{""succeeded"": 300}","{""SUCCEEDED"": 300}",0,0,1200,2.1665
E3,local,skew,0.8,stub,104,59765.166,1518.853762,4166.205,2798.454579,21.987877,0.959705,0.685811,0.80597,0.768721,74.380774,0.960437,0.999181,994.916667,1000.0,0.0,0.0,0.0,1.0,300,0,0,0,0.0,0.0,4105.399,4593.762,4381.173,"{""succeeded"": 300}","{""SUCCEEDED"": 300}",0,0,1200,1.7527
E3,local,skew,0.8,stub,105,56457.936,1024.99085,2570.179,2222.507571,10.97961,0.935574,0.721217,0.94958,0.735041,102.102636,0.926932,0.999264,1000.0,1000.0,0.0,0.0,0.0,1.0,300,0,0,0,0.0,0.0,2774.249,2340.618,2172.549,"{""succeeded"": 300}","{""SUCCEEDED"": 300}",0,0,1200,1.6257
E3,local,skew,0.8,stub,106,42794.606,2687.225983,4448.202,3735.151346,18.264072,0.916632,0.706187,0.601562,0.613573,49.842795,0.918253,0.998948,996.38,1000.0,0.0,0.0,0.0,1.0,300,0,0,0,0.0,0.0,4528.166,4262.594,4368.48,"{""succeeded"": 300}","{""SUCCEEDED"": 300}",0,0,1200,2.0999
E3,local,skew,0.8,stub,107,31853.771,291.579233,1178.531,981.557279,8.117214,0.920142,0.577435,0.976923,0.821482,27.465842,0.928111,0.998365,984.346667,1000.0,0.0,0.0,0.0,1.0,300,0,0,0,0.0,0.0,1083.899,1060.727,2007.201,"{""succeeded"": 300}","{""SUCCEEDED"": 300}",0,0,1200,1.5303
E3,local,skew,0.8,stub,108,58294.616,6081.06095,13711.288,7277.960525,72.944425,0.85974,0.66813,0.408696,0.694011,41.884051,0.867995,0.999187,998.463333,1000.0,0.0,0.0,0.0,1.0,300,0,0,0,0.0,0.0,13878.971,13601.93,13629.721,"{""succeeded"": 300}","{""SUCCEEDED"": 300}",0,0,1200,2.3075
E3,local,skew,0.8,stub,109,39066.601,1446.131138,2736.756,2237.013142,31.935927,0.938243,0.747324,0.875969,0.732642,55.719024,0.939694,0.998881,992.826667,1000.0,0.0,0.0,0.0,1.0,300,0,0,0,0.0,0.0,3016.507,2645.852,2531.134,"{""succeeded"": 300}","{""SUCCEEDED"": 300}",0,0,1200,1.9195
E3,local,skew,0.8,stub,110,45283.963,2636.309379,4543.772,3680.193546,20.295528,0.998149,0.781597,0.541985,0.6715,55.706636,0.998049,0.999047,985.8,1000.0,0.0,0.0,0.0,1.0,300,0,0,0,0.0,0.0,4575.536,4425.479,4254.667,"{""succeeded"": 300}","{""SUCCEEDED"": 300}",0,0,1200,2.0775
E3,local,skew,0.8,priority+best_fit+preempt,101,43238.822,1057.922063,3558.413,2132.300258,29.962617,0.875737,0.846404,0.982301,0.790434,71.474468,0.880397,0.998846,987.586842,1000.0,1773.002632,10000.0,10000.0,1.0,380,0,0,80,31593.059,27600.0,4541.766,2930.592,2574.654,"{""preempted"": 80, ""succeeded"": 300}","{""SUCCEEDED"": 300}",0,0,1520,1.8385
E3,local,skew,0.8,priority+best_fit+preempt,102,48224.876,62.708267,10.0,1058.379871,1.393087,0.977445,0.633359,1.0,0.951468,50.481362,0.97671,0.998986,993.070122,1000.0,789.996951,10000.0,10000.0,1.0,328,0,0,28,11000.99,10560.0,10.0,391.091,10.0,"{""preempted"": 28, ""succeeded"": 300}","{""SUCCEEDED"": 300}",0,0,1312,1.2858
E3,local,skew,0.8,priority+best_fit+preempt,103,51142.981,1390.338188,6962.635,2843.687342,20.516568,0.939915,0.871079,0.990476,0.641484,109.763763,0.944371,0.998988,996.258454,1000.0,2474.521739,10000.0,10000.0,1.0,414,0,0,114,47936.437,38520.0,7343.784,4346.464,4648.638,"{""preempted"": 114, ""succeeded"": 300}","{""SUCCEEDED"": 300}",0,0,1656,1.8757
E3,local,skew,0.8,priority+best_fit+preempt,104,56512.333,212.817483,1803.793,1570.90505,3.370163,0.978434,0.745193,1.0,0.841804,94.499694,0.97887,0.999073,997.511765,1000.0,1096.741176,10000.0,10000.0,1.0,340,0,0,40,31480.515,22200.0,1235.774,303.361,4022.4,"{""preempted"": 40, ""succeeded"": 300}","{""SUCCEEDED"": 300}",0,0,1360,1.4373
E3,local,skew,0.8,priority+best_fit+preempt,105,55839.218,149.557738,713.44,1432.421779,3.070905,0.992274,0.756208,0.991597,0.926465,110.964404,0.993035,0.999193,993.094955,1000.0,978.005935,10000.0,10000.0,1.0,337,0,0,37,27738.497,14520.0,941.824,276.994,245.197,"{""preempted"": 37, ""succeeded"": 300}","{""SUCCEEDED"": 300}",0,0,1348,1.299
E3,local,skew,0.8,priority+best_fit+preempt,106,42592.508,193.334412,810.146,1370.632708,2.909601,0.985461,0.760819,1.0,0.885867,51.300009,0.986905,0.998803,996.539683,1000.0,1918.645503,10000.0,10000.0,1.0,378,0,0,78,29488.251,23640.0,810.146,613.701,1427.794,"{""preempted"": 78, ""succeeded"": 300}","{""SUCCEEDED"": 300}",0,0,1512,1.6351
E3,local,skew,0.8,priority+best_fit+preempt,107,31853.771,52.682212,115.549,765.908712,2.868899,0.9778,0.595404,1.0,0.915888,28.063871,0.979919,0.998206,997.391437,1000.0,804.281346,10000.0,10000.0,1.0,327,0,0,27,10493.728,13080.0,146.354,10.0,539.551,"{""preempted"": 27, ""succeeded"": 300}","{""SUCCEEDED"": 300}",0,0,1308,1.2373
E3,local,skew,0.8,priority+best_fit+preempt,108,53019.625,1906.778883,14979.195,3555.973625,37.194613,0.877871,0.81213,0.947826,0.81818,56.788381,0.882868,0.999059,996.080605,1000.0,2169.060453,10000.0,10000.0,1.0,397,0,0,97,35163.827,29760.0,14979.195,21393.833,7514.79,"{""preempted"": 97, ""succeeded"": 300}","{""SUCCEEDED"": 300}",0,0,1588,2.0248
E3,local,skew,0.8,priority+best_fit+preempt,109,37866.431,456.201583,2974.279,1394.520538,12.302456,0.941649,0.846577,1.0,0.845706,70.798454,0.947475,0.998698,987.948849,1000.0,2065.409207,10000.0,10000.0,1.0,391,0,0,91,26599.481,28320.0,3039.084,2536.529,2596.728,"{""preempted"": 91, ""succeeded"": 300}","{""SUCCEEDED"": 300}",0,0,1564,1.6085
E3,local,skew,0.8,priority+best_fit+preempt,110,39633.784,542.621679,3578.224,1779.273846,11.897733,0.991288,0.891256,1.0,0.782289,65.804782,0.992011,0.998825,998.369898,1000.0,2008.660714,10000.0,10000.0,1.0,392,0,0,92,34232.406,30360.0,3932.782,1119.731,3578.224,"{""preempted"": 92, ""succeeded"": 300}","{""SUCCEEDED"": 300}",0,0,1568,1.7523
E3,local,skew,0.8,quota+first_fit+reclaim,101,42059.744,593.882696,3228.627,1630.269487,13.172138,0.785863,0.844621,0.973451,0.838939,71.508149,0.799825,0.998876,991.727273,1000.0,820.230303,10000.0,10000.0,1.0,330,0,0,30,22556.842,15840.0,5296.239,1618.586,203.22,"{""preempted"": 30, ""succeeded"": 300}","{""SUCCEEDED"": 300}",0,0,1320,1.5716
E3,local,skew,0.8,quota+first_fit+reclaim,102,47410.765,37.529488,59.417,1013.351087,1.250001,0.983227,0.626731,1.0,0.9758,49.928847,0.982548,0.99902,992.667742,1000.0,268.03871,0.0,10000.0,1.0,310,0,0,10,7700.711,5040.0,85.357,59.417,10.0,"{""preempted"": 10, ""succeeded"": 300}","{""SUCCEEDED"": 300}",0,0,1240,1.2308
E3,local,skew,0.8,quota+first_fit+reclaim,103,50990.989,854.693133,4037.139,2127.385633,13.71556,0.94866,0.837052,0.942857,0.680089,101.694114,0.953785,0.999103,990.969605,1000.0,781.99696,10000.0,10000.0,1.0,329,0,0,29,24851.646,13200.0,4037.139,1381.454,4328.819,"{""preempted"": 29, ""succeeded"": 300}","{""SUCCEEDED"": 300}",0,0,1316,1.5804
E3,local,skew,0.8,quota+first_fit+reclaim,104,56512.333,327.982517,1076.022,1638.120096,3.166339,0.87876,0.7011,0.985075,0.893404,78.768511,0.882242,0.99914,993.829114,1000.0,481.734177,2228.0,10000.0,1.0,316,0,0,16,15723.251,9600.0,1414.51,50.101,171.645,"{""preempted"": 16, ""succeeded"": 300}","{""SUCCEEDED"": 300}",0,0,1264,1.4061
E3,local,skew,0.8,quota+first_fit+reclaim,105,55883.955,217.291246,1276.899,1507.617554,3.437821,0.940404,0.718429,0.983193,0.9942,99.970535,0.940012,0.999171,994.866864,1000.0,1118.278107,10000.0,10000.0,1.0,338,0,0,38,19595.47,13200.0,2670.423,10.0,10.0,"{""preempted"": 38, ""succeeded"": 300}","{""SUCCEEDED"": 300}",0,0,1352,1.3362
E3,local,skew,0.8,quota+first_fit+reclaim,106,41952.532,428.525429,1520.871,1532.188937,4.22046,0.901336,0.760152,0.976562,0.850904,51.912222,0.911082,0.998891,995.806154,1000.0,645.283077,10000.0,10000.0,1.0,325,0,0,25,12752.467,12480.0,1524.311,287.865,2462.484,"{""preempted"": 25, ""succeeded"": 300}","{""SUCCEEDED"": 300}",0,0,1300,1.5298
E3,local,skew,0.8,quota+first_fit+reclaim,107,31853.771,124.737637,151.057,823.5094,1.926263,0.9098,0.590949,1.0,0.894101,25.985432,0.91066,0.998325,994.439344,1000.0,163.934426,0.0,10000.0,1.0,305,0,0,5,6207.838,4440.0,653.205,63.641,47.742,"{""preempted"": 5, ""succeeded"": 300}","{""SUCCEEDED"": 300}",0,0,1220,1.3233
E3,local,skew,0.8,quota+first_fit+reclaim,108,53248.274,1892.689642,15516.183,3180.565321,46.942022,0.73446,0.747213,0.834783,0.8396,38.326434,0.75441,0.999159,996.409938,1000.0,603.990683,8094.0,10000.0,1.0,322,0,0,22,22355.376,9240.0,18025.579,26851.722,4248.894,"{""preempted"": 22, ""succeeded"": 300}","{""SUCCEEDED"": 300}",0,0,1288,1.5657
E3,local,skew,0.8,quota+first_fit+reclaim,109,39121.624,388.575458,1421.601,1217.073779,7.824136,0.918701,0.763821,0.976744,0.898217,57.866416,0.923171,0.998838,990.437309,1000.0,783.388379,10000.0,10000.0,1.0,327,0,0,27,8958.489,7320.0,1822.29,737.039,529.292,"{""preempted"": 27, ""succeeded"": 300}","{""SUCCEEDED"": 300}",0,0,1308,1.4225
E3,local,skew,0.8,quota+first_fit+reclaim,110,41376.201,745.620533,3087.459,1879.246842,8.99992,0.856398,0.828066,0.931298,0.802976,56.8193,0.862589,0.998931,996.178248,1000.0,695.990937,10000.0,10000.0,1.0,331,0,0,31,30401.068,18720.0,6976.796,1157.21,357.483,"{""preempted"": 31, ""succeeded"": 300}","{""SUCCEEDED"": 300}",0,0,1324,1.5452
E3,local,skew,1.0,fifo+first_fit,101,46254.703,6499.960246,12265.232,7419.483592,135.101067,0.89966,0.753534,0.026549,0.550333,49.801457,0.901042,0.998963,998.573333,1000.0,0.0,0.0,0.0,1.0,300,0,0,0,0.0,0.0,12580.746,11180.128,12515.858,"{""succeeded"": 300}","{""SUCCEEDED"": 300}",0,0,1200,1.9391
E3,local,skew,1.0,fifo+first_fit,102,42779.657,1128.132221,2322.223,2094.486525,14.403766,0.986794,0.751248,0.884298,0.720912,65.932265,0.987945,0.999046,997.19,1000.0,0.0,0.0,0.0,1.0,300,0,0,0,0.0,0.0,2564.653,2546.904,2046.091,"{""succeeded"": 300}","{""SUCCEEDED"": 300}",0,0,1200,1.2978
E3,local,skew,1.0,fifo+first_fit,103,52052.705,8298.829583,13005.688,9459.757075,114.201062,0.834192,0.746208,0.095238,0.53171,69.226339,0.844755,0.999153,993.73,1000.0,0.0,0.0,0.0,1.0,300,0,0,0,0.0,0.0,12969.638,13463.672,13011.42,"{""succeeded"": 300}","{""SUCCEEDED"": 300}",0,0,1200,1.9763
E3,local,skew,1.0,fifo+first_fit,104,56985.432,4623.079525,10161.657,5909.372825,60.349426,0.95516,0.715997,0.350746,0.637849,65.888876,0.956001,0.9992,998.243333,1000.0,0.0,0.0,0.0,1.0,300,0,0,0,0.0,0.0,10025.048,10587.483,10245.437,"{""succeeded"": 300}","{""SUCCEEDED"": 300}",0,0,1200,1.6805
E3,local,skew,1.0,fifo+first_fit,105,51572.225,3622.542392,5403.924,4821.57115,34.401961,0.857167,0.811776,0.436975,0.522137,106.003937,0.836564,0.999268,994.52,1000.0,0.0,0.0,0.0,1.0,300,0,0,0,0.0,0.0,5689.044,4884.805,4810.981,"{""succeeded"": 300}","{""SUCCEEDED"": 300}",0,0,1200,1.6611
E3,local,skew,1.0,fifo+first_fit,106,42274.462,5707.086896,7519.749,6756.934975,35.885716,0.912293,0.69706,0.09375,0.577931,34.502668,0.914672,0.998949,1000.0,1000.0,0.0,0.0,0.0,1.0,300,0,0,0,0.0,0.0,7515.315,7519.749,7715.452,"{""succeeded"": 300}","{""SUCCEEDED"": 300}",0,0,1200,2.014
E3,local,skew,1.0,fifo+first_fit,107,27277.091,1724.421908,2540.74,2415.594317,26.356349,0.962147,0.705256,0.846154,0.585781,32.762258,0.965545,0.998341,1000.0,1000.0,0.0,0.0,0.0,1.0,300,0,0,0,0.0,0.0,2540.74,2422.2,2601.94,"{""succeeded"": 300}","{""SUCCEEDED"": 300}",0,0,1200,1.5301
E3,local,skew,1.0,fifo+first_fit,108,57199.047,8112.657567,18903.728,9313.280733,97.788469,0.856424,0.688186,0.304348,0.677706,37.104276,0.865022,0.999202,985.193333,1000.0,0.0,0.0,0.0,1.0,300,0,0,0,0.0,0.0,18903.728,18268.36,19211.861,"{""succeeded"": 300}","{""SUCCEEDED"": 300}",0,0,1200,1.7851
E3,local,skew,1.0,fifo+first_fit,109,37464.087,3539.025567,6823.37,4327.080267,74.740747,0.937777,0.773583,0.364341,0.576349,52.116643,0.938171,0.998869,986.31,1000.0,0.0,0.0,0.0,1.0,300,0,0,0,0.0,0.0,7106.966,5816.71,5661.246,"{""succeeded"": 300}","{""SUCCEEDED"": 300}",0,0,1200,1.6681
E3,local,skew,1.0,fifo+first_fit,110,43892.806,4982.768338,8015.329,6020.586775,34.904467,0.997464,0.795971,0.305344,0.655207,39.486272,0.997316,0.999032,993.636667,1000.0,0.0,0.0,0.0,1.0,300,0,0,0,0.0,0.0,7950.497,8526.116,7607.09,"{""succeeded"": 300}","{""SUCCEEDED"": 300}",0,0,1200,1.8324
E3,local,skew,1.0,priority+best_fit,101,40290.314,1254.201137,6496.287,2175.643508,17.152688,0.966796,0.826291,0.929204,0.699305,47.897885,0.967864,0.998991,991.61,1000.0,0.0,0.0,0.0,1.0,300,0,0,0,0.0,0.0,9517.158,4268.375,4279.746,"{""succeeded"": 300}","{""SUCCEEDED"": 300}",0,0,1200,1.576
E3,local,skew,1.0,priority+best_fit,102,39868.712,208.172183,905.281,1175.18935,5.542067,0.982734,0.778192,0.983471,0.853105,64.088866,0.984448,0.999058,988.646667,1000.0,0.0,0.0,0.0,1.0,300,0,0,0,0.0,0.0,905.281,1685.358,823.759,"{""succeeded"": 300}","{""SUCCEEDED"": 300}",0,0,1200,1.3791
E3,local,skew,1.0,priority+best_fit,103,44310.184,2052.37375,9798.921,3204.532279,27.319106,0.962803,0.8925,0.895238,0.622614,85.057366,0.95778,0.999166,989.153333,1000.0,0.0,0.0,0.0,1.0,300,0,0,0,0.0,0.0,9493.133,26536.574,14350.627,"{""succeeded"": 300}","{""SUCCEEDED"": 300}",0,0,1200,1.642
E3,local,skew,1.0,priority+best_fit,104,47979.63,806.78925,4543.497,2093.301763,8.660411,0.821532,0.835389,0.962687,0.718756,89.662182,0.829791,0.999204,994.796667,1000.0,0.0,0.0,0.0,1.0,300,0,0,0,0.0,0.0,6140.159,4441.521,5154.544,"{""succeeded"": 300}","{""SUCCEEDED"": 300}",0,0,1200,1.4657
E3,local,skew,1.0,priority+best_fit,105,46111.374,533.223292,2916.048,1722.10485,6.653231,0.981078,0.834741,0.957983,0.765598,107.353881,0.97923,0.999243,999.786667,1000.0,0.0,0.0,0.0,1.0,300,0,0,0,0.0,0.0,4603.622,1701.11,2916.048,"{""succeeded"": 300}","{""SUCCEEDED"": 300}",0,0,1200,1.4583
E3,local,skew,1.0,priority+best_fit,106,35730.819,1106.639992,5272.552,2162.791492,9.536348,0.94362,0.867191,0.945312,0.736717,48.753061,0.946881,0.998989,983.62,1000.0,0.0,0.0,0.0,1.0,300,0,0,0,0.0,0.0,7932.978,5598.813,3878.577,"{""succeeded"": 300}","{""SUCCEEDED"": 300}",0,0,1200,1.7047
E3,local,skew,1.0,priority+best_fit,107,26058.654,236.771808,1472.344,926.749533,7.664884,0.8919,0.731037,0.984615,0.774192,35.337309,0.901423,0.998353,986.3,1000.0,0.0,0.0,0.0,1.0,300,0,0,0,0.0,0.0,1472.344,182.0,4768.375,"{""succeeded"": 300}","{""SUCCEEDED"": 300}",0,0,1200,1.3993
E3,local,skew,1.0,priority+best_fit,108,48343.296,2792.24015,20071.017,3998.758633,57.706622,0.794358,0.827747,0.773913,0.769752,51.16596,0.807954,0.99921,985.233333,1000.0,0.0,0.0,0.0,1.0,300,0,0,0,0.0,0.0,21094.859,26043.768,8801.338,"{""succeeded"": 300}","{""SUCCEEDED"": 300}",0,0,1200,1.775
E3,local,skew,1.0,priority+best_fit,109,33015.432,888.797417,4624.522,1680.497342,19.727128,0.969176,0.910174,0.899225,0.694822,67.477811,0.970087,0.998882,990.543333,1000.0,0.0,0.0,0.0,1.0,300,0,0,0,0.0,0.0,5082.296,5366.589,1859.143,"{""succeeded"": 300}","{""SUCCEEDED"": 300}",0,0,1200,1.633
E3,local,skew,1.0,priority+best_fit,110,35639.458,1202.454833,9881.496,2232.604204,13.421262,0.930716,0.885543,0.916031,0.693002,52.848569,0.936935,0.999007,994.1,1000.0,0.0,0.0,0.0,1.0,300,0,0,0,0.0,0.0,9881.496,13827.205,2579.331,"{""succeeded"": 300}","{""SUCCEEDED"": 300}",0,0,1200,1.7044
E3,local,skew,1.0,quota+first_fit,101,39006.209,1164.144783,5112.439,2075.426029,17.495786,0.874837,0.847568,0.946903,0.774734,54.026251,0.877956,0.998976,983.983333,1000.0,0.0,0.0,0.0,1.0,300,0,0,0,0.0,0.0,6525.349,3954.666,2597.443,"{""succeeded"": 300}","{""SUCCEEDED"": 300}",0,0,1200,1.6611
E3,local,skew,1.0,quota+first_fit,102,39651.72,135.217038,746.252,1102.234204,4.353038,0.966907,0.778941,0.975207,0.880926,64.146576,0.970068,0.999054,991.916667,1000.0,0.0,0.0,0.0,1.0,300,0,0,0,0.0,0.0,746.252,1419.117,618.33,"{""succeeded"": 300}","{""SUCCEEDED"": 300}",0,0,1200,1.3429
E3,local,skew,1.0,quota+first_fit,103,44790.798,1774.400388,12052.279,2930.888917,23.852384,0.948367,0.866864,0.895238,0.616884,78.864028,0.944364,0.999146,992.343333,1000.0,0.0,0.0,0.0,1.0,300,0,0,0,0.0,0.0,11150.447,26752.707,14194.267,"{""succeeded"": 300}","{""SUCCEEDED"": 300}",0,0,1200,1.6552
E3,local,skew,1.0,quota+first_fit,104,46828.363,625.409904,2993.664,1906.163892,8.549267,0.704568,0.839919,0.947761,0.832021,89.749299,0.72461,0.999196,996.653333,1000.0,0.0,0.0,0.0,1.0,300,0,0,0,0.0,0.0,4234.398,2256.004,2744.378,"{""succeeded"": 300}","{""SUCCEEDED"": 300}",0,0,1200,1.4019
E3,local,skew,1.0,quota+first_fit,105,47120.009,507.460438,2947.944,1704.535858,5.32541,0.979807,0.83256,0.957983,0.843527,106.631368,0.981388,0.999254,999.786667,1000.0,0.0,0.0,0.0,1.0,300,0,0,0,0.0,0.0,5313.509,675.507,2562.34,"{""succeeded"": 300}","{""SUCCEEDED"": 300}",0,0,1200,1.4106
E3,local,skew,1.0,quota+first_fit,106,34695.135,975.458579,6653.554,2026.417683,8.202471,0.964303,0.870156,0.945312,0.768138,47.795878,0.967873,0.998965,992.75,1000.0,0.0,0.0,0.0,1.0,300,0,0,0,0.0,0.0,7314.289,944.492,3377.93,"{""succeeded"": 300}","{""SUCCEEDED"": 300}",0,0,1200,1.7062
E3,local,skew,1.0,quota+first_fit,107,26058.654,281.767892,1720.7,973.74565,6.730323,0.892274,0.725193,0.976923,0.786469,33.731912,0.899216,0.998378,989.896667,1000.0,0.0,0.0,0.0,1.0,300,0,0,0,0.0,0.0,603.455,172.661,4093.846,"{""succeeded"": 300}","{""SUCCEEDED"": 300}",0,0,1200,1.4569
E3,local,skew,1.0,quota+first_fit,108,47898.27,2655.788738,20541.295,3850.969863,62.406962,0.774477,0.799881,0.782609,0.779474,44.292763,0.789679,0.99919,998.046667,1000.0,0.0,0.0,0.0,1.0,300,0,0,0,0.0,0.0,20996.785,25782.336,8643.702,"{""succeeded"": 300}","{""SUCCEEDED"": 300}",0,0,1200,1.6533
E3,local,skew,1.0,quota+first_fit,109,32712.167,797.749004,3833.468,1589.008775,17.620152,0.945729,0.879751,0.953488,0.707899,60.497195,0.945253,0.99889,989.2,1000.0,0.0,0.0,0.0,1.0,300,0,0,0,0.0,0.0,4415.047,1045.021,1551.397,"{""succeeded"": 300}","{""SUCCEEDED"": 300}",0,0,1200,1.4628
E3,local,skew,1.0,quota+first_fit,110,36926.505,1393.004117,10194.814,2426.0749,17.169133,0.948877,0.887905,0.908397,0.717847,50.589268,0.953957,0.999028,988.983333,1000.0,0.0,0.0,0.0,1.0,300,0,0,0,0.0,0.0,11663.249,12284.976,1712.493,"{""succeeded"": 300}","{""SUCCEEDED"": 300}",0,0,1200,1.7834
E3,local,skew,1.0,stub,101,46254.703,6499.960246,12265.232,7419.483592,135.101067,0.89966,0.753534,0.026549,0.550333,49.801457,0.901042,0.998963,998.573333,1000.0,0.0,0.0,0.0,1.0,300,0,0,0,0.0,0.0,12580.746,11180.128,12515.858,"{""succeeded"": 300}","{""SUCCEEDED"": 300}",0,0,1200,2.7215
E3,local,skew,1.0,stub,102,42779.657,1128.132221,2322.223,2094.486525,14.403766,0.986794,0.751248,0.884298,0.720912,65.932265,0.987945,0.999046,997.19,1000.0,0.0,0.0,0.0,1.0,300,0,0,0,0.0,0.0,2564.653,2546.904,2046.091,"{""succeeded"": 300}","{""SUCCEEDED"": 300}",0,0,1200,1.7901
E3,local,skew,1.0,stub,103,52052.705,8298.829583,13005.688,9459.757075,114.201062,0.834192,0.746208,0.095238,0.53171,69.226339,0.844755,0.999153,993.73,1000.0,0.0,0.0,0.0,1.0,300,0,0,0,0.0,0.0,12969.638,13463.672,13011.42,"{""succeeded"": 300}","{""SUCCEEDED"": 300}",0,0,1200,2.7411
E3,local,skew,1.0,stub,104,56985.432,4623.079525,10161.657,5909.372825,60.349426,0.95516,0.715997,0.350746,0.637849,65.888876,0.956001,0.9992,998.243333,1000.0,0.0,0.0,0.0,1.0,300,0,0,0,0.0,0.0,10025.048,10587.483,10245.437,"{""succeeded"": 300}","{""SUCCEEDED"": 300}",0,0,1200,2.4061
E3,local,skew,1.0,stub,105,51572.225,3622.542392,5403.924,4821.57115,34.401961,0.857167,0.811776,0.436975,0.522137,106.003937,0.836564,0.999268,994.52,1000.0,0.0,0.0,0.0,1.0,300,0,0,0,0.0,0.0,5689.044,4884.805,4810.981,"{""succeeded"": 300}","{""SUCCEEDED"": 300}",0,0,1200,2.3087
E3,local,skew,1.0,stub,106,42274.462,5707.086896,7519.749,6756.934975,35.885716,0.912293,0.69706,0.09375,0.577931,34.502668,0.914672,0.998949,1000.0,1000.0,0.0,0.0,0.0,1.0,300,0,0,0,0.0,0.0,7515.315,7519.749,7715.452,"{""succeeded"": 300}","{""SUCCEEDED"": 300}",0,0,1200,2.571
E3,local,skew,1.0,stub,107,27277.091,1724.421908,2540.74,2415.594317,26.356349,0.962147,0.705256,0.846154,0.585781,32.762258,0.965545,0.998341,1000.0,1000.0,0.0,0.0,0.0,1.0,300,0,0,0,0.0,0.0,2540.74,2422.2,2601.94,"{""succeeded"": 300}","{""SUCCEEDED"": 300}",0,0,1200,1.8186
E3,local,skew,1.0,stub,108,57199.047,8112.657567,18903.728,9313.280733,97.788469,0.856424,0.688186,0.304348,0.677706,37.104276,0.865022,0.999202,985.193333,1000.0,0.0,0.0,0.0,1.0,300,0,0,0,0.0,0.0,18903.728,18268.36,19211.861,"{""succeeded"": 300}","{""SUCCEEDED"": 300}",0,0,1200,2.249
E3,local,skew,1.0,stub,109,37464.087,3539.025567,6823.37,4327.080267,74.740747,0.937777,0.773583,0.364341,0.576349,52.116643,0.938171,0.998869,986.31,1000.0,0.0,0.0,0.0,1.0,300,0,0,0,0.0,0.0,7106.966,5816.71,5661.246,"{""succeeded"": 300}","{""SUCCEEDED"": 300}",0,0,1200,2.4079
E3,local,skew,1.0,stub,110,43892.806,4982.768338,8015.329,6020.586775,34.904467,0.997464,0.795971,0.305344,0.655207,39.486272,0.997316,0.999032,993.636667,1000.0,0.0,0.0,0.0,1.0,300,0,0,0,0.0,0.0,7950.497,8526.116,7607.09,"{""succeeded"": 300}","{""SUCCEEDED"": 300}",0,0,1200,2.325
E3,local,skew,1.0,priority+best_fit+preempt,101,40902.448,1149.649463,5621.363,2348.047204,40.413813,0.809315,0.908642,0.99115,0.753582,57.839466,0.818001,0.998769,993.35109,1000.0,2189.876513,10000.0,10000.0,1.0,413,0,0,113,48591.794,42240.0,7612.267,3986.224,1901.044,"{""preempted"": 113, ""succeeded"": 300}","{""SUCCEEDED"": 300}",0,0,1652,1.9435
E3,local,skew,1.0,priority+best_fit+preempt,102,41441.215,218.019208,631.991,1350.362479,3.667016,0.909055,0.800503,0.983471,0.834077,69.169069,0.913036,0.998909,987.081744,1000.0,1465.708447,10000.0,10000.0,1.0,367,0,0,67,27873.978,25440.0,631.991,1076.497,581.52,"{""preempted"": 67, ""succeeded"": 300}","{""SUCCEEDED"": 300}",0,0,1468,1.4564
E3,local,skew,1.0,priority+best_fit+preempt,103,46108.416,2354.283679,10728.653,3986.330742,28.061234,0.989617,0.957584,0.971429,0.659575,100.990679,0.990512,0.999022,991.237875,1000.0,2740.720554,10000.0,10000.0,1.0,433,0,0,133,49056.966,35760.0,10799.028,10501.31,6800.37,"{""preempted"": 133, ""succeeded"": 300}","{""SUCCEEDED"": 300}",0,0,1732,2.2734
E3,local,skew,1.0,priority+best_fit+preempt,104,50440.953,782.646446,4308.384,2319.158546,13.239525,0.80977,0.859753,0.977612,0.783038,92.738956,0.819794,0.999049,992.345845,1000.0,1837.453083,10000.0,10000.0,1.0,373,0,0,73,58024.8,31920.0,3703.933,840.854,4867.449,"{""preempted"": 73, ""succeeded"": 300}","{""SUCCEEDED"": 300}",0,0,1492,1.8568
E3,local,skew,1.0,priority+best_fit+preempt,105,46111.374,642.326625,3649.872,2126.175267,11.108235,0.854267,0.886792,0.983193,0.736367,118.438548,0.847254,0.999136,996.864499,1000.0,1647.197832,10000.0,10000.0,1.0,369,0,0,69,37994.006,25560.0,4948.218,1002.141,3649.872,"{""preempted"": 69, ""succeeded"": 300}","{""SUCCEEDED"": 300}",0,0,1476,1.7329
E3,local,skew,1.0,priority+best_fit+preempt,106,36407.848,967.929508,6370.361,2404.701992,12.807964,0.929959,0.940676,0.992188,0.789343,61.425965,0.935374,0.998662,987.461538,1000.0,2723.857143,10000.0,10000.0,1.0,455,0,0,155,54310.019,50640.0,8179.66,2532.735,3557.045,"{""preempted"": 155, ""succeeded"": 300}","{""SUCCEEDED"": 300}",0,0,1820,2.4013
E3,local,skew,1.0,priority+best_fit+preempt,107,26058.654,164.682762,1186.837,928.036025,6.811011,0.932456,0.79045,1.0,0.843385,40.950002,0.93779,0.998131,997.002817,1000.0,1333.425352,10000.0,10000.0,1.0,355,0,0,55,28737.014,28080.0,1144.674,300.461,2683.01,"{""preempted"": 55, ""succeeded"": 300}","{""SUCCEEDED"": 300}",0,0,1420,1.519
E3,local,skew,1.0,priority+best_fit+preempt,108,47873.719,3323.095975,17995.732,5315.464583,80.211797,0.85214,0.881591,0.904348,0.808378,56.570913,0.856897,0.999042,993.026379,1000.0,2649.28777,10000.0,10000.0,1.0,417,0,0,117,38606.173,34440.0,17995.732,21866.579,14994.323,"{""preempted"": 117, ""succeeded"": 300}","{""SUCCEEDED"": 300}",0,0,1668,2.4577
E3,local,skew,1.0,priority+best_fit+preempt,109,33465.136,1219.87215,6014.766,2300.625175,28.838115,0.976572,0.968882,0.96124,0.646698,76.314155,0.975994,0.998618,990.727689,1000.0,2705.121281,10000.0,10000.0,1.0,437,0,0,137,33944.06,39240.0,6014.766,7105.6,5308.844,"{""preempted"": 137, ""succeeded"": 300}","{""SUCCEEDED"": 300}",0,0,1748,2.4509
E3,local,skew,1.0,priority+best_fit+preempt,110,35976.211,2018.664075,9352.139,3613.561567,30.905303,0.99123,0.977191,0.969466,0.728088,63.816798,0.990782,0.998765,994.114823,1000.0,3121.219207,10000.0,10000.0,1.0,479,0,0,179,47795.71,44520.0,9964.991,8284.645,8018.323,"{""preempted"": 179, ""succeeded"": 300}","{""SUCCEEDED"": 300}",0,0,1916,2.8982
E3,local,skew,1.0,quota+first_fit+reclaim,101,40262.172,1208.153104,4944.114,2239.068321,16.852067,0.75208,0.816441,0.946903,0.832734,41.491593,0.768373,0.998885,993.853801,1000.0,936.295322,10000.0,10000.0,1.0,342,0,0,42,17957.611,14280.0,10348.694,3251.395,1160.157,"{""preempted"": 42, ""succeeded"": 300}","{""SUCCEEDED"": 300}",0,0,1368,1.7507
E3,local,skew,1.0,quota+first_fit+reclaim,102,40256.775,303.006571,704.255,1434.3936,4.487489,0.840031,0.790758,0.975207,0.896865,67.220338,0.855066,0.998988,980.939394,1000.0,819.136364,10000.0,10000.0,1.0,330,0,0,30,18108.348,13200.0,1028.658,511.261,128.024,"{""preempted"": 30, ""succeeded"": 300}","{""SUCCEEDED"": 300}",0,0,1320,1.3287
E3,local,skew,1.0,quota+first_fit+reclaim,103,45942.327,1592.715567,7104.801,2815.047354,22.955475,0.931145,0.876061,0.933333,0.616865,82.109948,0.928761,0.99909,991.193353,1000.0,845.283988,10000.0,10000.0,1.0,331,0,0,31,22020.298,13320.0,6065.232,28212.641,14013.043,"{""preempted"": 31, ""succeeded"": 300}","{""SUCCEEDED"": 300}",0,0,1324,1.5003
E3,local,skew,1.0,quota+first_fit+reclaim,104,46933.541,455.481142,1660.511,1825.765238,6.599018,0.843107,0.863872,0.970149,0.919718,93.186206,0.849511,0.999118,995.570997,1000.0,724.534743,10000.0,10000.0,1.0,331,0,0,31,23832.307,14040.0,1852.871,203.25,1228.807,"{""preempted"": 31, ""succeeded"": 300}","{""SUCCEEDED"": 300}",0,0,1324,1.2721
E3,local,skew,1.0,quota+first_fit+reclaim,105,48539.087,591.673712,2823.333,2052.380475,5.270718,0.824313,0.767361,0.983193,0.99342,85.673615,0.831372,0.999144,999.818697,1000.0,1371.33711,10000.0,10000.0,1.0,353,0,0,53,20371.681,16920.0,5328.315,10.0,10.0,"{""preempted"": 53, ""succeeded"": 300}","{""SUCCEEDED"": 300}",0,0,1412,1.3117
E3,local,skew,1.0,quota+first_fit+reclaim,106,36422.511,1229.064992,8544.212,2372.898129,14.112571,0.848952,0.878657,0.921875,0.829837,47.714612,0.864032,0.99879,988.43379,1000.0,2632.205479,10000.0,10000.0,1.0,438,0,0,138,30356.383,27600.0,10120.352,1166.844,4895.203,"{""preempted"": 138, ""succeeded"": 300}","{""SUCCEEDED"": 300}",0,0,1752,1.749
E3,local,skew,1.0,quota+first_fit+reclaim,107,26058.654,314.281054,1116.872,1047.717842,10.418002,0.875291,0.746698,0.984615,0.845991,35.169581,0.884657,0.998296,991.476489,1000.0,518.210031,8028.0,10000.0,1.0,319,0,0,19,25925.851,10560.0,1529.83,97.041,2776.069,"{""preempted"": 19, ""succeeded"": 300}","{""SUCCEEDED"": 300}",0,0,1276,1.2077
E3,local,skew,1.0,quota+first_fit+reclaim,108,48174.73,2145.295379,16918.257,3466.220892,50.232493,0.80588,0.836158,0.808696,0.855996,39.081351,0.818215,0.999156,996.103659,1000.0,700.082317,10000.0,10000.0,1.0,328,0,0,28,14751.218,8280.0,17956.615,26649.782,4342.231,"{""preempted"": 28, ""succeeded"": 300}","{""SUCCEEDED"": 300}",0,0,1312,1.5474
E3,local,skew,1.0,quota+first_fit+reclaim,109,32694.779,782.154083,3330.65,1615.387742,20.190603,0.952327,0.898487,0.96124,0.713342,63.173702,0.951691,0.998808,990.042683,1000.0,796.057927,10000.0,10000.0,1.0,328,0,0,28,8711.24,9120.0,3952.833,147.21,1551.397,"{""preempted"": 28, ""succeeded"": 300}","{""SUCCEEDED"": 300}",0,0,1312,1.5323
E3,local,skew,1.0,quota+first_fit+reclaim,110,36411.661,1408.889133,9792.609,2522.176608,17.079853,0.910549,0.906869,0.908397,0.781473,46.82857,0.913248,0.998933,994.267442,1000.0,1122.75,10000.0,10000.0,1.0,344,0,0,44,19500.98,15000.0,11979.936,3939.231,3104.399,"{""preempted"": 44, ""succeeded"": 300}","{""SUCCEEDED"": 300}",0,0,1376,1.7034
